9f5bf44e26649b24ff0f76c2b8a72fb0,3919cb5b34811b82f12b90d1552c6923,21f06c3742835eeccfcfa21d63d19cdf
e43ab876b18d87e76ccd0de75fc38400,2e68a55be700b54ae9d92efb2c52378c,2980c6e4253deb7bbcbbbebd5fb6c35b
1659e2140630266523f2048e2279f69c,26e4fdf85422aff13b255d88a77a35eb,fc9388ee551b20045fd32e3afc08d18e
8bede82bc7df81f5e2c19b014dfa7ab0,191cb7517f291f8ce4cd734b84cfec51,e3c59416adf34a1b0daac11b737ebaa9
b939791aba37a49d59a0c7f750af18fc,2f8ec25d11e8868ce052dab0bc2343d8,6dfe717b59538391aa3a323ece1591aa
e22eb0e6a7d38216ea4b9b6ba30cb466,2c823902f5607366ac44f7999987f983,8ec075b22904db972ca54ded09792387
8fc8591d293061cbb6b1983d7b48c0ef,18b46bac9c6404600cf555d4c282f64e,9f4dc38e79a4b350a7b8db84e26f80fb
c1b6b4b35da4ba7f39f2d11a65f3468c,26e4fdf85422aff13b255d88a77a35eb,fc9388ee551b20045fd32e3afc08d18e
2c99d4be04b3c8272eeedcaed0f4bf85,187b5e73bbf46bae049b6b89348708fe,09d639834ac86ae4b0ae4d539bbad6a2
defda70c1bc860c8cd540f60cdcd71ea,7e6383c5165f9fb4b8c052d62d859979,b32f7cdb0019ecc65df08215153157b3
1ce46964a9728226bd62f46a73a4125d,6cd37657c625d27ec6db0a72764b530a,40e191de4f80bcdc56c0b603c9b06427
69481f472c4138567dc9e677d6aee239,191cb7517f291f8ce4cd734b84cfec51,e3c59416adf34a1b0daac11b737ebaa9
8e8aa8313a9cd740184e2b6b85c6ab90,2c823902f5607366ac44f7999987f983,8ec075b22904db972ca54ded09792387
1c7601335e861c0ddf7815074d317e22,2c823902f5607366ac44f7999987f983,8ec075b22904db972ca54ded09792387
524d1eaf669dc2aa113ea4eb34a83eee,6cd37657c625d27ec6db0a72764b530a,40e191de4f80bcdc56c0b603c9b06427
58e9c73869e38f2cf57c2af80984f095,e4cccce30bcb06af61d070570ca1dbc8,48af117c503e7db30ab93d3192ec78bb
47e639140fdb7f079d65ca00c43ba60a,2f8ec25d11e8868ce052dab0bc2343d8,6dfe717b59538391aa3a323ece1591aa
a9bf0e598ec6d8dcecbf62f67067716a,a0b5478dfba810376edda3e5c8c6b0bd,2754c074ce7857bfb3cdcd83ddf08e05
560f1b529d0ae7ce0a8d5cca49267d91,2f8ec25d11e8868ce052dab0bc2343d8,6dfe717b59538391aa3a323ece1591aa
30af29443d4ce3a05072f2a851730e73,26e4fdf85422aff13b255d88a77a35eb,fc9388ee551b20045fd32e3afc08d18e
8f83fccef613104ecf80de438335e1c1,7e6383c5165f9fb4b8c052d62d859979,b32f7cdb0019ecc65df08215153157b3
e5dac78b889fa2fa9dcb3f621af2a651,e420805b4060f5fb06c0d0229a30819b,9883697e98f2a24de750f23f0b291864
059b433a1d50027f1378d991413b3a1f,2e68a55be700b54ae9d92efb2c52378c,2980c6e4253deb7bbcbbbebd5fb6c35b
a815863dcf2bdd9be21cb9c830cd8708,520b3f55ccb0522f3e6060ef1835d6e1,972e05f7aca2177ddc5e07c0afb3cbcb
c3d3c56b8e8a330fc4553d857970924c,2c823902f5607366ac44f7999987f983,8ec075b22904db972ca54ded09792387
55330a223c9934fa02f0972152d6335f,80a89045356efd2f77124bd87dbd0e10,2e4a055e7b9caf610fd2e4c7df8ccb46
b46c2c47308770f1e9fc636f6598ee96,6cd37657c625d27ec6db0a72764b530a,40e191de4f80bcdc56c0b603c9b06427
45213fac5d46ad4690a97a29b8383cba,2f8ec25d11e8868ce052dab0bc2343d8,6dfe717b59538391aa3a323ece1591aa
6c6c6bc83e06d66eee3cc206283f6015,26e4fdf85422aff13b255d88a77a35eb,fc9388ee551b20045fd32e3afc08d18e
79c284b11549ddbc3fb2a60e6f249f14,e4cccce30bcb06af61d070570ca1dbc8,48af117c503e7db30ab93d3192ec78bb
7a388f8c265653da4bd050b503720c5d,e4cccce30bcb06af61d070570ca1dbc8,48af117c503e7db30ab93d3192ec78bb
e7e71a9b3ef2255001a74a4fcdcc438d,26e4fdf85422aff13b255d88a77a35eb,fc9388ee551b20045fd32e3afc08d18e
b1d2bb905e46e2b6d0e5c059e1fe271d,e420805b4060f5fb06c0d0229a30819b,9883697e98f2a24de750f23f0b291864
c1ef8ad02811455dfe53894e2f6c2952,e420805b4060f5fb06c0d0229a30819b,9883697e98f2a24de750f23f0b291864
b654c8cb83bd90de340f61199222e059,26e4fdf85422aff13b255d88a77a35eb,fc9388ee551b20045fd32e3afc08d18e
d6707350b722797e95e913c49a8bbbf3,26e4fdf85422aff13b255d88a77a35eb,fc9388ee551b20045fd32e3afc08d18e
fde98833ce47a91582ec4b2a9a7ed088,80a89045356efd2f77124bd87dbd0e10,2e4a055e7b9caf610fd2e4c7df8ccb46
dbddb58e8f7e5e2615085b894b3073bb,e4cccce30bcb06af61d070570ca1dbc8,48af117c503e7db30ab93d3192ec78bb
10e02b4fe5e89c7b3767ccfc4eaa725b,520b3f55ccb0522f3e6060ef1835d6e1,972e05f7aca2177ddc5e07c0afb3cbcb
bd49655d50d65c45adc54d25bc77d17d,80a89045356efd2f77124bd87dbd0e10,2e4a055e7b9caf610fd2e4c7df8ccb46
43806a1011b262d129c5e66bd36e2760,520b3f55ccb0522f3e6060ef1835d6e1,972e05f7aca2177ddc5e07c0afb3cbcb
990581693824ae363dd3683d8fd0e3b7,80a89045356efd2f77124bd87dbd0e10,2e4a055e7b9caf610fd2e4c7df8ccb46
c69aeb794c110847e861fc4ee4b6d185,18b46bac9c6404600cf555d4c282f64e,9f4dc38e79a4b350a7b8db84e26f80fb
d0e1b4b585ddeb7581d073716c6f636e,a0b5478dfba810376edda3e5c8c6b0bd,2754c074ce7857bfb3cdcd83ddf08e05
08066e56f5b6efa9c33517c98bc7e5d8,191cb7517f291f8ce4cd734b84cfec51,e3c59416adf34a1b0daac11b737ebaa9
96576935d9c81c59286e720166deae96,18b46bac9c6404600cf555d4c282f64e,9f4dc38e79a4b350a7b8db84e26f80fb
ebfe30bde1fd4d1df41fdaae497f8d5a,113e683c4aeb6e1740e95381f58801fe,6c20b77f935c89800cebb38d73419fe7
c37789a2f668dc1d788e7a86b410872b,113e683c4aeb6e1740e95381f58801fe,6c20b77f935c89800cebb38d73419fe7
5886c9d6707241b792c9843f14bba7ef,2e68a55be700b54ae9d92efb2c52378c,2980c6e4253deb7bbcbbbebd5fb6c35b
f3397529231c53d362c0ac2f430bee7d,520b3f55ccb0522f3e6060ef1835d6e1,972e05f7aca2177ddc5e07c0afb3cbcb
fed6489e2f786b47c0136ad0c3cbb141,e420805b4060f5fb06c0d0229a30819b,9883697e98f2a24de750f23f0b291864
ba931983836f4c436fea73b96cea96ff,a0b5478dfba810376edda3e5c8c6b0bd,2754c074ce7857bfb3cdcd83ddf08e05
cae8c22af4b58888af4cadb18144e862,2e68a55be700b54ae9d92efb2c52378c,2980c6e4253deb7bbcbbbebd5fb6c35b
1c0df49db363bdb8f2b88d2ede20dcec,26e4fdf85422aff13b255d88a77a35eb,fc9388ee551b20045fd32e3afc08d18e
f5ce1a1a33e11e580d339fc96cd25197,2c823902f5607366ac44f7999987f983,8ec075b22904db972ca54ded09792387
614568a9fa9a8afa1b4932d1dcf900bd,e420805b4060f5fb06c0d0229a30819b,9883697e98f2a24de750f23f0b291864
de0ba697a48dc53ae99282ae77a485e9,191cb7517f291f8ce4cd734b84cfec51,e3c59416adf34a1b0daac11b737ebaa9
f92fb1a06baae03d3743959a843fd995,7e6383c5165f9fb4b8c052d62d859979,b32f7cdb0019ecc65df08215153157b3
6c701181815521f6a81d52f1109f6215,80a89045356efd2f77124bd87dbd0e10,2e4a055e7b9caf610fd2e4c7df8ccb46
13226376cbf6e6c40d0e9300eef52cb6,2e68a55be700b54ae9d92efb2c52378c,2980c6e4253deb7bbcbbbebd5fb6c35b
4b5acda2a8af3629af94466e30e5b1bd,80a89045356efd2f77124bd87dbd0e10,2e4a055e7b9caf610fd2e4c7df8ccb46
869923490a2ab2f01fb193c4def2c984,2f8ec25d11e8868ce052dab0bc2343d8,6dfe717b59538391aa3a323ece1591aa
bc5ecfa05a08527a295c9e18c7473cf3,e4cccce30bcb06af61d070570ca1dbc8,48af117c503e7db30ab93d3192ec78bb
5dc32f009b7541f29b67dddccadc5615,6cd37657c625d27ec6db0a72764b530a,40e191de4f80bcdc56c0b603c9b06427
102eaa174b561e809a39214c39002930,18b46bac9c6404600cf555d4c282f64e,9f4dc38e79a4b350a7b8db84e26f80fb
3d8aa828133b32b90b01ed30ffb32909,2f8ec25d11e8868ce052dab0bc2343d8,6dfe717b59538391aa3a323ece1591aa
0e9789afce4fdaec66e2dbc64cdf1efb,e4cccce30bcb06af61d070570ca1dbc8,48af117c503e7db30ab93d3192ec78bb
f260e0f90d009e8fd17404d27296e815,2c823902f5607366ac44f7999987f983,8ec075b22904db972ca54ded09792387
a384909a97e93caa34b9e180cc8c47ef,80a89045356efd2f77124bd87dbd0e10,2e4a055e7b9caf610fd2e4c7df8ccb46
18f1c909cb67a1f19c3c13be82ec84da,520b3f55ccb0522f3e6060ef1835d6e1,972e05f7aca2177ddc5e07c0afb3cbcb
ab78036c8f6a54d0570c31cef1075274,ba9080b7f2dbdd256d2d990522c593a7,dee343c76cf870e957590f70263e93b0
bd838ee35d58569143e6742e9c46ea06,520b3f55ccb0522f3e6060ef1835d6e1,972e05f7aca2177ddc5e07c0afb3cbcb
5647fcdc9f07b22341101b5fe3676caa,e420805b4060f5fb06c0d0229a30819b,9883697e98f2a24de750f23f0b291864
25b164ec1ef41ad845b4fd8f6f39b155,2f8ec25d11e8868ce052dab0bc2343d8,6dfe717b59538391aa3a323ece1591aa
e1133a29ef6801c3948637c1d17bc3a4,113e683c4aeb6e1740e95381f58801fe,6c20b77f935c89800cebb38d73419fe7
4c6b6846b781b984c7b60d577f86210c,6cd37657c625d27ec6db0a72764b530a,40e191de4f80bcdc56c0b603c9b06427
e34a88f2f0c3d31fdda30f4162ba1810,520b3f55ccb0522f3e6060ef1835d6e1,972e05f7aca2177ddc5e07c0afb3cbcb
ceaf9ae7fb2ffa83411f5175f0fca550,2e68a55be700b54ae9d92efb2c52378c,2980c6e4253deb7bbcbbbebd5fb6c35b
d1998fdc95039a5707e730728403620f,80a89045356efd2f77124bd87dbd0e10,2e4a055e7b9caf610fd2e4c7df8ccb46
4fe4680db00380904c5fd9a15af719f0,e4cccce30bcb06af61d070570ca1dbc8,48af117c503e7db30ab93d3192ec78bb
b6439e8683bdba0877f100addd14db98,26e4fdf85422aff13b255d88a77a35eb,fc9388ee551b20045fd32e3afc08d18e
121cbf705a4896d6c9724a01b4bd45ec,2f8ec25d11e8868ce052dab0bc2343d8,6dfe717b59538391aa3a323ece1591aa
ef7cecaa88f2c5583444edc6ff8a5863,80a89045356efd2f77124bd87dbd0e10,2e4a055e7b9caf610fd2e4c7df8ccb46
578bb5a4ee66a581d748e802f84635f7,ba9080b7f2dbdd256d2d990522c593a7,dee343c76cf870e957590f70263e93b0
dd76d98cb9ed78003f9e9f5bad51a7c7,113e683c4aeb6e1740e95381f58801fe,6c20b77f935c89800cebb38d73419fe7
3dd8758b77fc28580b35986040157d98,80a89045356efd2f77124bd87dbd0e10,2e4a055e7b9caf610fd2e4c7df8ccb46
017cf169ba8d637106acac525134bd34,26e4fdf85422aff13b255d88a77a35eb,fc9388ee551b20045fd32e3afc08d18e
dfa377b406831f26cdec447d2741f945,6cd37657c625d27ec6db0a72764b530a,40e191de4f80bcdc56c0b603c9b06427
e04bdc494d89b7ddb06220c4bb04e706,2e68a55be700b54ae9d92efb2c52378c,2980c6e4253deb7bbcbbbebd5fb6c35b
5b5898f091abf6fa460badfa1c88e376,18b46bac9c6404600cf555d4c282f64e,9f4dc38e79a4b350a7b8db84e26f80fb
86fab0ca913adcaabf45e166e01ee692,a0b5478dfba810376edda3e5c8c6b0bd,2754c074ce7857bfb3cdcd83ddf08e05
c2b9421947c51d493286e888555b956d,7e6383c5165f9fb4b8c052d62d859979,b32f7cdb0019ecc65df08215153157b3
142827c1fccc0f6bc51659c4add6706b,a0b5478dfba810376edda3e5c8c6b0bd,2754c074ce7857bfb3cdcd83ddf08e05
a05b3961e8257a8b92a6a2c0a2b9fd01,ba9080b7f2dbdd256d2d990522c593a7,dee343c76cf870e957590f70263e93b0
d89403180605e6166594be62ff3aeff4,6cd37657c625d27ec6db0a72764b530a,40e191de4f80bcdc56c0b603c9b06427
738c5a5d2b4c461fa460b27cf56d65ca,191cb7517f291f8ce4cd734b84cfec51,e3c59416adf34a1b0daac11b737ebaa9
7fa7f44041bd93c9ed497c1da2a5cdcc,26e4fdf85422aff13b255d88a77a35eb,fc9388ee551b20045fd32e3afc08d18e
16b1399f87ff8faacd48e5ef393ea5a0,2e68a55be700b54ae9d92efb2c52378c,2980c6e4253deb7bbcbbbebd5fb6c35b
5472eb3a619dbbeba814aa8aa72288c1,2c823902f5607366ac44f7999987f983,8ec075b22904db972ca54ded09792387
587efbbbe0818350e7bf6393c74d872c,191cb7517f291f8ce4cd734b84cfec51,e3c59416adf34a1b0daac11b737ebaa9
ef19877804ce80e92d4887f71a12262c,187b5e73bbf46bae049b6b89348708fe,09d639834ac86ae4b0ae4d539bbad6a2
bad4e11b1413f06dca8dfa8d4f511a53,80a89045356efd2f77124bd87dbd0e10,2e4a055e7b9caf610fd2e4c7df8ccb46
a5b0685668a547040473bca9226b66ea,18b46bac9c6404600cf555d4c282f64e,9f4dc38e79a4b350a7b8db84e26f80fb
cd6570482cac6564e1c8bf771ade2cae,a0b5478dfba810376edda3e5c8c6b0bd,2754c074ce7857bfb3cdcd83ddf08e05
66b94f65676da66eaa8ac6e93b7a090a,6cd37657c625d27ec6db0a72764b530a,40e191de4f80bcdc56c0b603c9b06427
0c81a5bbfd718eba38ec64dd3e377740,187b5e73bbf46bae049b6b89348708fe,09d639834ac86ae4b0ae4d539bbad6a2
b773a970ea21cc8de2a16f51a36df0d5,a0b5478dfba810376edda3e5c8c6b0bd,2754c074ce7857bfb3cdcd83ddf08e05
b4a45ee93c841fcfbcada69d9c3f105f,ba9080b7f2dbdd256d2d990522c593a7,dee343c76cf870e957590f70263e93b0
fb10c98d1f39711209aaa047fee58de2,18b46bac9c6404600cf555d4c282f64e,9f4dc38e79a4b350a7b8db84e26f80fb
1d5366f9a1f7d9a07a82babf4b5450d9,e420805b4060f5fb06c0d0229a30819b,9883697e98f2a24de750f23f0b291864
21a67ea9bb4c4bc2a975502cc755a977,187b5e73bbf46bae049b6b89348708fe,09d639834ac86ae4b0ae4d539bbad6a2
62a76dddc3c697369f43acd94cc74c15,18b46bac9c6404600cf555d4c282f64e,9f4dc38e79a4b350a7b8db84e26f80fb
b02d02d5d5a22895daeaab99f67542a3,2e68a55be700b54ae9d92efb2c52378c,2980c6e4253deb7bbcbbbebd5fb6c35b
02da441498f76dae0f99f5c4fa67df10,187b5e73bbf46bae049b6b89348708fe,09d639834ac86ae4b0ae4d539bbad6a2
68bdf3178910564c8d9bf4cbe7936520,113e683c4aeb6e1740e95381f58801fe,6c20b77f935c89800cebb38d73419fe7
547f96c20dbf3339bba019e0a5aa2419,520b3f55ccb0522f3e6060ef1835d6e1,972e05f7aca2177ddc5e07c0afb3cbcb
a600b138a89482d3b2b157fea0f8166a,ba9080b7f2dbdd256d2d990522c593a7,dee343c76cf870e957590f70263e93b0
60ceb7b7a1c4fb91500dd3f3cf162788,113e683c4aeb6e1740e95381f58801fe,6c20b77f935c89800cebb38d73419fe7
f48c2c70928903bf356fa89445f239cf,2c823902f5607366ac44f7999987f983,8ec075b22904db972ca54ded09792387
e4c26f28df536a995f6f0adc76911a50,18b46bac9c6404600cf555d4c282f64e,9f4dc38e79a4b350a7b8db84e26f80fb
a11d6abeb7e86cf2d3e7d7a43ca759b0,80a89045356efd2f77124bd87dbd0e10,2e4a055e7b9caf610fd2e4c7df8ccb46
9852d5ac4ef5c7dcc175b8cc3f8d1706,520b3f55ccb0522f3e6060ef1835d6e1,972e05f7aca2177ddc5e07c0afb3cbcb
161bd6b7e49b35a9d389abef55c5514d,80a89045356efd2f77124bd87dbd0e10,2e4a055e7b9caf610fd2e4c7df8ccb46
2598f6f9e5e46e48480c20c9abf1294b,ba9080b7f2dbdd256d2d990522c593a7,dee343c76cf870e957590f70263e93b0
acbd98c82a173985cc74dae42fd0e5ef,2c823902f5607366ac44f7999987f983,8ec075b22904db972ca54ded09792387
f5b59f2df60b13726ac90cc0f5fff7d1,ba9080b7f2dbdd256d2d990522c593a7,dee343c76cf870e957590f70263e93b0
eb070f6892501b7db884821c0d8cc873,e4cccce30bcb06af61d070570ca1dbc8,48af117c503e7db30ab93d3192ec78bb
475310f72513393e9884e637907c77e7,a0b5478dfba810376edda3e5c8c6b0bd,2754c074ce7857bfb3cdcd83ddf08e05
c51fff3099a4dfe748dfd6cea33071a6,113e683c4aeb6e1740e95381f58801fe,6c20b77f935c89800cebb38d73419fe7
f6b107a5227ce1c0eedb635bc1358046,2f8ec25d11e8868ce052dab0bc2343d8,6dfe717b59538391aa3a323ece1591aa
311c6f7c81732040b0d72456cecbf390,18b46bac9c6404600cf555d4c282f64e,9f4dc38e79a4b350a7b8db84e26f80fb
91d350fd34af7a3d761284103c9bcdf6,2f8ec25d11e8868ce052dab0bc2343d8,6dfe717b59538391aa3a323ece1591aa
5296a656c908c7ff3d7d66bd22100bf5,80a89045356efd2f77124bd87dbd0e10,2e4a055e7b9caf610fd2e4c7df8ccb46
94056ae5d0c649a473c38b86d702ae03,e4cccce30bcb06af61d070570ca1dbc8,48af117c503e7db30ab93d3192ec78bb
d519d0806d3086e04ad0e9911a14f14e,26e4fdf85422aff13b255d88a77a35eb,fc9388ee551b20045fd32e3afc08d18e
a92c3773642ea90362461e9cc2d48cbf,7e6383c5165f9fb4b8c052d62d859979,b32f7cdb0019ecc65df08215153157b3
405a0c7e58dd2def35cf513054122c79,26e4fdf85422aff13b255d88a77a35eb,fc9388ee551b20045fd32e3afc08d18e
512a1cbf267160cd077c845eeac65637,e4cccce30bcb06af61d070570ca1dbc8,48af117c503e7db30ab93d3192ec78bb
a8d81bbd3e615c2e108aaae8cc72f9a7,26e4fdf85422aff13b255d88a77a35eb,fc9388ee551b20045fd32e3afc08d18e
d234627857e1ae33a28d75897467ee89,80a89045356efd2f77124bd87dbd0e10,2e4a055e7b9caf610fd2e4c7df8ccb46
7a1ae5cb643409934aa4270e53644e18,6cd37657c625d27ec6db0a72764b530a,40e191de4f80bcdc56c0b603c9b06427
b79656eb0793fcc851cd9d1421c012f7,26e4fdf85422aff13b255d88a77a35eb,fc9388ee551b20045fd32e3afc08d18e
cf1d1526c4bf4760ba9618b7cae9df08,187b5e73bbf46bae049b6b89348708fe,09d639834ac86ae4b0ae4d539bbad6a2
9688eccba2a07d8a5d4ac67c9e1c33d5,ba9080b7f2dbdd256d2d990522c593a7,dee343c76cf870e957590f70263e93b0
190136bb47158409e3004393df9696de,520b3f55ccb0522f3e6060ef1835d6e1,972e05f7aca2177ddc5e07c0afb3cbcb
deb9a0d4000f8742bfcd01e820da8a10,187b5e73bbf46bae049b6b89348708fe,09d639834ac86ae4b0ae4d539bbad6a2
104421438cea976a499f9fb5201fd953,e420805b4060f5fb06c0d0229a30819b,9883697e98f2a24de750f23f0b291864
7b1e4c04918044b7764c7813986537f7,80a89045356efd2f77124bd87dbd0e10,2e4a055e7b9caf610fd2e4c7df8ccb46
e9c995940deaf41f05fc2f77053113b6,520b3f55ccb0522f3e6060ef1835d6e1,972e05f7aca2177ddc5e07c0afb3cbcb
5b60b229e603c397edc9c3ba19ac7f93,18b46bac9c6404600cf555d4c282f64e,9f4dc38e79a4b350a7b8db84e26f80fb
ff9d0969ebf4e3a6435f65a0114c0782,80a89045356efd2f77124bd87dbd0e10,2e4a055e7b9caf610fd2e4c7df8ccb46
0d6eac7e0c87f4b531fbd0bc3c586748,113e683c4aeb6e1740e95381f58801fe,6c20b77f935c89800cebb38d73419fe7
3eb254f53ce96d697e5bb13a650449a2,191cb7517f291f8ce4cd734b84cfec51,e3c59416adf34a1b0daac11b737ebaa9
63bf943a0f5613444413bef24c3bff51,a0b5478dfba810376edda3e5c8c6b0bd,2754c074ce7857bfb3cdcd83ddf08e05
afb24b0290f815d25c5dbac55a9a0b09,80a89045356efd2f77124bd87dbd0e10,2e4a055e7b9caf610fd2e4c7df8ccb46
4e5bf27275c89e5e5028fb2f016775cc,18b46bac9c6404600cf555d4c282f64e,9f4dc38e79a4b350a7b8db84e26f80fb
4dd10c4dfef525c714f9bf6e1d188a38,e4cccce30bcb06af61d070570ca1dbc8,48af117c503e7db30ab93d3192ec78bb
fdfda4641af1926bf6cf4634c364d969,26e4fdf85422aff13b255d88a77a35eb,fc9388ee551b20045fd32e3afc08d18e
7da16dc95df6a1ff3ab24706013b3d33,ba9080b7f2dbdd256d2d990522c593a7,dee343c76cf870e957590f70263e93b0
691797648fc4be1a9b3a064c678b808e,191cb7517f291f8ce4cd734b84cfec51,e3c59416adf34a1b0daac11b737ebaa9
26e4fdf85422aff13b255d88a77a35eb,2e68a55be700b54ae9d92efb2c52378c,2980c6e4253deb7bbcbbbebd5fb6c35b
6a491419878227a629a1ebc18969cf01,a0b5478dfba810376edda3e5c8c6b0bd,2754c074ce7857bfb3cdcd83ddf08e05
9bad4095ab34ae299854fec95a71f795,e420805b4060f5fb06c0d0229a30819b,9883697e98f2a24de750f23f0b291864
03e9f5da408b7981ed1f9b3ba86ec8d8,520b3f55ccb0522f3e6060ef1835d6e1,972e05f7aca2177ddc5e07c0afb3cbcb
b4cba8984d5e4db86601769d81b31a0e,ba9080b7f2dbdd256d2d990522c593a7,dee343c76cf870e957590f70263e93b0
488605cd7db0bcba6bbad7ffce1d29e0,191cb7517f291f8ce4cd734b84cfec51,e3c59416adf34a1b0daac11b737ebaa9
692f91d88605a1cd39655f2d551b2eb7,2e68a55be700b54ae9d92efb2c52378c,2980c6e4253deb7bbcbbbebd5fb6c35b
886111accf04341a241fe0714d4c6162,a0b5478dfba810376edda3e5c8c6b0bd,2754c074ce7857bfb3cdcd83ddf08e05
9f469a83c046d59998280900352cc7a6,ba9080b7f2dbdd256d2d990522c593a7,dee343c76cf870e957590f70263e93b0
36db4b2d3592b14dad549d03f333d301,80a89045356efd2f77124bd87dbd0e10,2e4a055e7b9caf610fd2e4c7df8ccb46
4bf0307444270f7532732ac745a66f07,e4cccce30bcb06af61d070570ca1dbc8,48af117c503e7db30ab93d3192ec78bb
5bd1a9d2fec836cd04c07fa0ce804f4c,e4cccce30bcb06af61d070570ca1dbc8,48af117c503e7db30ab93d3192ec78bb
9a4e484c01ad80a12961d064a8f01a13,191cb7517f291f8ce4cd734b84cfec51,e3c59416adf34a1b0daac11b737ebaa9
3f8d06e7646d66b179b33496e9b0a8b8,2c823902f5607366ac44f7999987f983,8ec075b22904db972ca54ded09792387
61c0fd25777773232dac0da21c653286,6cd37657c625d27ec6db0a72764b530a,40e191de4f80bcdc56c0b603c9b06427
b6ab45c1081b765d16ff1de485f3b9b4,191cb7517f291f8ce4cd734b84cfec51,e3c59416adf34a1b0daac11b737ebaa9
960ab2a5713fd7ceb799b26430797987,26e4fdf85422aff13b255d88a77a35eb,fc9388ee551b20045fd32e3afc08d18e
8659505acd7e85ba5856f8f92a654c64,ba9080b7f2dbdd256d2d990522c593a7,dee343c76cf870e957590f70263e93b0
c07557bd4e6acff3d16ddb5183f850cb,18b46bac9c6404600cf555d4c282f64e,9f4dc38e79a4b350a7b8db84e26f80fb
cc4c77e5e0789eedb430899a6bbab13d,a0b5478dfba810376edda3e5c8c6b0bd,2754c074ce7857bfb3cdcd83ddf08e05
401240460c9f8309091ccd3ead42c737,191cb7517f291f8ce4cd734b84cfec51,e3c59416adf34a1b0daac11b737ebaa9
9758c14850335c4e080cec07f00271f4,7e6383c5165f9fb4b8c052d62d859979,b32f7cdb0019ecc65df08215153157b3
6cab24f7baaef1070fd59483ee294a5e,80a89045356efd2f77124bd87dbd0e10,2e4a055e7b9caf610fd2e4c7df8ccb46
77c003201c4fa9ccd877c19586c5a7d5,e4cccce30bcb06af61d070570ca1dbc8,48af117c503e7db30ab93d3192ec78bb
9bc5c700f48498f7a9fb7de9b9a57191,113e683c4aeb6e1740e95381f58801fe,6c20b77f935c89800cebb38d73419fe7
f1661ee62a996e93fb7a4613c111d8e4,26e4fdf85422aff13b255d88a77a35eb,fc9388ee551b20045fd32e3afc08d18e
9e75ab74aba8759d61b4ba371ae77dd8,113e683c4aeb6e1740e95381f58801fe,6c20b77f935c89800cebb38d73419fe7
c8388243a3eb6cc25fe1b8779e4a2595,26e4fdf85422aff13b255d88a77a35eb,fc9388ee551b20045fd32e3afc08d18e
9f352d266cc731f1474352a0c5988931,a0b5478dfba810376edda3e5c8c6b0bd,2754c074ce7857bfb3cdcd83ddf08e05
4eb27cdb34bc8b4517df68615c1c4190,113e683c4aeb6e1740e95381f58801fe,6c20b77f935c89800cebb38d73419fe7
187b5e73bbf46bae049b6b89348708fe,2e68a55be700b54ae9d92efb2c52378c,2980c6e4253deb7bbcbbbebd5fb6c35b
798bc4ce96a2bfa46f9c496c1ced87df,e420805b4060f5fb06c0d0229a30819b,9883697e98f2a24de750f23f0b291864
db79ac07ef71209a872492d8a891d594,26e4fdf85422aff13b255d88a77a35eb,fc9388ee551b20045fd32e3afc08d18e
0d1c76e97e21610a8754c05659867bce,6cd37657c625d27ec6db0a72764b530a,40e191de4f80bcdc56c0b603c9b06427
bd60dbd7c086b0b435af41f443b7774d,191cb7517f291f8ce4cd734b84cfec51,e3c59416adf34a1b0daac11b737ebaa9
1f77fe4180b9324fd261e60e0bbe794a,80a89045356efd2f77124bd87dbd0e10,2e4a055e7b9caf610fd2e4c7df8ccb46
67f6085dc6a6b6b3dd4a44f801a1eb24,80a89045356efd2f77124bd87dbd0e10,2e4a055e7b9caf610fd2e4c7df8ccb46
b81b3766cca46f5b803b04250eae9928,520b3f55ccb0522f3e6060ef1835d6e1,972e05f7aca2177ddc5e07c0afb3cbcb
9f4258c4d4c63d1dce5a606ee0c64706,113e683c4aeb6e1740e95381f58801fe,6c20b77f935c89800cebb38d73419fe7
e9c4a6a8790028d17af82ceabf98feeb,7e6383c5165f9fb4b8c052d62d859979,b32f7cdb0019ecc65df08215153157b3
fda767469d69e63ba043dfa5e7a1f4c0,113e683c4aeb6e1740e95381f58801fe,6c20b77f935c89800cebb38d73419fe7
b78ffb86d12f5a7b0f67ffda5e1412a3,ba9080b7f2dbdd256d2d990522c593a7,dee343c76cf870e957590f70263e93b0
cd4fb841c31f2adb8701dbfd225d64c9,520b3f55ccb0522f3e6060ef1835d6e1,972e05f7aca2177ddc5e07c0afb3cbcb
9dc7e08dc609518f3988f81737b0c54f,191cb7517f291f8ce4cd734b84cfec51,e3c59416adf34a1b0daac11b737ebaa9
55d2c0de2e1564ee545ca6658a20cbbb,18b46bac9c6404600cf555d4c282f64e,9f4dc38e79a4b350a7b8db84e26f80fb
f41ca3c79ac51ead1cc618592206d3ed,e420805b4060f5fb06c0d0229a30819b,9883697e98f2a24de750f23f0b291864
228a59ed946ca7a49167be8f686730ce,a0b5478dfba810376edda3e5c8c6b0bd,2754c074ce7857bfb3cdcd83ddf08e05
a7baf8644481dd367a71f5883f765b26,ba9080b7f2dbdd256d2d990522c593a7,dee343c76cf870e957590f70263e93b0
6c382213e7d2c9e7447c8ccff9384b26,191cb7517f291f8ce4cd734b84cfec51,e3c59416adf34a1b0daac11b737ebaa9
6823c6d266f491fef1728e7fb4628641,26e4fdf85422aff13b255d88a77a35eb,fc9388ee551b20045fd32e3afc08d18e
5a891dbc30f94a75ad096a96d92f8067,2e68a55be700b54ae9d92efb2c52378c,2980c6e4253deb7bbcbbbebd5fb6c35b
f9666df17210d2343affb5a429754c9c,80a89045356efd2f77124bd87dbd0e10,2e4a055e7b9caf610fd2e4c7df8ccb46
0437f8104ba82e3494897de1d269d609,80a89045356efd2f77124bd87dbd0e10,2e4a055e7b9caf610fd2e4c7df8ccb46
31f1c2a0a88a0087137da4f49577a11f,ba9080b7f2dbdd256d2d990522c593a7,dee343c76cf870e957590f70263e93b0
e57d2e54d206c971236c6a3532d0182f,e420805b4060f5fb06c0d0229a30819b,9883697e98f2a24de750f23f0b291864
975def181c432bc157e6630c088ae120,a0b5478dfba810376edda3e5c8c6b0bd,2754c074ce7857bfb3cdcd83ddf08e05
9a11123781d57bd69a5d5f9b0e8a7605,7e6383c5165f9fb4b8c052d62d859979,b32f7cdb0019ecc65df08215153157b3
f10b6f72c53ea33524f9758882da2ebf,2f8ec25d11e8868ce052dab0bc2343d8,6dfe717b59538391aa3a323ece1591aa
93e5724b837718d4710a88b63075e503,26e4fdf85422aff13b255d88a77a35eb,fc9388ee551b20045fd32e3afc08d18e
5c67734ec622afed050348851d65881a,2c823902f5607366ac44f7999987f983,8ec075b22904db972ca54ded09792387
62c6eae079689c5edcf8a9199a2f9fc6,6cd37657c625d27ec6db0a72764b530a,40e191de4f80bcdc56c0b603c9b06427
570e747fc48fe6121738e125dd0e3679,187b5e73bbf46bae049b6b89348708fe,09d639834ac86ae4b0ae4d539bbad6a2
5d57585395d4db292b55bb098d63bd76,113e683c4aeb6e1740e95381f58801fe,6c20b77f935c89800cebb38d73419fe7
4aa5d6bbcf0d8f88193d4dcf78de6879,2f8ec25d11e8868ce052dab0bc2343d8,6dfe717b59538391aa3a323ece1591aa
36ab54de133f3b2459c34354c3d5dc32,6cd37657c625d27ec6db0a72764b530a,40e191de4f80bcdc56c0b603c9b06427
f73a1082fcbc888d3347097397de8eeb,e4cccce30bcb06af61d070570ca1dbc8,48af117c503e7db30ab93d3192ec78bb
2f8ec25d11e8868ce052dab0bc2343d8,520b3f55ccb0522f3e6060ef1835d6e1,972e05f7aca2177ddc5e07c0afb3cbcb
e00602936fd39499c3831f1a1619ec6b,520b3f55ccb0522f3e6060ef1835d6e1,972e05f7aca2177ddc5e07c0afb3cbcb
17203838d75c55dc9303c2b9822bf1a1,2f8ec25d11e8868ce052dab0bc2343d8,6dfe717b59538391aa3a323ece1591aa
60cfd1e3a3f623f6de160692248f462a,e420805b4060f5fb06c0d0229a30819b,9883697e98f2a24de750f23f0b291864
7cf40dfaa3bb553b3a39b69a754b099f,e4cccce30bcb06af61d070570ca1dbc8,48af117c503e7db30ab93d3192ec78bb
020bd7f6db7ce40fb4afc937a0b8d979,520b3f55ccb0522f3e6060ef1835d6e1,972e05f7aca2177ddc5e07c0afb3cbcb
6f074cce0f08945408f9d8657580b047,520b3f55ccb0522f3e6060ef1835d6e1,972e05f7aca2177ddc5e07c0afb3cbcb
84ecc6ec0644a72cb7b597ee074ae099,187b5e73bbf46bae049b6b89348708fe,09d639834ac86ae4b0ae4d539bbad6a2
0c8bb5d4c4db55f37f2ab08ca1c2cfc3,18b46bac9c6404600cf555d4c282f64e,9f4dc38e79a4b350a7b8db84e26f80fb
126b1929d804cb0f14e3907b2f4f2a02,2c823902f5607366ac44f7999987f983,8ec075b22904db972ca54ded09792387
2dd9d004ac487ecbd8529572cbff0482,2c823902f5607366ac44f7999987f983,8ec075b22904db972ca54ded09792387
f21f7ea4dd7c21336aa7c928b815c6d5,7e6383c5165f9fb4b8c052d62d859979,b32f7cdb0019ecc65df08215153157b3
3922ca428c9194fb5b4f1ea0a01acf18,26e4fdf85422aff13b255d88a77a35eb,fc9388ee551b20045fd32e3afc08d18e
8dd0ff78dbb006c635ba88e78eb59c15,191cb7517f291f8ce4cd734b84cfec51,e3c59416adf34a1b0daac11b737ebaa9
4d87518c2339da7c621f9aaf8f5c8a7b,113e683c4aeb6e1740e95381f58801fe,6c20b77f935c89800cebb38d73419fe7
44c17aa7bcacaee45e2c8db897b797aa,18b46bac9c6404600cf555d4c282f64e,9f4dc38e79a4b350a7b8db84e26f80fb
3a01c53e116e262256a503fb8c322552,18b46bac9c6404600cf555d4c282f64e,9f4dc38e79a4b350a7b8db84e26f80fb
5e8dcafacfb769cadb0ed80ce3732317,187b5e73bbf46bae049b6b89348708fe,09d639834ac86ae4b0ae4d539bbad6a2
4c30211915a131f976d5464ea4f8448e,26e4fdf85422aff13b255d88a77a35eb,fc9388ee551b20045fd32e3afc08d18e
8cf338f9e23a10867ad95c4964d2186d,18b46bac9c6404600cf555d4c282f64e,9f4dc38e79a4b350a7b8db84e26f80fb
a69059d3f907c5641cc5bbaa742c221b,80a89045356efd2f77124bd87dbd0e10,2e4a055e7b9caf610fd2e4c7df8ccb46
d7297af0f34e173db912160668cba4cf,26e4fdf85422aff13b255d88a77a35eb,fc9388ee551b20045fd32e3afc08d18e
928366d2662e27ae0ec56f6640a32aa0,113e683c4aeb6e1740e95381f58801fe,6c20b77f935c89800cebb38d73419fe7
2d391e97f49ccc3bef01aa9c8253d6fb,2f8ec25d11e8868ce052dab0bc2343d8,6dfe717b59538391aa3a323ece1591aa
7a569cd3dcf9660870c158d9a854097e,26e4fdf85422aff13b255d88a77a35eb,fc9388ee551b20045fd32e3afc08d18e
