dfca7949bf3162bee1f71c008764f43c,070769487b0464b4972d9d85115ef7e1
05bb5fd335840521948d57e622de93b9,a0b5478dfba810376edda3e5c8c6b0bd
9ca29ac1f744b58d90a511dee5d36996,80a89045356efd2f77124bd87dbd0e10
11b2a698ce1a3e96d42bec0c0b17acf4,191cb7517f291f8ce4cd734b84cfec51
3032d5f2925b955e8d7895df8e16abf4,187b5e73bbf46bae049b6b89348708fe
8a2710b61ceee7968d94263cd8afcf56,e4cccce30bcb06af61d070570ca1dbc8
44accfccc145f1ddb5bfa8256c82df61,2f8ec25d11e8868ce052dab0bc2343d8
1599c2cc67fad531876661c924d8e4bf,2c823902f5607366ac44f7999987f983
e082a557962645b2a22ac245f2598020,26e4fdf85422aff13b255d88a77a35eb
8c271ec337def293ca9672e8bbaa1952,520b3f55ccb0522f3e6060ef1835d6e1
09cba88a30c6749c392ad6269a63830a,e420805b4060f5fb06c0d0229a30819b
ac7c0ad0ff98827030c86b9e8ef06be4,2e68a55be700b54ae9d92efb2c52378c
74bf33e69fc94fe4851ecb013d5be750,7e6383c5165f9fb4b8c052d62d859979
b77d769279dd53862adef99d11e80b7b,113e683c4aeb6e1740e95381f58801fe
ad456b83142257a6b920410ca56a2b7f,ba9080b7f2dbdd256d2d990522c593a7
6ee2d9c0a23d408d1cb1369a98c9fb3a,18b46bac9c6404600cf555d4c282f64e
397988f29d799bae081fc220471c0438,6cd37657c625d27ec6db0a72764b530a
8743d0f2434c6053fd7ae9a58018fb59,3375fd12abf6b800b135ee083ec6202a
ad3b09ba2a4ec58d072471380099fa2d,140ee06790a24d840e0e97e3a524dd93
868b964be0dd0644f702cb3093fb507f,1a19b72eae6e2e64348fdb9fee7e7074
e248e0cf6a68de1759953e07fee9f4ee,a92c3773642ea90362461e9cc2d48cbf
d02d4a6d587ee8b0889512e9dd2eb7f8,e935bf07116253253a707fa4a22f49ba
5eb40ccb2af36a02118421f586c615f5,4eb27cdb34bc8b4517df68615c1c4190
a9f787f5ed0720b4a1b977dd83c2aea0,35bd77fac9b5efff4b9a321d65b4e5fb
4cd2499b5d6b52f93d7a8db13651287d,8880a1aa18cdabb50552b584fc838cbe
9bbcd63548848bf13b7e15a0d78818d0,0d434011965764a8ddb17bf9de48d430
5f57df13bd4f272c68983752b00229b0,9f469a83c046d59998280900352cc7a6
e618e65ed390b040aae116c4686d9117,62a76dddc3c697369f43acd94cc74c15
57176bd312a55972956733f13e0924f1,828c79d899c66cb9cf608bb3a8196fa6
ea2d0e850259a4b547f7b2bc95f7042c,c68bdaeab87ca01e01aeb41b41c34cfd
2a0b9f914cdb49ef01b4da69210d9da7,75de0cac5b2259c924352698a28d6015
9aacb2478ef3488579959e0a2cad9fef,efa946fbe3d99111180db001273e5b6d
c55cff77646cc8abbb7318b13d7b4ab1,240fa1a287396144188e8ef5769cc0f7
363bb860825a12dc1e0bfcecff21afb6,1824ca06bb5778b96c61c41ef50c7716
44ad7a17ad12ac45380fada69793d712,f07be77c9142f771747d9b3f4f863c26
398b87fffe4cc925093d6f616a649928,ceaf9ae7fb2ffa83411f5175f0fca550
cbb81e72235abe8860c820e26c33c676,850a2622988159db9f848488227f1661
bff1ba56f3f003709c94afe2ca36a7dd,deb9a0d4000f8742bfcd01e820da8a10
ed34e0dcd92b3117aae98af2605f1be3,33c314d661964eab2aff1b720b1e85d1
3de96d0217fe9d122746cd993eef4433,b970193c0c100733a07e1d6d09d623b8
a9348a6b7fccbc1808de3d9bc7e2806f,a8ce160936229ecc51b08b813ba3f663
47c1a558403bc39b3e02d17541bab208,b46c2c47308770f1e9fc636f6598ee96
3bade8a9120c33086f7e39325e54f869,29c77d1c68e50da8aa5b5c0a3fcc13d9
eb4c88b2e60043e925a8c9ac4c182aa1,960ab2a5713fd7ceb799b26430797987
aaa7a1ab997fdd6b4aaa408420c08a92,5afe1697367d89763025eaf3ab45dab8
6555372a399662d6fdf889c316200d8a,a237643fe84b0ebdbb0fdc8a5a06e84c
bb8f00d0098c648e349d28e7e13ff68a,280704c0a92abc9fdf90edd1e513df94
2963a89819fd14ed6ece6757419a41c5,467a1a2b6cbad65f6d196ee7233db9b4
fcd501f84ca07570b917dc1f4cd265a7,bf325b0772fc4986c8683c635991a24c
c61766b309556ad47b84264f750c0af6,4e72c1800a9594db3fa3a78b964dc90a
022f369da1691fc9d30387bb404b927b,7a569cd3dcf9660870c158d9a854097e
79f852fd55d139055218e3fcfc26f6c5,22266bc199bc876a3542a0ba5b0c0d73
a3b672f22238a508ffbd8db5146b561a,db86e229b1bb4548cdd0ad5499b2c91c
c8234358684b664553c7462912693ba7,867584a422c868e1fcffa738b4c9f5a3
26bb3d3d0b53a12ad8b66822e23c9e6b,c28976f3ce049002c81f6098e6805c45
5d2a6fbb0923781172323ec40b6cf931,94644aa6d44e6526613b3f53dcb98796
11fd9c1a67fbc290bb4934766bf91001,cd6570482cac6564e1c8bf771ade2cae
71b84872a4bcccce5bf28e3f16e73d7f,dfa377b406831f26cdec447d2741f945
370ff6cc27efa9f77f12f776d7095918,b5e10e12d92e50fac1a3b33e456e0297
d47692ed73fe733ac66fcb29ea016984,69481f472c4138567dc9e677d6aee239
f0cd3e21de086b68fe3ceb28d7418ffa,dcde36700d7abcbc7faba10077d67eb6
928800b5ae8aab9e6e3ac17dece565f4,a87f5c21d0f1d5810b0e826c662e2f98
13c9c5bec1b4c4cbf49de7e5b132ddd4,65a21864f930a9d641f5592bbff09819
66d812bf007fa897bc9eda538e64fb8b,6c6c6bc83e06d66eee3cc206283f6015
5af80e488f89e662e159023c55aac01b,d253328b507a36b24dc931a7ed04ce03
ea15f6cc6ba20405a48784397dc2537d,0b907d2cf47cf570ddd3429b4e330daa
c8395f6f40d6b6a55533d1bd46950e76,477417126cb11d335a87cd23af21c3dd
ad97fa64b4194016862c3f0ab169a2c5,997e55c7ed6544b1f38f629b7da2696e
e4409e2deb3670f425c3d71bfc1214ed,4f43ea993fed146ac5045bae45535266
23809af702526a31b590050450f4682b,94ba8d0be531c64fdd47ce0e42f35f98
071a03fbe9ba2b5ae340d88881d4187c,d59cb6afbd7a67fb01bec2c546ba5640
fe923fa13b0df4bd2d975bddf3632745,a8d81bbd3e615c2e108aaae8cc72f9a7
b1f4ee24eefbf49c4889e939e30621a7,efdb7a2b86720882d5c33c0ec63b56fd
c245d2ab1b600dd151358ecaf790f714,8659505acd7e85ba5856f8f92a654c64
23fc750117e030103d8f8575c71347a3,a7555bd88aec695063b30643d879e4e5
c917896ac9b4e7f565547809e5ab63fe,2abc9408a63131d4ef748f59ea64b303
a8b37b7540cd9d90c151c958157af8bb,f6caf076ac3ea71bb37a024103ac1143
85776bc4976385fe8dc26cba5ff411c2,fdfd579f8555367c7b604f1f2e73b261
247954f1728d56648d4953f0db228a67,36a3067014647aa884e5f1aa9db4bb9b
ae420544bc580e6a23d32f7b2d9ea9e9,fc08d78f165de1f0a98dd2742442eda7
6434d4bd0e12aaedc2caa751de851f39,94b99679d34a5a9ca239d645c7636b19
e07ee90b319a3e263828896dd2175e85,0cda42db5b50e2773480d88e21f21113
ce4bbf9953fedb6ffeca93763bc6ca95,d7297af0f34e173db912160668cba4cf
d7477240595afc60c89a89690c73ab8a,db79ac07ef71209a872492d8a891d594
77acc64695c4e2c568bdd9760c971db6,633d9837e629f86fed00557fa96cabd3
98deafd1e527f8ecd5734d09cf5c15a5,8f203e0a68928453411902a43a2a5ced
08f89d04447c2127c76fc57bacf6a2f6,e9c4a6a8790028d17af82ceabf98feeb
b37958739a718e4614af3ba63b2da3e7,3bb95ed367958c815f6619f5953269e0
9e950009b3927b9a995297b0d9a6529e,9ec54f823a72c31622123e8e92361143
43fffbd4ad2b7f5eda0922b8119ae6e8,3dd8758b77fc28580b35986040157d98
44e41e7eec8b85cb5b3c8c1971345344,b7b3eea2373568c05859a182205f19d1
32d148189b8dff09eadaa3df74606824,f226f0f6e0546fd684d1db8c10e619c1
864c790b606709ea2688be0ed3bac2c6,486a4d30e1d98e6be5e1baea154abfa8
e420585b001ce35417ff25e20c8b1215,ab4dfe960005dbf03d3adfbf324a224a
45a74f2b76c2b6e76e3cfa8bacde2bd8,3fea33239618133aa06825af10978a02
5b0ae47041f1ecd59f39616fcb73bbee,1ca7ef224cff09574084be2096ecb485
04388ae093c49c42389016184fad8b96,349e15e15a53ceb9e3b9e1b74e537057
531d9f98612e46a35751b22984d2dfb9,1748e072d8af41be0b4da4d40856419b
f28b354596feba0eea68e2812b241e85,bb223f8ee5a0a9292e4c7b63efa95e4d
c2808c14b365420fa65aca9044fd106b,44532d453d047010d38472f98f8a5414
90ac845c7d6169c006127e1a7027b45d,020bd7f6db7ce40fb4afc937a0b8d979
ab0a8809e6acb9192dc1316a8e1200d5,167a4ba4d1f26e29155db2882d03bb97
507945b1f398495fbcd0d471d4476539,0ce1ffdde91e53716643c157b1994946
c3c491e1e21cf9c0a91d0f35a51bda3d,f24f246975c26498df9a76c50c9d6f33
f9b62a109eb3799430172b41653c7893,66bc10bc609fc61c1474ba615fc455c9
aff852df32504ebbbd339dda54606f3a,5d1b644981dbada6bafe00afdd01a7fa
69a2a807abfac9e0830bc762b200d935,c8daf1e6f3d43878f828fd4a47436542
93d09858c77989dfac176a35875fa52d,2dd9d004ac487ecbd8529572cbff0482
287f9f7c7c8a475fe77a6ab72fbd37b0,a714c2e5f7ed9452c17cd05da3c0a1db
618d11fae449699487755a2054cec827,8fa445b9ce87b588fef656049addbc20
