TargetAttribute\Matcher,CosineMatcher(),EmbdiMatcher(serverPort=5001, sm_mode=binary_from_embdi),EmbeddedMappingMatcher(),KangEtNaughton(numSeededRuns=100; normalizedDistanceAlpha=3.0; $assertionsDisabled=true),LeapmeMatcher(serverPort=5000, information=names, features=embeddings),OverlapInstanceMatcher()___nGramTokenizer(n=4),PRISMAMatcher(postprocessing=true; GammaStrucAttr=0.30000001192092896; kindOfFeature=Distribution; thresholdMatches=true; gDepFiltering=gdep_threshold_0.3; serverPort=5004)
15f5f9263fa8141fb086b02eda45805f.fa7b2712a08c0a71a33349be8f0008c4,0.045454547,0.0,1.0,1.0,0.04347826,0.04347826,0.0
15f5f9263fa8141fb086b02eda45805f.51f791e5cd393b5e116372ae334aae98,0.04761905,0.0,0.0,1.0,0.04347826,0.25,1.0
15f5f9263fa8141fb086b02eda45805f.6702fd040ea85286cdae4e11bcc0085e,0.04347826,0.0,0.0,0.0,0.04347826,0.04347826,1.0
15f5f9263fa8141fb086b02eda45805f.2275e76403207c0e3e3932948b2d6497,0.05,0.0,0.0,0.0,0.04347826,0.0,0.0
15f5f9263fa8141fb086b02eda45805f.c458ad6a36cd32edea80c45140ea5b74,0.04347826,0.0,0.0,1.0,0.04347826,0.0,0.0
15f5f9263fa8141fb086b02eda45805f.afbe158e603ddef4e1304229ab0f12ca,0.04347826,0.0,0.0,0.0,0.04347826,0.0,0.0
15f5f9263fa8141fb086b02eda45805f.f783ea308cb015b87f02b179b19fe3f8,0.045454547,0.0,0.0,0.0,0.04347826,0.0,0.0
15f5f9263fa8141fb086b02eda45805f.b11d568a4f75654ef0d42d96fee242bd,0.04347826,0.0,0.0,1.0,0.04347826,0.0,0.0
15f5f9263fa8141fb086b02eda45805f.bfe5cefb93734cef8a5e72a59f15979e,0.04761905,0.0,1.0,0.0,0.04347826,0.0,1.0
15f5f9263fa8141fb086b02eda45805f.8d793c669d7c72296ba27f6b34f96509,0.055555556,0.0,0.0,0.0,0.04347826,0.0,0.0
15f5f9263fa8141fb086b02eda45805f.427ec7e9727db6689a6460b0e90f2dcf,0.04761905,0.0,0.0,0.0,0.04347826,0.0,0.0
15f5f9263fa8141fb086b02eda45805f.c53abbbd169495612ee397c9953855a4,0.04347826,0.0,0.0,0.0,0.04347826,0.0,1.0
15f5f9263fa8141fb086b02eda45805f.cacb3bbd55c0f4d44f1541defe5ebc90,0.045454547,0.0,0.0,0.0,0.04347826,0.0,0.0
15f5f9263fa8141fb086b02eda45805f.1395b70cac397a38770f4bbd019644c3,0.04347826,0.0,0.0,0.0,0.04347826,0.0,0.0
15f5f9263fa8141fb086b02eda45805f.656c5131c32d7199f11e92cdb628cefa,0.04347826,0.0,0.0,0.0,0.04347826,0.0,0.0
15f5f9263fa8141fb086b02eda45805f.5ff332b9cbb2d5d0f3d1e4ec818c0353,0.045454547,0.0,0.0,1.0,0.04347826,0.0,0.0
15f5f9263fa8141fb086b02eda45805f.2d9bbfa002d75224353682048bb04f7a,0.045454547,0.0,0.0,0.0,0.04347826,0.0,0.0
15f5f9263fa8141fb086b02eda45805f.cb6ac8864c50bd230c1aa3a5fdd5b5a9,0.045454547,0.0,0.0,0.0,0.04347826,0.0,0.0
15f5f9263fa8141fb086b02eda45805f.c374fd3e4162464b895c9045bd834ca6,0.04347826,0.0,1.0,0.0,0.04347826,0.04347826,0.0
15f5f9263fa8141fb086b02eda45805f.ae8907e09c928d52513f19e9d0a24167,0.04347826,0.0,0.0,0.0,0.04347826,0.0,0.0
15f5f9263fa8141fb086b02eda45805f.676bc73214fe57c3126680c65941dd7b,0.045454547,0.0,1.0,0.0,0.04347826,0.0,0.0
15f5f9263fa8141fb086b02eda45805f.6b4256d46e57a889232e7fc354d400cf,0.04347826,0.0,0.0,0.0,0.04347826,0.0,0.0
15f5f9263fa8141fb086b02eda45805f.d2d14eab85e47b19b189daac6cb99a90,0.04761905,0.0,0.0,0.0,0.04347826,0.0,0.0