202fd0a0af4d92555d62efc69135c10d,a249916334d7c605f74e2dc85d73ab16
1200380321abb10f44bbb6da7196fdbf,5453384bfe1bbfe74019c46cb8b7035c
543f7361b9310b3e55a10c9c4569158c,a74178c504fec5fef28bf2d1a3af8092
1200380321abb10f44bbb6da7196fdbf,f6e42c56c451aaf803c447f2798901e1
eca33e3ef01265f6b4dcda8477b966e2,fa804db3a22baf2322ace15cf05e4844
1200380321abb10f44bbb6da7196fdbf,5297aea3c5b00378692f4c0c5dbefdfb
de4c83bab8a513b6cd10895537d8b1a2,6f91fe230c9b1e7a14082312a0fd2aea
3bee551a4c05b3072ab68bd9e4ec128d,9ab6bc17cbef774f97e773ae7cba3707
7936c28af644536bff9bd2c36391a507,980bfa06c750a6a8e89afdc34ae4eb38
eca33e3ef01265f6b4dcda8477b966e2,3a6e098d55d60384809be089c1b22fa3
77645ad407267559c9646b8d2432996b,130795051991a97852f0fb2a607914b8
4960f59e98b15759c7b94812902a5536,00e9909ef77039a24df0ed2fb080c40d
4960f59e98b15759c7b94812902a5536,dd56c5b1fbe8cd43655e29ea179ffcd0
1d2e6434bfd3bc0893a0d06cd2bd850c,04f491b07c559e69ab78d26b77381402
7936c28af644536bff9bd2c36391a507,b44625c0d5f1e2023683873822fbba02
543f7361b9310b3e55a10c9c4569158c,b187ee8686c805ca65b6eece4c44f9ee
4960f59e98b15759c7b94812902a5536,dc27dddbcd8757d2d7a1c3dafd11202f
77645ad407267559c9646b8d2432996b,2abeadd79dd6670560efb389d298bb48
1acfc1e3ad6755c5ac99d7fca4327490,955dca3abbddeedce46b3d3341ccfa32
1d2e6434bfd3bc0893a0d06cd2bd850c,fced272e51376f2104a9e229878f9355
eca33e3ef01265f6b4dcda8477b966e2,b54ce2abc2604f466d8d5ca45036c9de
cfa7c4cf294db0c3274c44724de617c8,571f058b92f5cd2a95de4856fa6554bf
1d2e6434bfd3bc0893a0d06cd2bd850c,d485dcb708dc48cf85f03b74c4f9060e
1200380321abb10f44bbb6da7196fdbf,1992dabe6656edbb1a4b2180ffb4ee37
9ac347c3a1eef7e456eb2026ae11a384,750f720ace2f082307cc5ae29f1e81b0
5c2d685aeaa92b376c5021355b3a62ac,7f9951cf513a5f1f1c9b9b2cc04ac10e
cfa7c4cf294db0c3274c44724de617c8,540fca386bfb0f38afc53cc7499662f8
cfa7c4cf294db0c3274c44724de617c8,1ef3de851b1e10cfb4c5aff05bdd3985
de4c83bab8a513b6cd10895537d8b1a2,e3f5013d4da3a0da35efc79b855aaf7b
4960f59e98b15759c7b94812902a5536,e6dcce86bb8f1aad1bb0fb2ab4953e4c
eca33e3ef01265f6b4dcda8477b966e2,c398bbaf0801c0d4c80c373c816ce2f3
cfa7c4cf294db0c3274c44724de617c8,0d8bd1a6bca34c87ff1e32b0dd217a73
77645ad407267559c9646b8d2432996b,0bc20ad9c05c1ec45e0bbff2839e47e8
7936c28af644536bff9bd2c36391a507,6f245a8a6c19154c04aeaec25cbc1e3c
eca33e3ef01265f6b4dcda8477b966e2,b0ecfccd7ba56d5c790e29c29acd5467
7936c28af644536bff9bd2c36391a507,76a6a03000f1fbc7b85ef7ec7761524a
1200380321abb10f44bbb6da7196fdbf,f8c30f634739591ffe37534f963b2ab1
9ac347c3a1eef7e456eb2026ae11a384,857de1acc8e8023c7312ac1f0055df2d
cfa7c4cf294db0c3274c44724de617c8,e81b2ba0e6a45912b3966c4be64b95be
543f7361b9310b3e55a10c9c4569158c,46fe9c15fe2bf0045d9351adc341febf
3bee551a4c05b3072ab68bd9e4ec128d,1470651087c958b72ae1ae6027c3baf9
543f7361b9310b3e55a10c9c4569158c,ea4670731529e19b132844eb138337b5
a885a289c04769ff03ddeafe20148688,11f90765efc03dee98f2887c7646fa8c
3bee551a4c05b3072ab68bd9e4ec128d,97e85797e887d7494ab93ad1845ca6f2
4960f59e98b15759c7b94812902a5536,19b94aeccfe8bfa45d24e366b227e4fa
a885a289c04769ff03ddeafe20148688,4b8dbfd3e14b6210bd44994bfc23d95d
1200380321abb10f44bbb6da7196fdbf,4fdb75993d8dcf5f256510ab71e9f436
de4c83bab8a513b6cd10895537d8b1a2,e5ab27de80093f61db1355b071a8ea05
3bee551a4c05b3072ab68bd9e4ec128d,161e0bdc16441fd3d41010e89b669ce2
77645ad407267559c9646b8d2432996b,c81d099cef3ab374bcff48577f1f7102
7936c28af644536bff9bd2c36391a507,be77ec71bbda8c1bd8cc8ff700dc02f7
1200380321abb10f44bbb6da7196fdbf,7d0fcfec2bdae8ac6b5b92415d8053f8
a885a289c04769ff03ddeafe20148688,7eb295c3e25a14d2b80706e1cfa6739c
1200380321abb10f44bbb6da7196fdbf,c062aa0bb49dacbbbe6f27c61f45a4f4
3bee551a4c05b3072ab68bd9e4ec128d,1f5b03dcba70580fc87fa763f248fa44
77645ad407267559c9646b8d2432996b,d6ffa15667b915fc90b902e91c2204f7
1200380321abb10f44bbb6da7196fdbf,861c697c27ae01f87eb43be1861e2a33
a885a289c04769ff03ddeafe20148688,a8497708fd68e76fcf2342b882d51cba
3bee551a4c05b3072ab68bd9e4ec128d,1a88b154d717a450d0791eec783f7415
de4c83bab8a513b6cd10895537d8b1a2,2c6ef709fea1c34c7acc70c2a8684a27
1acfc1e3ad6755c5ac99d7fca4327490,aab927be16088dce72710ad2eb6dc181
1d2e6434bfd3bc0893a0d06cd2bd850c,511137a9863e1b1cb68cdd15eb3b20b2
9ac347c3a1eef7e456eb2026ae11a384,ee884a026d34242bc9b67dd64aa9247e
4960f59e98b15759c7b94812902a5536,1a9a384cb0bb63fc446bc22c2cf4f1a3
7936c28af644536bff9bd2c36391a507,67d40f57162685f50fe924059d8c4b16
77586ad1b370a9107ea6a7a25aa7d7d7,df04fdf1bd545cb55cdcfb5d99b2dd72
81dc05f168bfa24b1f9c3e2fc690963b,b6caeb1477eb87305309c3e03d9357e1
cfa7c4cf294db0c3274c44724de617c8,a1e01bb509261fdec50b2ec6c8a25c45
1acfc1e3ad6755c5ac99d7fca4327490,9010e625079c64d0612e2bf22a5285d2
77586ad1b370a9107ea6a7a25aa7d7d7,a565ec40fd44f25432e7605359a15e4b
77645ad407267559c9646b8d2432996b,958c685007ca3598707e35901168705c
1acfc1e3ad6755c5ac99d7fca4327490,8791f5820eb519e40d6d24f3ff57a330
1d2e6434bfd3bc0893a0d06cd2bd850c,af499ed9fd68001e75b683d2490a6263
de4c83bab8a513b6cd10895537d8b1a2,c28113d0436002a96e3a82631549f1b7
a885a289c04769ff03ddeafe20148688,1f6996e1f9d0751d87f86d668b9fdd47
5c2d685aeaa92b376c5021355b3a62ac,deff685847813b2c210814577596db72
5c2d685aeaa92b376c5021355b3a62ac,0e6c2a5f94e133fecd8cdc013340bfe7
cfa7c4cf294db0c3274c44724de617c8,f0741ec76166392d1493889bbcd34bf1
de4c83bab8a513b6cd10895537d8b1a2,385e2bb0d3705ba50aafda47faad4ba8
7936c28af644536bff9bd2c36391a507,1f4e588f929867e7478dd0cf41349e6a
cfa7c4cf294db0c3274c44724de617c8,d29befdc58b2f0dcd6549cc3098f1941
81dc05f168bfa24b1f9c3e2fc690963b,501d76ae14417b079d82ebc5c1fb72b1
1d2e6434bfd3bc0893a0d06cd2bd850c,ce36a6c1b8d10d955d6cd58613f26ddc
4960f59e98b15759c7b94812902a5536,50fd8308cdce9f4db276de347ad4cb3e
3bee551a4c05b3072ab68bd9e4ec128d,78b70b18c15f6951c41d34457a311ff2
1200380321abb10f44bbb6da7196fdbf,fa41b433ce291e3e9f180ab834520365
543f7361b9310b3e55a10c9c4569158c,512d1966b2355c3b0b006621e7223939
5c2d685aeaa92b376c5021355b3a62ac,6242f049b85139a64e0ae2209fc5a6a2
543f7361b9310b3e55a10c9c4569158c,b9a9a55e8936ade116a764b6c9fa9c78
1d2e6434bfd3bc0893a0d06cd2bd850c,e4556db3fa8876de0c7d90040cdd27e5
1200380321abb10f44bbb6da7196fdbf,0f0a1e6a641dfd529b6d069c4390cb75
1acfc1e3ad6755c5ac99d7fca4327490,ca50fd43b660b2c9aa6f7e720cdb6968
cfa7c4cf294db0c3274c44724de617c8,9ec3ff9b30ac2dfa30cd6b9e97048e80
de4c83bab8a513b6cd10895537d8b1a2,97fe45cca7f8009959c5a6672e8b169d
1200380321abb10f44bbb6da7196fdbf,21542fbf14f6d3b10d30a64d68e09586
81dc05f168bfa24b1f9c3e2fc690963b,d947676ab314c7185735c0535a19847c
3bee551a4c05b3072ab68bd9e4ec128d,8902209e66c27085359feba1436a4c12
1acfc1e3ad6755c5ac99d7fca4327490,1f21b63ca7b888fbe30f68d470e79d6f
81dc05f168bfa24b1f9c3e2fc690963b,ed2dd3bfdebf1e238d40b18bc9b0bbd2
a885a289c04769ff03ddeafe20148688,9f6eba70abf156c7bb5d7bf295b0f64c
de4c83bab8a513b6cd10895537d8b1a2,a5e01991b73f46319ffdf054cda1c993
7936c28af644536bff9bd2c36391a507,562da56985c59d605679b14d93f9d368
81dc05f168bfa24b1f9c3e2fc690963b,3276f2bdc61da91ae4ca7387e5ed7848
9ac347c3a1eef7e456eb2026ae11a384,2d51c912a35e9b2c1f9b6e2f8657597b
a885a289c04769ff03ddeafe20148688,c8e7174e6f04dac3597a4bd7da5c65e8
cfa7c4cf294db0c3274c44724de617c8,004e82747a75223b6fa86b040fe93e7c
4960f59e98b15759c7b94812902a5536,1816fd6707bb8c94d94115bb7990a0db
77586ad1b370a9107ea6a7a25aa7d7d7,c2542962fa83673b3e2fe7b7bcec164e
4960f59e98b15759c7b94812902a5536,d6139859d082408bdca89f289e79bb62
3bee551a4c05b3072ab68bd9e4ec128d,8bce384ae9bca5d6b4d773b5ddf52c2d
cfa7c4cf294db0c3274c44724de617c8,841d487c101eeafbb3a73e9dadf995e0
3bee551a4c05b3072ab68bd9e4ec128d,e2f1c9fd0fbbb2d7ef969c7802e1c5fd
9ac347c3a1eef7e456eb2026ae11a384,b9de41ab60d514cbe4a56c5bd072c314
4960f59e98b15759c7b94812902a5536,f194f27b34144398ac7d9c75f45c2002
de4c83bab8a513b6cd10895537d8b1a2,50b992a80d18d0282ff2fc12215e5a13
de4c83bab8a513b6cd10895537d8b1a2,e1189046aeb9ae4af0e4a924ca5e9693
7936c28af644536bff9bd2c36391a507,46f1cc00449ec8342225376c249d88ad
3bee551a4c05b3072ab68bd9e4ec128d,e95111eb3324fbc5881c79864522bfab
a885a289c04769ff03ddeafe20148688,5154f472c021ce31ddcc6bbf10ffd705
1d2e6434bfd3bc0893a0d06cd2bd850c,bcc5d82a325655cd97fda41d9cc5a6fa
81dc05f168bfa24b1f9c3e2fc690963b,cf569cd4fd85cc067ab2f80b696b8671
81dc05f168bfa24b1f9c3e2fc690963b,00f3c51ca5d9e84dd3e56b2dece5139a
3bee551a4c05b3072ab68bd9e4ec128d,911cf58437d061de997d2c526cc07bb3
77645ad407267559c9646b8d2432996b,e232116c2bfb5dc7fe0a0e1c7fd4893e
9ac347c3a1eef7e456eb2026ae11a384,acd72e14f757796fd4a8faa3b40e1805
3bee551a4c05b3072ab68bd9e4ec128d,c51fdbcb6e8ecdcd530d4bda14b01114
1d2e6434bfd3bc0893a0d06cd2bd850c,9fcafcbad76f4084a415147baeeffdee
eca33e3ef01265f6b4dcda8477b966e2,8aaeee463858037f00430fe334899a62
9ac347c3a1eef7e456eb2026ae11a384,f2e16304fc8acf43c1b8e30dec9cd0f3
eca33e3ef01265f6b4dcda8477b966e2,0fae981f8ceb033a65e042f8b40d2d5e
3bee551a4c05b3072ab68bd9e4ec128d,fc813fb8b272d23cb8f35ea0b3c4149b
5c2d685aeaa92b376c5021355b3a62ac,eac345f7e829e2067e4e8d9fb4293088
eca33e3ef01265f6b4dcda8477b966e2,a6a4661f29fb492c4f24aa16e9f945a1
7936c28af644536bff9bd2c36391a507,0fa6ed176337b1aa3aed2a4b7d585679
3bee551a4c05b3072ab68bd9e4ec128d,4a3199b72d27ba208b766062d6126838
77586ad1b370a9107ea6a7a25aa7d7d7,580e4793b422488f76a79f0bb44b86ea
7936c28af644536bff9bd2c36391a507,1bbdb74112dca9597ace57132dea330c
cfa7c4cf294db0c3274c44724de617c8,e5043e831057d8eac27fe00e779c2477
1acfc1e3ad6755c5ac99d7fca4327490,86595d72124517b08ecc2626624eb0b9
7936c28af644536bff9bd2c36391a507,3f2c6ca381742663714fb24f64e68870
1200380321abb10f44bbb6da7196fdbf,59133c3cfa95ffc43d1b1b0c345924a0
de4c83bab8a513b6cd10895537d8b1a2,8e92ee353b72eb1c188714946bfb1719
9ac347c3a1eef7e456eb2026ae11a384,67ad6b24f8de39e6cf08b56008d6e370
eca33e3ef01265f6b4dcda8477b966e2,f0ef8fe022193152645b02f9f8877f4d
1d2e6434bfd3bc0893a0d06cd2bd850c,fbf1d5fa05a37a9f57ec81c8dfc77f38
77586ad1b370a9107ea6a7a25aa7d7d7,a885a289c04769ff03ddeafe20148688
a885a289c04769ff03ddeafe20148688,160b0daad3e00c47db0349475c27b7a5
1200380321abb10f44bbb6da7196fdbf,de790861725cadf3ba346d9936ba4084
cfa7c4cf294db0c3274c44724de617c8,19e46462335e3d8fae81398b4ac66d15
5c2d685aeaa92b376c5021355b3a62ac,b6b1241bb157d0a3da1c0e672954a3fd
7936c28af644536bff9bd2c36391a507,6f24d5fb9e0fb609cce81a4d9d92a411
81dc05f168bfa24b1f9c3e2fc690963b,920415489eb8e30c06685fdaf280a19d
5c2d685aeaa92b376c5021355b3a62ac,d523f1e7da02fd3d912966a88c935810
543f7361b9310b3e55a10c9c4569158c,0153f411947bcf5d79c6378e79d6ab17
77586ad1b370a9107ea6a7a25aa7d7d7,452b84f905849e4e6b09c4bb58d9c2b0
3bee551a4c05b3072ab68bd9e4ec128d,499eb272be682ffbf0fd88a2afe277e4
1200380321abb10f44bbb6da7196fdbf,387677688e240620cf188f655ed38ec2
1200380321abb10f44bbb6da7196fdbf,f387758cc89988a4e5c52a909bccb63a
1acfc1e3ad6755c5ac99d7fca4327490,b1f593011b2d8ea84ce85aff6e43c7e5
5c2d685aeaa92b376c5021355b3a62ac,4e2bb6591a8de810f3a91113f17963b4
de4c83bab8a513b6cd10895537d8b1a2,67b6c24019cddce66fdebd3055019a62
5c2d685aeaa92b376c5021355b3a62ac,de6dcb4ef4f09b5046e262014c1822e6
1200380321abb10f44bbb6da7196fdbf,e9636febd1f1a5ea46e22b2158ae34b5
3bee551a4c05b3072ab68bd9e4ec128d,1cbfeeaebb7e558efe52634c4a8f42b1
81dc05f168bfa24b1f9c3e2fc690963b,294486d95e6831e55f1ef0064389accd
77645ad407267559c9646b8d2432996b,2aaedca3ef60a4aa4ac71bdc27926e36
eca33e3ef01265f6b4dcda8477b966e2,9f481c19a5ffe100fae44682924847b2
7936c28af644536bff9bd2c36391a507,2f74e462630eb7b5b51cd43560b2e210
eca33e3ef01265f6b4dcda8477b966e2,a82af54f1bdf770fc08411d3e5633ef7
7936c28af644536bff9bd2c36391a507,ae1596b8935dcd4a77c9e9ed12a21d8e
de4c83bab8a513b6cd10895537d8b1a2,dea39c6c320a72006a03496ccf8bb335
4960f59e98b15759c7b94812902a5536,ddd59c4cf8dc537e8128322519da8f28
a885a289c04769ff03ddeafe20148688,c770a7d206f49910a035dfe58484e099
1d2e6434bfd3bc0893a0d06cd2bd850c,6dd87a3fc90fe56b113b6e013af4f20d
1d2e6434bfd3bc0893a0d06cd2bd850c,f2c6ad06ae82d007cc4cbd6d58259aa2
1acfc1e3ad6755c5ac99d7fca4327490,3a994894a9c14997866102f98c4ba757
1d2e6434bfd3bc0893a0d06cd2bd850c,b1c750e8cb904e7d34b8830023dce89e
eca33e3ef01265f6b4dcda8477b966e2,0508882f643ec48bc5749e3a29c14702
1acfc1e3ad6755c5ac99d7fca4327490,23eafad2d9a3aa5b57eaafb587a516bd
a885a289c04769ff03ddeafe20148688,2ef132d62383d3bf504223509e1f1533
1acfc1e3ad6755c5ac99d7fca4327490,6a34e4219b4407d3bf42c80bb63ed26f
77586ad1b370a9107ea6a7a25aa7d7d7,88f3b8d7af4d924d9aada5e258ce4f51
543f7361b9310b3e55a10c9c4569158c,73f8585659ab78d6aa81b73cff08c787
77645ad407267559c9646b8d2432996b,4518999e221e4d4dc139d258e2b0d80e
7936c28af644536bff9bd2c36391a507,807139f6329440e13dfaec96bdeb2292
1acfc1e3ad6755c5ac99d7fca4327490,e49f79aa44f2d47bcf5bd3ae8ccbc0ea
81dc05f168bfa24b1f9c3e2fc690963b,51a5718557ab0ae158d810f7b3c5e6e1
de4c83bab8a513b6cd10895537d8b1a2,f6fecfdcfefa18728da5c96ad4b3d210
3bee551a4c05b3072ab68bd9e4ec128d,267a5b8b7fd9417c2d73894edf94eb67
543f7361b9310b3e55a10c9c4569158c,0df79b32418303409f35147a0f6ee9be
1d2e6434bfd3bc0893a0d06cd2bd850c,60f53d8f94005584f7cc87759a692ef5
5c2d685aeaa92b376c5021355b3a62ac,62a37944fc8b85bcda0938534a7bc63b
1d2e6434bfd3bc0893a0d06cd2bd850c,00c989045582779acd112041464f5682
3bee551a4c05b3072ab68bd9e4ec128d,c84c704c0985adf41512345830cead88
4960f59e98b15759c7b94812902a5536,e8000abf8c1a854363905cfe7044862d
81dc05f168bfa24b1f9c3e2fc690963b,e18c4f0a8ec64915defd91643837ca5a
1acfc1e3ad6755c5ac99d7fca4327490,e0469cfb45cf262e57ff765778ccc064
9ac347c3a1eef7e456eb2026ae11a384,a560f95427f9e5089d12f2ef9591a879
77645ad407267559c9646b8d2432996b,23d5e29ddc20aca3a1cd285342f411dc
1acfc1e3ad6755c5ac99d7fca4327490,c69531645e766bff3e7377ebedc056bd
5c2d685aeaa92b376c5021355b3a62ac,01dd3ea5a266f240f18c00043226c9b7
5c2d685aeaa92b376c5021355b3a62ac,1acfc1e3ad6755c5ac99d7fca4327490
81dc05f168bfa24b1f9c3e2fc690963b,536ec7707859c22fbb22d68a84035913
1200380321abb10f44bbb6da7196fdbf,adbb97d0f9219626f75a26aeac838fbc
543f7361b9310b3e55a10c9c4569158c,417128f1be22192ac47de057011d49f7
a885a289c04769ff03ddeafe20148688,9c075a31f25bd9d4e96f9e09ec1a2d55
5c2d685aeaa92b376c5021355b3a62ac,60b0c43f7acbb9a34350e3aca180a79a
a885a289c04769ff03ddeafe20148688,fb5210da409f8a7c510f97efcfb9cb25
1d2e6434bfd3bc0893a0d06cd2bd850c,f00fbc0caa5e038f3464a5ae9b7fd4ab
77645ad407267559c9646b8d2432996b,3f42d7e5c147d29e6572773ce7e7a303
3bee551a4c05b3072ab68bd9e4ec128d,e571592b3811c01dc33c04f1657d677a
7936c28af644536bff9bd2c36391a507,b4bd5b77325b54e3b09fc276eac3829e
eca33e3ef01265f6b4dcda8477b966e2,915f4fb351b8eb91a68f2a9beed288f6
a885a289c04769ff03ddeafe20148688,63593b56a4f3e0ada5ac492353ea5b2d
cfa7c4cf294db0c3274c44724de617c8,9cbe11835e1e765b9ba0635d278ad519
543f7361b9310b3e55a10c9c4569158c,9be93f353b7d30c347da3ff527106cc6
81dc05f168bfa24b1f9c3e2fc690963b,b36ecdf94030594ced4dc2adb0d3026b
5c2d685aeaa92b376c5021355b3a62ac,2522c917dacff42b2b22f59e89dd5407
4960f59e98b15759c7b94812902a5536,333e371ef0af6429cdff5fd9e5b4898b
3bee551a4c05b3072ab68bd9e4ec128d,797ae6c6a11d65f4e92cb82ea48f4db8
4960f59e98b15759c7b94812902a5536,094050f0415b2a13e7d22ff191b201ba
1d2e6434bfd3bc0893a0d06cd2bd850c,b615e5b79dabbb6bd0815b52cbd06d15
de4c83bab8a513b6cd10895537d8b1a2,f6fa9260fab673f899a24f6adcc4dfd4
1200380321abb10f44bbb6da7196fdbf,c157afd0f4c693dd2a13d0d0197e38ac
1d2e6434bfd3bc0893a0d06cd2bd850c,10c0b0c7d5570f7ab7ebfdf44a88172f
5c2d685aeaa92b376c5021355b3a62ac,738fa6e15438a82f1c0e43d3b97fdd93
7936c28af644536bff9bd2c36391a507,edc3bbef160c84ace5bdc8498c02f65a
cfa7c4cf294db0c3274c44724de617c8,b71d9256f93c1067c48980a61d3de152
eca33e3ef01265f6b4dcda8477b966e2,3a992f41295ca2296ac2899577a21231
eca33e3ef01265f6b4dcda8477b966e2,fd65e2fa94ec6e0c204d920489d7f3e1
de4c83bab8a513b6cd10895537d8b1a2,db162ec5f02be025291222a77d090d77
7936c28af644536bff9bd2c36391a507,d64e74b22bdaff1b2d2ea8a42a2dca3b
3bee551a4c05b3072ab68bd9e4ec128d,ed5537188149a4a943583e71d08a4677
543f7361b9310b3e55a10c9c4569158c,2fb5b0c03f2ba40df6cb83c3b0f459ba
543f7361b9310b3e55a10c9c4569158c,c5debde15c90d3a20010eb52ab8d3511
cfa7c4cf294db0c3274c44724de617c8,3ede5f89d96d075181c438970f16ebd0
de4c83bab8a513b6cd10895537d8b1a2,ae58815034e312fc2b0124c150cfa91e
1acfc1e3ad6755c5ac99d7fca4327490,cb05553f2e1039bfd54c0ff13f962b23
543f7361b9310b3e55a10c9c4569158c,e40e4b55a981c7729828e007afdfabfc
1acfc1e3ad6755c5ac99d7fca4327490,252dfd5fd81fa7a5eda0702dfeaa5e75
77586ad1b370a9107ea6a7a25aa7d7d7,8ecb1e4c4525a0bfbad234d235a8a187
1acfc1e3ad6755c5ac99d7fca4327490,c66fe358ec25d03f3a24beb0a7c65412
5c2d685aeaa92b376c5021355b3a62ac,77586ad1b370a9107ea6a7a25aa7d7d7
de4c83bab8a513b6cd10895537d8b1a2,adfec38171285c9f650bdf55d7ec91a0
9ac347c3a1eef7e456eb2026ae11a384,879164b0b1b266d7cc912998cee657a2
eca33e3ef01265f6b4dcda8477b966e2,3682e31ec8f6ab6078ae9d7c1ef23d01
9ac347c3a1eef7e456eb2026ae11a384,341edfce2a27a83b67d900bd671eaa33
3bee551a4c05b3072ab68bd9e4ec128d,a715d0292ab078a84e71fee9552bc58d
cfa7c4cf294db0c3274c44724de617c8,805a744d71febeda4aa800d98586c333
de4c83bab8a513b6cd10895537d8b1a2,7faa584782b1d49a85b6b4583ccf7808
a885a289c04769ff03ddeafe20148688,007499c982ce96a55eba1312e87df7de
1d2e6434bfd3bc0893a0d06cd2bd850c,c5bb64e96ea35ab54c49e0868330ca82
81dc05f168bfa24b1f9c3e2fc690963b,8182ef50cf6a9e6c9b4b65725f3522cc
9ac347c3a1eef7e456eb2026ae11a384,4512e5b9a202d5fafb82a6c1b6fb5e9b
7936c28af644536bff9bd2c36391a507,7f08adccd7558e4deb3c36fe8bf26309
77645ad407267559c9646b8d2432996b,9cd474a8c1029f1a6d827977be214ee1
1acfc1e3ad6755c5ac99d7fca4327490,6625169d32a86f3cec2fa6b6b9e6421b
5c2d685aeaa92b376c5021355b3a62ac,3dc91546f4adc8130b0795a368742de3
3bee551a4c05b3072ab68bd9e4ec128d,e1afa5d4a28ffd821262889671daefef
77645ad407267559c9646b8d2432996b,a02f95d5a6e2d2e923805dfc4731f500
eca33e3ef01265f6b4dcda8477b966e2,72a5d934a43eccaaab9709983d7854fa
81dc05f168bfa24b1f9c3e2fc690963b,715400aaa81ba9dd6c369e7d9e50e950
1200380321abb10f44bbb6da7196fdbf,c80f493b7978279d00bfda4bc82c2211
543f7361b9310b3e55a10c9c4569158c,9a70a3e38d31cd14538bee0dc7a5cb8a
1acfc1e3ad6755c5ac99d7fca4327490,431e3e0b1cd6fc94530eeb6f445b63c1
81dc05f168bfa24b1f9c3e2fc690963b,505767a6b8e84379180c59efc417f3d7
77645ad407267559c9646b8d2432996b,c11232b817bb492651a68178913ef385
eca33e3ef01265f6b4dcda8477b966e2,5f83295ef2b285cef9ad9d046384f0e7
cfa7c4cf294db0c3274c44724de617c8,ddd5f026c9a87c7042b76016e7912637
77586ad1b370a9107ea6a7a25aa7d7d7,046e10d0c7b2be619d2cc5791edc1ab7
9ac347c3a1eef7e456eb2026ae11a384,45fdad1f67a287459c6dabd35db0b6af
de4c83bab8a513b6cd10895537d8b1a2,cfe713f1557df0b53ffddfa84a1755f0
543f7361b9310b3e55a10c9c4569158c,65f212500feeb31ebf9bac24acfd01b1
eca33e3ef01265f6b4dcda8477b966e2,071b4ab4360173fec381d142bdf840ab
9ac347c3a1eef7e456eb2026ae11a384,bd196016e5896701d4abaeb086c50f9e
cfa7c4cf294db0c3274c44724de617c8,a63e578a2036eb2f3286fd26702eaa91
5c2d685aeaa92b376c5021355b3a62ac,71f11b24ce8349d7dd8ed5f96bb4b890
1d2e6434bfd3bc0893a0d06cd2bd850c,83d72c6610f62e9ecd313b7f65bcdc67
cfa7c4cf294db0c3274c44724de617c8,31456eb4bf80565c9d909a0c32ba5443
1d2e6434bfd3bc0893a0d06cd2bd850c,b2e352c152d736a7f5fe677b117100ed
81dc05f168bfa24b1f9c3e2fc690963b,b556e806e4b4fe217179dff49ad1e523
7936c28af644536bff9bd2c36391a507,20562d7c45770e621b3c80a84540cb0b
1acfc1e3ad6755c5ac99d7fca4327490,3bf65d016d769c16517736f4db41f3b0
1200380321abb10f44bbb6da7196fdbf,fe1bfeebcafd0566e31d9cfc0dfe2937
543f7361b9310b3e55a10c9c4569158c,ab606a98730c0767724ab2717e8064c9
1200380321abb10f44bbb6da7196fdbf,00639105ec7f87a714e362570664b9a2
5c2d685aeaa92b376c5021355b3a62ac,6babde9d59824be475aba699bc005e54
cfa7c4cf294db0c3274c44724de617c8,20d283b7f288aceba5e7bbe2734dc1c0
de4c83bab8a513b6cd10895537d8b1a2,d766a2f5c6c8c4a8c208f64db5849a77
81dc05f168bfa24b1f9c3e2fc690963b,9646a57fffe1469090d5f4324e9f50f4
7936c28af644536bff9bd2c36391a507,a1a9240bbf6eedced6f27ccbaf319186
77645ad407267559c9646b8d2432996b,a70efe0903d332570cd401635f249cda
1acfc1e3ad6755c5ac99d7fca4327490,2455f186575ec6d6622cd5df29f6c2ee
4960f59e98b15759c7b94812902a5536,6a9d494082cdea495c5f10af571e14a3
a885a289c04769ff03ddeafe20148688,ccda8bb57d0326f478f7e2be62abffbc
7936c28af644536bff9bd2c36391a507,2164b1e2fa579ef5d73e62052e23904b
1d2e6434bfd3bc0893a0d06cd2bd850c,6067f2745e11010141bd925f73258edc
3bee551a4c05b3072ab68bd9e4ec128d,423c13eeec046307c02dc2cacead0488
77645ad407267559c9646b8d2432996b,9351715b00918f100c70a4313e67aefc
543f7361b9310b3e55a10c9c4569158c,decfd18f8529361996ce775f305f8951
a885a289c04769ff03ddeafe20148688,0edd0db80b8c478b2ded38fcf359f7b0
77586ad1b370a9107ea6a7a25aa7d7d7,3f9e4e0fad2ae212eb9dc0e29a0dd713
81dc05f168bfa24b1f9c3e2fc690963b,543f7361b9310b3e55a10c9c4569158c
1d2e6434bfd3bc0893a0d06cd2bd850c,41a2b77a1b3ceafdbc0bd3a876f2ebe6
5c2d685aeaa92b376c5021355b3a62ac,899e851a08ed369fcbf98c1fc2af103c
543f7361b9310b3e55a10c9c4569158c,0aef64cd97ad6b39acb1009adc27e0f1
a885a289c04769ff03ddeafe20148688,d6b44a45fb9b5596452b4ed481595349
1acfc1e3ad6755c5ac99d7fca4327490,55d82a97e6cb0d3766e33d93386d7eb5
cfa7c4cf294db0c3274c44724de617c8,3e98377803abbd96d04c6040a6b60ca8
a885a289c04769ff03ddeafe20148688,c0179fbe7b88e1dd9d247c860aaa3665
77645ad407267559c9646b8d2432996b,cb770dfcdfc236c294e6231da1bb561f
543f7361b9310b3e55a10c9c4569158c,cc404925e40b2ec7385562e85857c5fc
1d2e6434bfd3bc0893a0d06cd2bd850c,70f0aeadf475714a6648d5bcc04320b4
77586ad1b370a9107ea6a7a25aa7d7d7,97269d4d23f9c7036f21bdfc72853836
1d2e6434bfd3bc0893a0d06cd2bd850c,6387a27bdeeb1c6193e0187b82931e27
4960f59e98b15759c7b94812902a5536,f552325cd1f11b470ff61e61b5dff968
3bee551a4c05b3072ab68bd9e4ec128d,93810d2e423f68a24eadd70a5a298c6c
3bee551a4c05b3072ab68bd9e4ec128d,d75b63e9334fba5cf17befac75230f2e
cfa7c4cf294db0c3274c44724de617c8,87c0d79160d72cf7ed981c08a4b7ce01
81dc05f168bfa24b1f9c3e2fc690963b,210570ed10c02b114bd59002278f9e39
81dc05f168bfa24b1f9c3e2fc690963b,55ea7b50e715f9018e971890a3e70e3a
77586ad1b370a9107ea6a7a25aa7d7d7,09e7a493a67dc54083266952c3038126
eca33e3ef01265f6b4dcda8477b966e2,6549e87eaa0778c9e40f3fd85188ab86
4960f59e98b15759c7b94812902a5536,7110c331829e3a4d12c820e1364957bf
77586ad1b370a9107ea6a7a25aa7d7d7,08fd55448c5f59024d49c831bc137ff0
77645ad407267559c9646b8d2432996b,bb6d7a4f09c57d945f6280c8d7c05834
eca33e3ef01265f6b4dcda8477b966e2,a1daab935965f52d2552c2f515b7b605
81dc05f168bfa24b1f9c3e2fc690963b,d175295338b0575bbf9d01e8a7809bd3
a885a289c04769ff03ddeafe20148688,54aee472348fc0b924d1439b8bdb2499
eca33e3ef01265f6b4dcda8477b966e2,9be415d5bb412e7a77215580b7042110
81dc05f168bfa24b1f9c3e2fc690963b,b715a44a1134b36245f56618060932d0
7936c28af644536bff9bd2c36391a507,dc160cb75877c749bf2ae0a783f90d18
77645ad407267559c9646b8d2432996b,6bf2ef67380ba98805286b533778e363
1200380321abb10f44bbb6da7196fdbf,c0d3961536c2edf1604ff95d9e00288b
cfa7c4cf294db0c3274c44724de617c8,2816dcce24e30708b20807dd73ecd80e
9ac347c3a1eef7e456eb2026ae11a384,a29bc6adc797dc319e233929c57e316f
cfa7c4cf294db0c3274c44724de617c8,b182fe55a885e2e0a27c85ef53d38434
de4c83bab8a513b6cd10895537d8b1a2,17c15cc46262afe84f89198a81f79fff
eca33e3ef01265f6b4dcda8477b966e2,76bc446d8014910a25466b3faff67b0f
7936c28af644536bff9bd2c36391a507,a7d6164af1ffa21a6768b59e16dd5dce
cfa7c4cf294db0c3274c44724de617c8,b597485d99faeabb0cc8a894af9a31ee
cfa7c4cf294db0c3274c44724de617c8,a344876acf351b40ff316ec6c74ec2ad
81dc05f168bfa24b1f9c3e2fc690963b,90b46b77eb1c55c8151cc40aeb97f41b
3bee551a4c05b3072ab68bd9e4ec128d,bed26695b30d978b86e5304788bdc62c
7936c28af644536bff9bd2c36391a507,d1eeade5b13bc6f557ee6561e1d856fe
1200380321abb10f44bbb6da7196fdbf,58b83168df23688d6780ce0dc901c9e3
4960f59e98b15759c7b94812902a5536,74766b727578e300901975048098831c
eca33e3ef01265f6b4dcda8477b966e2,61f07a80036547f88654a3896bf77185
543f7361b9310b3e55a10c9c4569158c,fa0d226aa318234184b30d0c1a8798fa
1200380321abb10f44bbb6da7196fdbf,fd5d875fa908897187e9fa454a11f1e8
77586ad1b370a9107ea6a7a25aa7d7d7,14e9903d64e2fde2f61265da9b5526ad
543f7361b9310b3e55a10c9c4569158c,6f39580f2abd010cc075c0d2d0e968f3
5c2d685aeaa92b376c5021355b3a62ac,05d5914561e9f02968d3a7c3a35ea8f1
4960f59e98b15759c7b94812902a5536,6ca810e9673416c21cba40667fb7fb6e
1d2e6434bfd3bc0893a0d06cd2bd850c,2064f7c16df10ee8660841a244cb5116
1200380321abb10f44bbb6da7196fdbf,c4de5b749b790bbe4cae89770f38eee8
7936c28af644536bff9bd2c36391a507,f850fe0d38257b176bdfeaff89254c87
a885a289c04769ff03ddeafe20148688,2e65d0d46331ec768a4e6d51e8845dbe
a885a289c04769ff03ddeafe20148688,6f5426175272de16853926ebdb0d03f6
9ac347c3a1eef7e456eb2026ae11a384,00ef9b9cc527fb7b9dd3fc112b10b411
7936c28af644536bff9bd2c36391a507,8c7a55ea965a01dd579c88cbce62c40f
77586ad1b370a9107ea6a7a25aa7d7d7,55c01d4c04f4b8d712b7f065b3811116
eca33e3ef01265f6b4dcda8477b966e2,cd1b0e19bc8d864ed269d0700abe994a
543f7361b9310b3e55a10c9c4569158c,52b60e768facfd7f0e344a1073e16e94
1200380321abb10f44bbb6da7196fdbf,25885025c2a5e0cdd3e24d596854f3cd
7936c28af644536bff9bd2c36391a507,9482b0412986cd747d8224cf8620ba9d
7936c28af644536bff9bd2c36391a507,23c538dae3f1775457677d4aa3b4005b
a885a289c04769ff03ddeafe20148688,236995ffdf0963fdedfb5a3929b54312
5c2d685aeaa92b376c5021355b3a62ac,0b577bbcc55eb408c15d9da560a611f6
a885a289c04769ff03ddeafe20148688,8075207b5dd84bec2cffa234afe686f9
1d2e6434bfd3bc0893a0d06cd2bd850c,9a88d70a0e8fd7151f1dbf52a25d9689
4960f59e98b15759c7b94812902a5536,6b07bb7e5d85036703cc13402d68058f
81dc05f168bfa24b1f9c3e2fc690963b,ff9491f3dbc677bfd2d69540ca271d86
81dc05f168bfa24b1f9c3e2fc690963b,3774d8eac71dfb655086351accf6ee79
1d2e6434bfd3bc0893a0d06cd2bd850c,815b446466b230276fa7cb3ad47c32e8
7936c28af644536bff9bd2c36391a507,90a177556f848c57284edb0249cf54df
de4c83bab8a513b6cd10895537d8b1a2,a9a9d14d5929890ae9a13b57badb9bbb
5c2d685aeaa92b376c5021355b3a62ac,8a69541336270f3a6d86ade8a7c873a7
1acfc1e3ad6755c5ac99d7fca4327490,6793b4366661d881ee3a75c0f002f258
77586ad1b370a9107ea6a7a25aa7d7d7,3b2c9db81a556b9a0c55af34ae067738
5c2d685aeaa92b376c5021355b3a62ac,beca453cc6d007058c417616bcee7449
4960f59e98b15759c7b94812902a5536,4c1eb1472544a50a50999cb7b9b17125
1200380321abb10f44bbb6da7196fdbf,dea5196a639fb1f5d91965ace841ebeb
543f7361b9310b3e55a10c9c4569158c,e771325254386b584f4b519a70c02ff3
9ac347c3a1eef7e456eb2026ae11a384,eafe1262d5f8005210f0b3aea8d564fe
1d2e6434bfd3bc0893a0d06cd2bd850c,749c58f54598ea59a5e53ebe240a9390
cfa7c4cf294db0c3274c44724de617c8,3d45f56c6675eee01b27f3b96761ce70
de4c83bab8a513b6cd10895537d8b1a2,beb00c5588e30ccab0e63ce233a29321
4960f59e98b15759c7b94812902a5536,56a239ccbaef471bf80802a43d4d7d0f
543f7361b9310b3e55a10c9c4569158c,8755b43c0d6d7a3109db85b0e0cdde93
de4c83bab8a513b6cd10895537d8b1a2,fa9504ad7725527a1c998ebfa278ebc7
5c2d685aeaa92b376c5021355b3a62ac,448c125dc0046834ee39e1b88f1d34ae
543f7361b9310b3e55a10c9c4569158c,bfc97db566682eb063fe7a390d4020e5
a885a289c04769ff03ddeafe20148688,315b464320145a4ae2cdc439948f587f
5c2d685aeaa92b376c5021355b3a62ac,0d94a9a258ae1c6308fbe934364459fa
5c2d685aeaa92b376c5021355b3a62ac,d2002ea8647bcec63917667a6f21a480
1acfc1e3ad6755c5ac99d7fca4327490,2576b0b5841ff292a4000f0021473911
a885a289c04769ff03ddeafe20148688,256d0b35f424fc4e6e1364f7c2ab7c8d
5c2d685aeaa92b376c5021355b3a62ac,a13eff8d7ee1646968c002803deeed7f
9ac347c3a1eef7e456eb2026ae11a384,3a915aa26de87d20fea16010184cbd23
1d2e6434bfd3bc0893a0d06cd2bd850c,7b2d0d2a50c779e6b71077f1f8c4b15a
81dc05f168bfa24b1f9c3e2fc690963b,e09bf44fc111452a770fe8d65c7d5e91
81dc05f168bfa24b1f9c3e2fc690963b,2a4b614baf4f44f55167bfb1284c8ad4
1d2e6434bfd3bc0893a0d06cd2bd850c,7968067a60234915d86588f449683e3d
a885a289c04769ff03ddeafe20148688,454cc802d76a5b561053bfd7225823e4
4960f59e98b15759c7b94812902a5536,6f19ad9c56ab6cccd1b580b15a6c1860
cfa7c4cf294db0c3274c44724de617c8,eca025f5b883f0232f6be534445ceaf3
81dc05f168bfa24b1f9c3e2fc690963b,0b6ba92678ddf2a9b1a31e3f0856cc9f
7936c28af644536bff9bd2c36391a507,3ce753b54dbed50563ebfbf2728badc6
77645ad407267559c9646b8d2432996b,0f005c659d50743ecf8d75384fc607c9
543f7361b9310b3e55a10c9c4569158c,c1dae04fae9637e17decc8d821ec2c90
81dc05f168bfa24b1f9c3e2fc690963b,ccd233bc1de43e54db358576632e84b6
4960f59e98b15759c7b94812902a5536,54298615b2a62ddc1b740f8fd6e2cffe
a885a289c04769ff03ddeafe20148688,5912b830e6be92bd8defdafa4ba41434
5c2d685aeaa92b376c5021355b3a62ac,220ff1e758a36ab04d0d601ee230e1bf
1200380321abb10f44bbb6da7196fdbf,b4b4f89c81c3412381672a582919478e
1d2e6434bfd3bc0893a0d06cd2bd850c,65eff39dd9ae84922d4c3b2714c3050f
1acfc1e3ad6755c5ac99d7fca4327490,19d5fa2496c23e37edba69102f29868c
1acfc1e3ad6755c5ac99d7fca4327490,a19f5ce78c792dae6f2686b5f8dbd10d
9ac347c3a1eef7e456eb2026ae11a384,377bbddaddda853ab5849557dff6226d
1d2e6434bfd3bc0893a0d06cd2bd850c,0457fdbae72b9a8cf0ab987f55f10bec
77586ad1b370a9107ea6a7a25aa7d7d7,ca61347af42823bf80e0b82f04a191b1
9ac347c3a1eef7e456eb2026ae11a384,b9a603e0d88b4b0fd89a658ec34c8c6d
5c2d685aeaa92b376c5021355b3a62ac,45bcf7d4d058c7e990bc2d0d669ea643
81dc05f168bfa24b1f9c3e2fc690963b,248496798ee42fb6cfeba46cb69679c6
cfa7c4cf294db0c3274c44724de617c8,3cd048505707779bc6a05760db1de30c
77586ad1b370a9107ea6a7a25aa7d7d7,d5e9002abcbdccac3c485d13bbdc5254
3bee551a4c05b3072ab68bd9e4ec128d,1d2e6434bfd3bc0893a0d06cd2bd850c
eca33e3ef01265f6b4dcda8477b966e2,fd73de423455f7186f0eb56d109e2994
77645ad407267559c9646b8d2432996b,a022b731139015ae4e96589ce5316bfb
de4c83bab8a513b6cd10895537d8b1a2,1a715e3b4bb32ae5d1b5fff6e0c4ccd2
cfa7c4cf294db0c3274c44724de617c8,c0f4989772df948ac2b4b016a9391f25
9ac347c3a1eef7e456eb2026ae11a384,b35e6211e22d60e17b72125bba2258e2
9ac347c3a1eef7e456eb2026ae11a384,80c715c646c2a56dd99a612539dbc2ee
9ac347c3a1eef7e456eb2026ae11a384,2b8f7592b042b2327cc97adbc04b5cb6
7936c28af644536bff9bd2c36391a507,4e790ce851d0562683a476423d1d6d0a
9ac347c3a1eef7e456eb2026ae11a384,da8e5b441d9d4a8909fe1f32e90473c1
77645ad407267559c9646b8d2432996b,79757b17a5e25741d1ed5a3bd3e693a6
cfa7c4cf294db0c3274c44724de617c8,a19d8851e494969af79491385eb24188
1d2e6434bfd3bc0893a0d06cd2bd850c,b65a5ac5bd9ecd775f60c3a42bbd94a8
543f7361b9310b3e55a10c9c4569158c,43e587128fd3094be7bd2ff61a316c7d
3bee551a4c05b3072ab68bd9e4ec128d,72e25202beebcaec0dc4c27bb14fb9d3
4960f59e98b15759c7b94812902a5536,2552e827c92f80d1cfd68acdeaf8ce3e
1acfc1e3ad6755c5ac99d7fca4327490,40ad5b3913ccadd8f37023c9525e7efd
81dc05f168bfa24b1f9c3e2fc690963b,3d4bf2a940b929f61aaefce300305075
cfa7c4cf294db0c3274c44724de617c8,f983cfe4acf879bdfa72bc7bd947521e
4960f59e98b15759c7b94812902a5536,2a464283d961e3647cbdb57fe1bfb298
77586ad1b370a9107ea6a7a25aa7d7d7,5ac43d57e958b35e41971eda46333f04
77586ad1b370a9107ea6a7a25aa7d7d7,e9f928cd473b8c1812c5e14a6f32d350
9ac347c3a1eef7e456eb2026ae11a384,5f7eaf57fed74f8b5480a26177a37172
7936c28af644536bff9bd2c36391a507,df26e5402a5807678c70716696c729f1
1200380321abb10f44bbb6da7196fdbf,4800a76871565b87fae1587c934e6217
1d2e6434bfd3bc0893a0d06cd2bd850c,ac4fdf2bcce3908aa67c01a04326a82b
3bee551a4c05b3072ab68bd9e4ec128d,b6c3941af01f7e96ea18a493562c2fb9
de4c83bab8a513b6cd10895537d8b1a2,c83895f903bd44c16fc9cf68dde1a1b6
1200380321abb10f44bbb6da7196fdbf,29530c1be062c6d514bac440d5f99b0f
1200380321abb10f44bbb6da7196fdbf,1fb033feec0e5fe7a20213761333350b
9ac347c3a1eef7e456eb2026ae11a384,a2ce98541af30013a95b71e27b807e76
3bee551a4c05b3072ab68bd9e4ec128d,17bb1c5d948662030efe1b2c2218ad9c
1acfc1e3ad6755c5ac99d7fca4327490,fa15c2031b7c5f679b6f430318097a36
3bee551a4c05b3072ab68bd9e4ec128d,e0749a6e7cd2d559013b36a995799184
4960f59e98b15759c7b94812902a5536,3a42b49be43470468acdea7eb149b890
77586ad1b370a9107ea6a7a25aa7d7d7,de4c83bab8a513b6cd10895537d8b1a2
77586ad1b370a9107ea6a7a25aa7d7d7,2269ec1cc1b7f255ee18715e378526cf
5c2d685aeaa92b376c5021355b3a62ac,0d05e79aee690ef2d36f6f42e535abcb
4960f59e98b15759c7b94812902a5536,4da143db464b0747c122d8407072c52b
81dc05f168bfa24b1f9c3e2fc690963b,990c6eeeace040546165631abc279cf4
1d2e6434bfd3bc0893a0d06cd2bd850c,0b6e0b5c9ca0c40528355fbf09b05bd1
a885a289c04769ff03ddeafe20148688,23e52eb15a3ac0cad92ebf87dbaac065
1200380321abb10f44bbb6da7196fdbf,a945098de4e3ba07a60aef9313f85c70
4960f59e98b15759c7b94812902a5536,43427594c0fa9d90e8618425bcf67299
81dc05f168bfa24b1f9c3e2fc690963b,4af88a9622cdbec3d61cf27648dfd312
1acfc1e3ad6755c5ac99d7fca4327490,3f10fac82873b4f0a7f4482c8d1611d0
3bee551a4c05b3072ab68bd9e4ec128d,7bf45c701bb29d91676c56429b41675f
cfa7c4cf294db0c3274c44724de617c8,006b4e953e2bba08776e73372cef9382
1acfc1e3ad6755c5ac99d7fca4327490,7568fd1424a9e4d2cd78812280d47abe
cfa7c4cf294db0c3274c44724de617c8,3aa37406776d530d6c20934043836e59
81dc05f168bfa24b1f9c3e2fc690963b,8f7de1e2099a207ee97f6d4e730fe462
3bee551a4c05b3072ab68bd9e4ec128d,ebdad30809c019d3334ea32f798b610c
a885a289c04769ff03ddeafe20148688,69f259bc3fdbed7ffe0144b1123af68f
de4c83bab8a513b6cd10895537d8b1a2,701ab38e432e44881dc141aafd63415b
3bee551a4c05b3072ab68bd9e4ec128d,63e5f3e796dd36d3033eb75a31733f80
a885a289c04769ff03ddeafe20148688,b972b699fd9ad4c086a7981b4b2d91c0
5c2d685aeaa92b376c5021355b3a62ac,562cb5dc69e73b00db6b5921ea83219c
4960f59e98b15759c7b94812902a5536,22fdecc1705268fc2c4d30efd5fd94ff
77586ad1b370a9107ea6a7a25aa7d7d7,a5eb84fa6f2168a90dd529c37ae54346
81dc05f168bfa24b1f9c3e2fc690963b,9ae93549ef4815f546df43ee120e18a6
4960f59e98b15759c7b94812902a5536,c2666524ffa8ada1cafc3d5f1259e9aa
de4c83bab8a513b6cd10895537d8b1a2,c705d217752dd50bf1d1ffdbf66971ed
a885a289c04769ff03ddeafe20148688,97efb59454b119ad0b6e30ff5d2c0410
cfa7c4cf294db0c3274c44724de617c8,7936c28af644536bff9bd2c36391a507
4960f59e98b15759c7b94812902a5536,72b12e887578c2f95db946e4661f5866
5c2d685aeaa92b376c5021355b3a62ac,2a33e148e4280aada6b0370270a14b26
3bee551a4c05b3072ab68bd9e4ec128d,54f9a1038757c3596657ad91c515ecf9
9ac347c3a1eef7e456eb2026ae11a384,6d9daec41229de6e540e30a4baa86ebe
cfa7c4cf294db0c3274c44724de617c8,4c6eecf541dc70f4ca05958effc0582e
543f7361b9310b3e55a10c9c4569158c,30bcb8aabe915f3022baa6f74f85b2e0
77586ad1b370a9107ea6a7a25aa7d7d7,ba5cf70f4b8c425176bcdb960b6295e9
de4c83bab8a513b6cd10895537d8b1a2,c5474301a7cc963d59baac80dcf616a5
77586ad1b370a9107ea6a7a25aa7d7d7,5e450c7178224b700cbb89ea1415eb11
1d2e6434bfd3bc0893a0d06cd2bd850c,52aa8304d0eb5755c468e51478b78d68
cfa7c4cf294db0c3274c44724de617c8,3e544f29009dc1d8c9a28b4b28ed8c44
543f7361b9310b3e55a10c9c4569158c,fee28290db1dc4024c82374fa26266b9
3bee551a4c05b3072ab68bd9e4ec128d,66fa7f9719aa221d24e69595f2b832c7
3bee551a4c05b3072ab68bd9e4ec128d,ffd95a7d878de8198eb4e1214871df47
cfa7c4cf294db0c3274c44724de617c8,e1c743e6617dda0699fec272594b4930
77645ad407267559c9646b8d2432996b,7f9734497e0bbbdae9d8c7e80b522fe4
1d2e6434bfd3bc0893a0d06cd2bd850c,c0502bbe9fbcc552199e8e3ae2d84b4d
1d2e6434bfd3bc0893a0d06cd2bd850c,77152d4f7d13e85ef899761438b71f3b
cfa7c4cf294db0c3274c44724de617c8,252857284cad1f3f61418fc55d108021
7936c28af644536bff9bd2c36391a507,069b9d972eba7d643c03ef4e1d558078
eca33e3ef01265f6b4dcda8477b966e2,1b5e75a57349f70b041e93f94ff4d4ec
1200380321abb10f44bbb6da7196fdbf,951bf5bd872ea48d009932f507743eda
1acfc1e3ad6755c5ac99d7fca4327490,3867b19498545d0fbfca488151d6ad42
3bee551a4c05b3072ab68bd9e4ec128d,6673627d80e7ca68ab675b89f255c2d8
eca33e3ef01265f6b4dcda8477b966e2,42f75084c0baba9b40624eb1d2066cfb
1200380321abb10f44bbb6da7196fdbf,b2e61d7a4ef58752cfaf24a0c8866eea
cfa7c4cf294db0c3274c44724de617c8,2a1dd89a983573dc62c598e974b6d6ea
77586ad1b370a9107ea6a7a25aa7d7d7,e374a7dcdf1223af93662481438c4761
5c2d685aeaa92b376c5021355b3a62ac,973e9719031a8df77b2b2e30fcb9d1a3
5c2d685aeaa92b376c5021355b3a62ac,19e50bd0d1deabae1320c3810c4a36e8
7936c28af644536bff9bd2c36391a507,d685241ca09a527b64f47ed77ffcfdcf
cfa7c4cf294db0c3274c44724de617c8,62905fb0785f0edd3422110050a74024
81dc05f168bfa24b1f9c3e2fc690963b,5ae866e0bb8293f3d56ea5480c44ee65
1acfc1e3ad6755c5ac99d7fca4327490,7ad6054ac2ecab0d6688bc1e9c144c3a
77586ad1b370a9107ea6a7a25aa7d7d7,1990052bc7900cebc4e59360eb25391c
3bee551a4c05b3072ab68bd9e4ec128d,adcc7556ea64fae53f82413a6057d544
81dc05f168bfa24b1f9c3e2fc690963b,e799db0134d1ecc64211a50a606e11c7
9ac347c3a1eef7e456eb2026ae11a384,85c9e21a17734993aca9ec88449e4293
a885a289c04769ff03ddeafe20148688,2587c8e1eb7e2622a09d57a97a819691
4960f59e98b15759c7b94812902a5536,d9aef2d7c237c511323b50d64a37aabc
77586ad1b370a9107ea6a7a25aa7d7d7,d23a0ae07b5abf14259d92811aad8465
3bee551a4c05b3072ab68bd9e4ec128d,30de121647ff5c0353d862a9acd86438
1200380321abb10f44bbb6da7196fdbf,c712904516d22b7cf1f532583f03cc4e
1d2e6434bfd3bc0893a0d06cd2bd850c,3dea4211e6bedcd9141b862d988a0280
5c2d685aeaa92b376c5021355b3a62ac,b8872253069abefd40118985b2df6bf4
a885a289c04769ff03ddeafe20148688,96a87e2011ea66d0d48389f133382067
7936c28af644536bff9bd2c36391a507,d3c9b771ade8561369d1c5066bbe669e
1d2e6434bfd3bc0893a0d06cd2bd850c,e6412e716b2421cfbc35142de994bc22
7936c28af644536bff9bd2c36391a507,d83f94bf4b8adbe32bf84e8188823b57
543f7361b9310b3e55a10c9c4569158c,9ea28a356ce441448417d9f0227d62b6
a885a289c04769ff03ddeafe20148688,8631cf5c0122c3ed462e0523800c37b6
4960f59e98b15759c7b94812902a5536,fe0429298ac794f5b03ee0adaa21b781
543f7361b9310b3e55a10c9c4569158c,13d00f974e6af83fea84bed6d5723abe
a885a289c04769ff03ddeafe20148688,ae45ae406ae9b350adfd4ef974922dfd
77645ad407267559c9646b8d2432996b,9b06e290cef806d541063d72e888fe1c
4960f59e98b15759c7b94812902a5536,0d16fd2b52ee78825dd3f71f69b1f958
eca33e3ef01265f6b4dcda8477b966e2,3f55d0eb92f6cccf825a3ba65b3494b1
77586ad1b370a9107ea6a7a25aa7d7d7,e3b67a2c8110d666e9ab91fbed957138
5c2d685aeaa92b376c5021355b3a62ac,6b0e7468dfcf9e4bd6b6d95ed0c7d7ba
1d2e6434bfd3bc0893a0d06cd2bd850c,0660cc86d9195b37b366c7a96a4347d5
5c2d685aeaa92b376c5021355b3a62ac,40b9afc3859e16103bc86de9adeeda5e
4960f59e98b15759c7b94812902a5536,c15e2799e0ce661930aac169be17bf73
81dc05f168bfa24b1f9c3e2fc690963b,a3449e03f3650b2f45a979dcbfef4d4b
a885a289c04769ff03ddeafe20148688,c77167c60f37811515803f37d7e127a4
de4c83bab8a513b6cd10895537d8b1a2,584ed410d84f78c90fc9d488f1d046fb
1200380321abb10f44bbb6da7196fdbf,cb548cd1e6245f85764ab16ed6b82802
1acfc1e3ad6755c5ac99d7fca4327490,752eba3f6fe74ad599b1c9b1073207cc
81dc05f168bfa24b1f9c3e2fc690963b,4caa7ea85c6bf808fbea521404270231
1200380321abb10f44bbb6da7196fdbf,46d5cdfe8cc90bc13f84004abc2bd10f
543f7361b9310b3e55a10c9c4569158c,50804dd88fd874fbfe9fbc1d63c73b95
77586ad1b370a9107ea6a7a25aa7d7d7,19a5cf248af0799e86bc8c44db3ecaf7
543f7361b9310b3e55a10c9c4569158c,bf4a8f08c82f7ac6c294a69844f53c36
77586ad1b370a9107ea6a7a25aa7d7d7,61141bac00940db9dbc0da0be6b39b1b
eca33e3ef01265f6b4dcda8477b966e2,9ac347c3a1eef7e456eb2026ae11a384
77586ad1b370a9107ea6a7a25aa7d7d7,56faab3a6ffcfde008e90ba0b110b098
1acfc1e3ad6755c5ac99d7fca4327490,afec876b08a1dc42794105362d632f0e
7936c28af644536bff9bd2c36391a507,567faa8120a2cb355aa187581933ecac
9ac347c3a1eef7e456eb2026ae11a384,ba6609cf338efdff882726f0a2d687c6
77645ad407267559c9646b8d2432996b,17fcde9291080984e8e832b16061919f
77645ad407267559c9646b8d2432996b,a3ac78e23c46149b3e1cb01b7bdd2138
de4c83bab8a513b6cd10895537d8b1a2,7e485d8444b55a2276f16bf829b6cf52
eca33e3ef01265f6b4dcda8477b966e2,cf249ab8cd5c1155a714e73b3a5f232a
77586ad1b370a9107ea6a7a25aa7d7d7,5c2d685aeaa92b376c5021355b3a62ac
7936c28af644536bff9bd2c36391a507,4507a14dca568d1cb324bc4d6e846fc4
9ac347c3a1eef7e456eb2026ae11a384,54ba3065ff5bcdd5129af05c1edbfac4
1d2e6434bfd3bc0893a0d06cd2bd850c,b62f5db4577a723639c28fc0b75efaaf
5c2d685aeaa92b376c5021355b3a62ac,cfa7c4cf294db0c3274c44724de617c8
1acfc1e3ad6755c5ac99d7fca4327490,8865ae3702212d91081e98bcc0af0419
7936c28af644536bff9bd2c36391a507,59f481497578abd8d0a6fb2dd2311a65
3bee551a4c05b3072ab68bd9e4ec128d,7fcb574fce50ddf65c1c724f59152041
de4c83bab8a513b6cd10895537d8b1a2,a28f5a6629d42bc739b1a699420f73cf
1d2e6434bfd3bc0893a0d06cd2bd850c,39addee8700ff85755e8d0a2f66af93c
a885a289c04769ff03ddeafe20148688,a889224949a94887004864ca4f4215ec
7936c28af644536bff9bd2c36391a507,14431c1e0df698ed8793438c3fbea95f
1d2e6434bfd3bc0893a0d06cd2bd850c,ba933c06acb829e7318302c8af62be0d
9ac347c3a1eef7e456eb2026ae11a384,85743e9f03620346c0e85afdbc8c7c61
1acfc1e3ad6755c5ac99d7fca4327490,feefb7399f6b7bf8f531765b396e4cc9
4960f59e98b15759c7b94812902a5536,6a520221f1eb2ba19fbe9ae2612d965e
543f7361b9310b3e55a10c9c4569158c,dbfbb49bf6abb2e93337367f013bb88c
1200380321abb10f44bbb6da7196fdbf,c859426c41ee67336d9104d8a2c98999
5c2d685aeaa92b376c5021355b3a62ac,527c69e42f04b5a081bcbf97db724e6a
cfa7c4cf294db0c3274c44724de617c8,b38a336dac0ffa4400018f7651f7c2a9
77645ad407267559c9646b8d2432996b,5807a89548bf0440dac8edadb9501c78
eca33e3ef01265f6b4dcda8477b966e2,e7af6d7a3e9251c96c451295914a8bd6
1d2e6434bfd3bc0893a0d06cd2bd850c,8a83f9bad296097c4709a09232f9aaef
3bee551a4c05b3072ab68bd9e4ec128d,8206ad793189252b15ee00efc14165f0
543f7361b9310b3e55a10c9c4569158c,ea311ab790fe7f5ecb4f37c16a9fa6e4
1200380321abb10f44bbb6da7196fdbf,c800f9f487383ca9715745526e7fe89c
5c2d685aeaa92b376c5021355b3a62ac,3d0742a7a955811225639a8d941900ed
cfa7c4cf294db0c3274c44724de617c8,c5efd5c0cef94c37b58d0fc39715e612
1acfc1e3ad6755c5ac99d7fca4327490,004b9668e6317ef4e61357557ea0fb7d
eca33e3ef01265f6b4dcda8477b966e2,7fd6718fe18dcce7acf189f42768918b
1acfc1e3ad6755c5ac99d7fca4327490,1570ace6b8b92bca0363acb688122c1a
cfa7c4cf294db0c3274c44724de617c8,1e77cdcfb9a643f4279c5473a3112d53
cfa7c4cf294db0c3274c44724de617c8,24d628a9fb84b3427dbff4d9b6db2781
81dc05f168bfa24b1f9c3e2fc690963b,0737e9d58573ce162a8d1309bb2d0086
5c2d685aeaa92b376c5021355b3a62ac,53abdbb830b2c505a363f4fa5808ae58
9ac347c3a1eef7e456eb2026ae11a384,15e1fd0662c2d07c78bd08cd3f425a8c
7936c28af644536bff9bd2c36391a507,d42023480c2046507af6c4e824ae0a0c
eca33e3ef01265f6b4dcda8477b966e2,6569706ad86d6344cae6f1ab0319c021
a885a289c04769ff03ddeafe20148688,a313c5cf263da8360eca61249541a714
4960f59e98b15759c7b94812902a5536,eb9a2fa7fdc14cbc52d23c9f80201e4c
77586ad1b370a9107ea6a7a25aa7d7d7,fd5f8d1c5bfeb433eee545a5b57d56a7
9ac347c3a1eef7e456eb2026ae11a384,822440fd424f36e02f6ae77eda228729
cfa7c4cf294db0c3274c44724de617c8,7558107a71a29ece96cce32ad7720c0e
de4c83bab8a513b6cd10895537d8b1a2,65c2c66d1507fd53dd24e2a6bc41ce27
9ac347c3a1eef7e456eb2026ae11a384,bfde76796709a31d752a892a72209ab6
81dc05f168bfa24b1f9c3e2fc690963b,07c7fb15c144d81fe69fe434826a2ae7
77586ad1b370a9107ea6a7a25aa7d7d7,381ddce0e1e6b326a2ea75d037ff16b3
9ac347c3a1eef7e456eb2026ae11a384,e832751a1a92c72ea5d4c1a0f0ad3206
de4c83bab8a513b6cd10895537d8b1a2,c211ec0d338ac8ba29b9632182dc182f
5c2d685aeaa92b376c5021355b3a62ac,6f3f3caa0cd8f194d862896e9c9e7adb
1200380321abb10f44bbb6da7196fdbf,ec87c1918d37b23ecd80fdeb49acccda
1d2e6434bfd3bc0893a0d06cd2bd850c,54549b64b7c336bdd1e339cff4bd44c1
81dc05f168bfa24b1f9c3e2fc690963b,9de09fbdd26de171521600a109dbcb31
5c2d685aeaa92b376c5021355b3a62ac,97a6d28575211d2025cc1fffa3c8b0e2
77645ad407267559c9646b8d2432996b,19cc106b958cd56533c75ebd4ce255b4
a885a289c04769ff03ddeafe20148688,199e91d95e1b544ef3e6dca426254ba8
77586ad1b370a9107ea6a7a25aa7d7d7,5c7ad4218abfbd9375cb5476c064d8a8
5c2d685aeaa92b376c5021355b3a62ac,d7f9e9e21ddbdcfd61ad53456d7aa7e2
1acfc1e3ad6755c5ac99d7fca4327490,b264ebe1ee0c433e9dbaf171c71270f3
1acfc1e3ad6755c5ac99d7fca4327490,a45ca388dfd6a7e38f8de570dd1bde5f
1acfc1e3ad6755c5ac99d7fca4327490,de65d609d2fdc522a290468d4e048180
1200380321abb10f44bbb6da7196fdbf,c429495a86b26de36df0b2e93aa90eff
1acfc1e3ad6755c5ac99d7fca4327490,e152b2e6cc6ffe29aa0391e0eca38b3b
4960f59e98b15759c7b94812902a5536,ecd7ae63e495e6528f0464558573b247
3bee551a4c05b3072ab68bd9e4ec128d,4960f59e98b15759c7b94812902a5536
3bee551a4c05b3072ab68bd9e4ec128d,bbaf8ca3dc2d17d64b29e10a61fad7cb
77586ad1b370a9107ea6a7a25aa7d7d7,33d46b7daa9173d08d796fa761814e59
a885a289c04769ff03ddeafe20148688,c1cb455a596f57a1b089db0681e6f206
5c2d685aeaa92b376c5021355b3a62ac,47d34de3302a7548b41a757ff8891eca
a885a289c04769ff03ddeafe20148688,a611bb0463316a188b03ea1ae1a09245
4960f59e98b15759c7b94812902a5536,4d723cd8c340428d7a24fb542b2c361b
5c2d685aeaa92b376c5021355b3a62ac,7668a85732deaeab41ecf504b52168f7
9ac347c3a1eef7e456eb2026ae11a384,4e660fd6fce9264f2a5dcecea1f28e98
1200380321abb10f44bbb6da7196fdbf,57d0da70a43a1fdffadea064d8df4deb
de4c83bab8a513b6cd10895537d8b1a2,3c04f322775119fd3919eb85c7c67509
1d2e6434bfd3bc0893a0d06cd2bd850c,7832fa4a1ecb37344aaf170a5dc224d0
cfa7c4cf294db0c3274c44724de617c8,b3e316e6fa5caec1b262ec183b6e3ec9
9ac347c3a1eef7e456eb2026ae11a384,c66aa7fabe295dc8dc43d7e73debae1b
543f7361b9310b3e55a10c9c4569158c,e12b67737e02b21a52da26bf5ba99222
de4c83bab8a513b6cd10895537d8b1a2,e64946a7e4effd9d43a29c48b19cbf15
eca33e3ef01265f6b4dcda8477b966e2,e16644d8418aa671e5f62943924834df
9ac347c3a1eef7e456eb2026ae11a384,becdab548654924c8a3ce10fa4526e34
cfa7c4cf294db0c3274c44724de617c8,ce36bb54400e6ae6d8f354e34dad3323
77645ad407267559c9646b8d2432996b,ec609cb62670dc14d31de697f5010853
1200380321abb10f44bbb6da7196fdbf,bf729e12a1c6d066d255d764b85e6d6f
eca33e3ef01265f6b4dcda8477b966e2,3b793a4a4ae2a72d37c97515d497a306
eca33e3ef01265f6b4dcda8477b966e2,778d176833866fdc266e07dbcbbcc2df
3bee551a4c05b3072ab68bd9e4ec128d,ca15d70af94dc7bc3f3417d8cbc93d23
81dc05f168bfa24b1f9c3e2fc690963b,97911a9b7ea3bacee64e76e2e7f8c17b
9ac347c3a1eef7e456eb2026ae11a384,229892af5e89760cd67d45ce69bf3de8
1acfc1e3ad6755c5ac99d7fca4327490,888c19fe5c71ccaad1c80cd57ce3bc32
7936c28af644536bff9bd2c36391a507,bd4a3fd8447c9eb06af4802e44094b07
9ac347c3a1eef7e456eb2026ae11a384,a802080a2fc3ff0fd8e0ac12a7fddcc6
eca33e3ef01265f6b4dcda8477b966e2,9dea3858953857cbcbdebfb4891a30c8
a885a289c04769ff03ddeafe20148688,c39e8901017bb3aa074c11fcaa5d0692
1d2e6434bfd3bc0893a0d06cd2bd850c,a491c4862213835deedce6f0465ff512
cfa7c4cf294db0c3274c44724de617c8,6c065e763932b8dfdb6d9f94d5a267cc
77645ad407267559c9646b8d2432996b,82131021f373ad38b0fa2eb09be8afab
5c2d685aeaa92b376c5021355b3a62ac,ff7f9f6a602c26299b58e44166da22d2
5c2d685aeaa92b376c5021355b3a62ac,aaf338d5a396b2939bbcf1406e7aaaba
543f7361b9310b3e55a10c9c4569158c,83493801dd0f8fc67f9f72f5f1762a84
5c2d685aeaa92b376c5021355b3a62ac,66fb2edf9dd43cd2f90895b0ac1fd571
de4c83bab8a513b6cd10895537d8b1a2,57b4d58944f39523f213e6b57691a63f
543f7361b9310b3e55a10c9c4569158c,9aeec2e24955c46055e69244dab6429a
de4c83bab8a513b6cd10895537d8b1a2,3fef0e953486739883a1fd44288106f8
81dc05f168bfa24b1f9c3e2fc690963b,9ba18f32d24a05c0a4df1504757b3f40
de4c83bab8a513b6cd10895537d8b1a2,f529f2c0d67f35a8768b9fd10beed81e
de4c83bab8a513b6cd10895537d8b1a2,409ab177613fb6d4a554fbffb4e49fb3
77586ad1b370a9107ea6a7a25aa7d7d7,0b76778ac9dc38d049a914f90c896310
a885a289c04769ff03ddeafe20148688,caa17d9705fd9f6d0702bfd660e4c04a
4960f59e98b15759c7b94812902a5536,6fb53e068a72ad7af6c7121434b1f02a
1acfc1e3ad6755c5ac99d7fca4327490,fef71b8df708ce1914d5bb81b9afc713
3bee551a4c05b3072ab68bd9e4ec128d,7740848eb6005d392e37fe8688082ca8
1d2e6434bfd3bc0893a0d06cd2bd850c,a14977bc6c0822dd9b7ba4de256f451f
543f7361b9310b3e55a10c9c4569158c,66cf080c7db037264fda6c2c604b9ee7
cfa7c4cf294db0c3274c44724de617c8,edea502774dc75f5ece47f04f483d022
7936c28af644536bff9bd2c36391a507,f016495878d10600d102a5cf488bbba7
a885a289c04769ff03ddeafe20148688,cd70d5557347222a10b28f058b50f1ef
7936c28af644536bff9bd2c36391a507,bb3842b958c10755f7765747ef544b12
1acfc1e3ad6755c5ac99d7fca4327490,414997102292a143d9fa1e83a06be5b3
77645ad407267559c9646b8d2432996b,3c11b98ca60ead1bbb559f8820d6b8ad
de4c83bab8a513b6cd10895537d8b1a2,506fb7f702747f404739ac72d0e8e02e
5c2d685aeaa92b376c5021355b3a62ac,65d0d1cd809556feabe7feebd9148930
77586ad1b370a9107ea6a7a25aa7d7d7,146dc23c47f64d66afec878e72bbb397
543f7361b9310b3e55a10c9c4569158c,4dfd0603d6a21d6506a89fee3e46a6f3
7936c28af644536bff9bd2c36391a507,4feef3c0656db7155afc87739174bcfd
9ac347c3a1eef7e456eb2026ae11a384,20a5d67698fbea5b9d9b08d20f9793ee
eca33e3ef01265f6b4dcda8477b966e2,a787e4c90cf0c91be510dad7d26788b8
543f7361b9310b3e55a10c9c4569158c,ec6de47b81b231b740760324f3fbe25b
a885a289c04769ff03ddeafe20148688,bab025416da3301fb373b91cb81046e6
77645ad407267559c9646b8d2432996b,ea194616011d47d18cd432fbafebc011
77645ad407267559c9646b8d2432996b,6335262302280a04f606de09d62a5bda
cfa7c4cf294db0c3274c44724de617c8,5e90ae74ca4d7c4dbfa30173d6bb7afb
4960f59e98b15759c7b94812902a5536,77c00fdf5ae43f7b2c706ed863a9cf7a
3bee551a4c05b3072ab68bd9e4ec128d,0a5809eff6a7871d30819bc8f6746092
5c2d685aeaa92b376c5021355b3a62ac,aa8c604d6a03f286bf30e7f8c900fe28
77586ad1b370a9107ea6a7a25aa7d7d7,81dc05f168bfa24b1f9c3e2fc690963b
cfa7c4cf294db0c3274c44724de617c8,460f9ad3cc5d32f17d54e526b48f8bfc
a885a289c04769ff03ddeafe20148688,5b67802568f2295acbf369d66652e2db
543f7361b9310b3e55a10c9c4569158c,f89297b2356426a2e56da0204c412988
81dc05f168bfa24b1f9c3e2fc690963b,114ce041e90bef65670cf00f2b2b565e
eca33e3ef01265f6b4dcda8477b966e2,12adc478dc15f1dfe90f0c4e23cb841b
de4c83bab8a513b6cd10895537d8b1a2,f2633ed3417e453b7b8cc42172fda272
5c2d685aeaa92b376c5021355b3a62ac,e6cb37ddd7b6573b93b9089146c722e6
7936c28af644536bff9bd2c36391a507,ae5e6caaca529112e02e0641ea16ae1a
543f7361b9310b3e55a10c9c4569158c,92812f37388d619680cc27b189d34627
1200380321abb10f44bbb6da7196fdbf,df1a73d4f69bcdb40cf9d30d19093890
77645ad407267559c9646b8d2432996b,ef9ec84100a6702e254821b61d59bcd9
5c2d685aeaa92b376c5021355b3a62ac,9bbe47c129539ed67c895170369d865d
543f7361b9310b3e55a10c9c4569158c,6977abac8bdc770209c22be2e707075d
de4c83bab8a513b6cd10895537d8b1a2,12f8546c396474dee1e1a8c3d2dacd06
de4c83bab8a513b6cd10895537d8b1a2,28ff9f22074d31dfc14bfd71d29eae1c
4960f59e98b15759c7b94812902a5536,2e49dfe667fbc36391f512301fb67cfe
1200380321abb10f44bbb6da7196fdbf,5069db2e729417c3663e8ad87f9b7288
9ac347c3a1eef7e456eb2026ae11a384,71da4854cedcaa3547e72d667e241f14
1acfc1e3ad6755c5ac99d7fca4327490,c502368a9a919f9797abd3f274554895
543f7361b9310b3e55a10c9c4569158c,96d53e0dde3fcfc6e3136299e9c9246f
a885a289c04769ff03ddeafe20148688,8fa03a085d754caee3efebfc6454e13e
de4c83bab8a513b6cd10895537d8b1a2,9312a0ba6f7214b1403f9ba9e981f6ef
de4c83bab8a513b6cd10895537d8b1a2,7dcf4f7209b45278649a8220eeb6358d
1acfc1e3ad6755c5ac99d7fca4327490,5163d0e2493633481ff39024ce6df69a
a885a289c04769ff03ddeafe20148688,ea6a72738d81a9eeac44d1947e5fbe22
9ac347c3a1eef7e456eb2026ae11a384,a8f03a7a71a214435a5943c85120aabb
1acfc1e3ad6755c5ac99d7fca4327490,eaaea64ba255bef0d431e8af6b29bb16
81dc05f168bfa24b1f9c3e2fc690963b,d6e9ecb33529684875b2d02a813612f8
543f7361b9310b3e55a10c9c4569158c,a5fbfe76bd61a58fd587f10d3ab60ef7
7936c28af644536bff9bd2c36391a507,8e97b36f71c0bd85b027528d031e0728
77645ad407267559c9646b8d2432996b,8da4ef1bd136849d2105975425b91c38
de4c83bab8a513b6cd10895537d8b1a2,8e6b4b1aa545ac9e8b68e57e47816ee0
eca33e3ef01265f6b4dcda8477b966e2,6facb31e47e2eca9dbe16129fca0f68c
7936c28af644536bff9bd2c36391a507,6de4c78e1e18428e2bfc61897709b669
a885a289c04769ff03ddeafe20148688,92f43c12bbee97071926f0f0481802a3
1d2e6434bfd3bc0893a0d06cd2bd850c,5227e390a2d93cb81a797444e229044a
1200380321abb10f44bbb6da7196fdbf,8fd26529f248f16eb5f6dd72d4bf603e
543f7361b9310b3e55a10c9c4569158c,840f0da2ed72d2542c6f1baa6dc0a4f1
1d2e6434bfd3bc0893a0d06cd2bd850c,653a786a3971cc9d90254e85fb300e2d
4960f59e98b15759c7b94812902a5536,56fc76f7794d124a97fe9d274abf66cc
9ac347c3a1eef7e456eb2026ae11a384,6886b2cc760d7c65b4c63def76f39669
a885a289c04769ff03ddeafe20148688,1c604fd57e6f7915f43f2a227ddacc8c
9ac347c3a1eef7e456eb2026ae11a384,2103d5c31c07be69ab2e2894d2e0ba35
543f7361b9310b3e55a10c9c4569158c,64d15b85f8bbe978f6183464bf76f0f5
7936c28af644536bff9bd2c36391a507,5d56e6b3c87b37f5b39cf13cd145d25a
cfa7c4cf294db0c3274c44724de617c8,5ec5b3dc1c270e7272c766c9e71e3969
3bee551a4c05b3072ab68bd9e4ec128d,53f71deaa463a5b2c688d5f68e541ede
77645ad407267559c9646b8d2432996b,1c2d6566166dd310c054871b4600ef4c
3bee551a4c05b3072ab68bd9e4ec128d,85bdbd506f20b6102c757991dbfc5db2
a885a289c04769ff03ddeafe20148688,e6bbf7329ac864ca1d08630c899d7065
a885a289c04769ff03ddeafe20148688,2c8fefe4d78589a2e1d981d2d1d039b4
a885a289c04769ff03ddeafe20148688,e1db1b759797f41bf0085788778a0dfc
a885a289c04769ff03ddeafe20148688,f5709ea342944915fe612af64102cfb5
1d2e6434bfd3bc0893a0d06cd2bd850c,6aa1ee9b4137aa30efdfe9c141a64e50
7936c28af644536bff9bd2c36391a507,54c02f0951a166806505e334da51abba
3bee551a4c05b3072ab68bd9e4ec128d,c5a46893469d8b98343c41338c2cab70
a885a289c04769ff03ddeafe20148688,7deb463079d2531322e5e013c0cbf519
de4c83bab8a513b6cd10895537d8b1a2,a7f76937997cf83817c53e07441a65d8
1200380321abb10f44bbb6da7196fdbf,1d1dc0af68caf0d84dc5753f8f21e69c
9ac347c3a1eef7e456eb2026ae11a384,3073ffa9e6fa5c1f4d478b8b3b61502d
a885a289c04769ff03ddeafe20148688,51622e2542ef03e8309332ca679520be
eca33e3ef01265f6b4dcda8477b966e2,f59342d4075d701777a32e9415295539
77586ad1b370a9107ea6a7a25aa7d7d7,6ea7e77ac31c4deb06266e09e7d3248e
543f7361b9310b3e55a10c9c4569158c,50d072b64d0b20a0bd4600814e893029
81dc05f168bfa24b1f9c3e2fc690963b,32822ca008e214d41c5d03283e4e3895
3bee551a4c05b3072ab68bd9e4ec128d,5bd42b42078640360a4582d6477af2f0
de4c83bab8a513b6cd10895537d8b1a2,ba991a5f0c0dde2d9a9880f353790888
5c2d685aeaa92b376c5021355b3a62ac,f71b9c436e655e851017f73171d2b7ee
7936c28af644536bff9bd2c36391a507,f0009ba7d27927613428c691e63d7124
5c2d685aeaa92b376c5021355b3a62ac,fe27cfb29baa0a72ecc113535254582b
cfa7c4cf294db0c3274c44724de617c8,4523c949448b4e9f8a7c0e26d4ca940e
a885a289c04769ff03ddeafe20148688,eca33e3ef01265f6b4dcda8477b966e2
1d2e6434bfd3bc0893a0d06cd2bd850c,0ddd6184401e8db0f63b169e3d0500a2
77586ad1b370a9107ea6a7a25aa7d7d7,1200380321abb10f44bbb6da7196fdbf
cfa7c4cf294db0c3274c44724de617c8,82b7672a146769bf6f52f809a89e5c95
81dc05f168bfa24b1f9c3e2fc690963b,ccbadb486456caba323868b60c9ff2a5
a885a289c04769ff03ddeafe20148688,62b84333c1debd9dc1f75b05b112779d
543f7361b9310b3e55a10c9c4569158c,37346c97d6a523474c760bbfdeee37a7
77645ad407267559c9646b8d2432996b,008fc66302e7c419c31383394cec7a04
5c2d685aeaa92b376c5021355b3a62ac,87297881655b3f8908fc8d5efdc1afbc
eca33e3ef01265f6b4dcda8477b966e2,27cfa4a9347cb2c5f26b9a40ddfe3f81
1200380321abb10f44bbb6da7196fdbf,f9c677c32c53ad1f6a535d3668998f4b
1200380321abb10f44bbb6da7196fdbf,79faf6f4f3f69cfbd1b24f2d1f84a3b0
4960f59e98b15759c7b94812902a5536,4ebf175370d3f222bf696ab8bf7db179
3bee551a4c05b3072ab68bd9e4ec128d,5a0c7ea051a95264e96885d50d9e36c1
eca33e3ef01265f6b4dcda8477b966e2,24fe5756e670ffd5ce057563f734d5f8
77586ad1b370a9107ea6a7a25aa7d7d7,1184b245384416c143c56dd950e8e02c
77586ad1b370a9107ea6a7a25aa7d7d7,d5750034a1644cf77743b2c0211969cb
77586ad1b370a9107ea6a7a25aa7d7d7,7a9df8ebb54538a3277c9dc639d5f44f
5c2d685aeaa92b376c5021355b3a62ac,696819c1e27021b69024504353e7cb85
1acfc1e3ad6755c5ac99d7fca4327490,f226844116dfeb45ad1abdac17e8fd37
de4c83bab8a513b6cd10895537d8b1a2,5b1d14ff3ca8c8cf7554661808620643
de4c83bab8a513b6cd10895537d8b1a2,967aff7f1d812e5e1a2fb309b6b7566e
de4c83bab8a513b6cd10895537d8b1a2,ddd8f188fc196ff3b7030d87a542c916
4960f59e98b15759c7b94812902a5536,e8140faa7946610f54936f2f06fb439b
de4c83bab8a513b6cd10895537d8b1a2,11212ef42732bc43739cb4cdc57a01a3
9ac347c3a1eef7e456eb2026ae11a384,612a4197ed39c6a4afd6428552705d7d
a885a289c04769ff03ddeafe20148688,ebfdac56a6718cae8d1a2c698fc60ba7
543f7361b9310b3e55a10c9c4569158c,e8b038db318e15a6d3eb4a636033c593
77645ad407267559c9646b8d2432996b,008433b937f2512f53958531950df158
4960f59e98b15759c7b94812902a5536,8c496fcd4efc2eb2327e69c8b83a2ea0
1200380321abb10f44bbb6da7196fdbf,0dcd4eeaef82525979a6f2660022412c
a885a289c04769ff03ddeafe20148688,4c4e20db2e1ec3310ddcf715f521a16e
de4c83bab8a513b6cd10895537d8b1a2,2c37cd30b776a741fa0d87395aeff469
1d2e6434bfd3bc0893a0d06cd2bd850c,1dcfffe6499b05366cf523d5fe4780b6
77645ad407267559c9646b8d2432996b,dca8870238f7f46ff5786476d5f37c42
81dc05f168bfa24b1f9c3e2fc690963b,72ed866edd70e41c9991dffb27fccc52
cfa7c4cf294db0c3274c44724de617c8,328aaae8ff7d6f53b52cbe77b26bb9a0
1200380321abb10f44bbb6da7196fdbf,cd351e710e4f303dde1ec683c8c50dbb
5c2d685aeaa92b376c5021355b3a62ac,774d26dc095d336515a6b5f2289b6a8c
1d2e6434bfd3bc0893a0d06cd2bd850c,97f8c78d7b0388832777e6b4b95c22c3
1d2e6434bfd3bc0893a0d06cd2bd850c,5433d24874c820d391189ad29105ca21
de4c83bab8a513b6cd10895537d8b1a2,762936071581089bf2484b41e7fc64ca
1200380321abb10f44bbb6da7196fdbf,dbdba30fec3768f14ecab92fe126e1f9
a885a289c04769ff03ddeafe20148688,4507a392806028f68026db9708bf5b73
cfa7c4cf294db0c3274c44724de617c8,8da30695a8a7554757ada4375586021b
a885a289c04769ff03ddeafe20148688,f2f361ecdcc0af2c8e743a3132be0a98
9ac347c3a1eef7e456eb2026ae11a384,a2aa7b4010e299d402e4287dbccff0f7
a885a289c04769ff03ddeafe20148688,6e2c469e1bbc1a91d44fe07a11123176
77645ad407267559c9646b8d2432996b,6241fc407a780738d31eeeed32f1d718
77586ad1b370a9107ea6a7a25aa7d7d7,d067c4d1d372366b683f3987f1a1376f
cfa7c4cf294db0c3274c44724de617c8,e596ea4268f1618fe2aa1f155fe0ba4f
1200380321abb10f44bbb6da7196fdbf,5aaac7614f355c8f48ef154d935cc1ec
77645ad407267559c9646b8d2432996b,ebe1725823cc3fd358e871356f7f12cf
5c2d685aeaa92b376c5021355b3a62ac,30f38f9e9e8b55e7aa0fa9cfcc7f2a14
9ac347c3a1eef7e456eb2026ae11a384,d7a90e04072ca3faafd0b93633106115
3bee551a4c05b3072ab68bd9e4ec128d,df90f7b21316b0f5961a9130f2600184
de4c83bab8a513b6cd10895537d8b1a2,93d003eed6d3a3ef61bdd4a76798db3c
77645ad407267559c9646b8d2432996b,f5ee5d6ab7d56bdf78cb705f63dd296d
eca33e3ef01265f6b4dcda8477b966e2,e6d4482664022e44fddc811d93d9b8d4
77645ad407267559c9646b8d2432996b,ca888319648ab158a828689c55dd3127
543f7361b9310b3e55a10c9c4569158c,c2946d3bd76d67eb14a82df2a67266c6
9ac347c3a1eef7e456eb2026ae11a384,07eb3bf5439435afba70e4f6e6dcc8b8
cfa7c4cf294db0c3274c44724de617c8,75847dd5e1bc388ac6aa5113ce7d03ee
1d2e6434bfd3bc0893a0d06cd2bd850c,7fcf7c480551fe639f5d927d06f90c24
eca33e3ef01265f6b4dcda8477b966e2,c5b2954ec7005edd00af667b22b413b6
3bee551a4c05b3072ab68bd9e4ec128d,c696719f53f3bbbcb33a3444d0b70271
3bee551a4c05b3072ab68bd9e4ec128d,f1b97fdafe00968ba4437343b4fd36cc
cfa7c4cf294db0c3274c44724de617c8,5a9d0872e6c7f63c8171328c1c05f6fd
1acfc1e3ad6755c5ac99d7fca4327490,e16f036da90721596334d1b5161e4bd6
4960f59e98b15759c7b94812902a5536,1d1e49a25bf0707c88753b1f16eaae98
1200380321abb10f44bbb6da7196fdbf,ba70b7351b0ce396bc58bbf7df935463
5c2d685aeaa92b376c5021355b3a62ac,3bee551a4c05b3072ab68bd9e4ec128d
eca33e3ef01265f6b4dcda8477b966e2,b84fdd915dc99efb688f822be50f0cda
7936c28af644536bff9bd2c36391a507,e1c93a7d246a6b313f2c83bce1b24f77
77645ad407267559c9646b8d2432996b,690efdd86ddfd7096560a6f61d7fe484
5c2d685aeaa92b376c5021355b3a62ac,55f398c792530e49ec45d30487b8e53a
3bee551a4c05b3072ab68bd9e4ec128d,cdd238989a9ed3f2c579044d8dd797c7
de4c83bab8a513b6cd10895537d8b1a2,45957943abdbc8e75ab0e79bd299cdbb
1d2e6434bfd3bc0893a0d06cd2bd850c,b47ecfff1a1ab300e57d8dcb470633a5
3bee551a4c05b3072ab68bd9e4ec128d,49610ed159f2d96ed1d6f67a374d2808
3bee551a4c05b3072ab68bd9e4ec128d,ae7e11256d91425c5b6ee5a76754099c
1200380321abb10f44bbb6da7196fdbf,30cb4f85d73ce0cb550ed88afb6b9a78
a885a289c04769ff03ddeafe20148688,695b6e14c66910e9b0b2e7b781d69e7e
77586ad1b370a9107ea6a7a25aa7d7d7,5b216a5dbcdf54277326fb1c80d781bb
1200380321abb10f44bbb6da7196fdbf,f3ad4356bd5871090303dadd181419be
4960f59e98b15759c7b94812902a5536,3675ffd5a8a1f7d3ca2096715a7c39ce
cfa7c4cf294db0c3274c44724de617c8,648621aaf379a10fccad95adec4009d8
4960f59e98b15759c7b94812902a5536,643c74a016fe634c7b5a06e62e4cdff8
77586ad1b370a9107ea6a7a25aa7d7d7,da8ea7b897c5ec9a5e170d61c4507732
81dc05f168bfa24b1f9c3e2fc690963b,ee17eb81b6b0605021ba9ceaeec333ff
9ac347c3a1eef7e456eb2026ae11a384,07ace7e83b24474e51140deb6bcf8bb7
4960f59e98b15759c7b94812902a5536,6e92522a8950944a46f4917b23967c25
9ac347c3a1eef7e456eb2026ae11a384,d8eff8000177c14c30fec90840cd24bc
4960f59e98b15759c7b94812902a5536,4c3609b557d4b63dad59ee976f2fc6e9
cfa7c4cf294db0c3274c44724de617c8,92dcad3d4a8ff865933df9daf1977cef
77586ad1b370a9107ea6a7a25aa7d7d7,6c85e4ebfb13f1776b1502de513eae54
a885a289c04769ff03ddeafe20148688,797919a8434b41c14af775e3260ee83b
eca33e3ef01265f6b4dcda8477b966e2,7710e0945a4cd9ac1ee9fd72d4ceeb24
7936c28af644536bff9bd2c36391a507,7607cbc2fd5f48495cad1b2e1f944d69
a885a289c04769ff03ddeafe20148688,e85dd960cb6989a2cd8f165ae29d37f9
eca33e3ef01265f6b4dcda8477b966e2,c5a9b66ee91914183d765df266fcd929
1d2e6434bfd3bc0893a0d06cd2bd850c,50275cd72962faeb02ecde2cb6caa734
1d2e6434bfd3bc0893a0d06cd2bd850c,b0485ac8a02a0362a677c3f1d6ef6077
4960f59e98b15759c7b94812902a5536,996782e7140ac19eff648698b70d76c3
77645ad407267559c9646b8d2432996b,579b11b284f7cbf9abd647609ec614f6
cfa7c4cf294db0c3274c44724de617c8,6ce36bfc8f3ae99a270678ff19ea66e8
1200380321abb10f44bbb6da7196fdbf,5f67677d5738b1fc0da9e5512b35fe99
9ac347c3a1eef7e456eb2026ae11a384,941abc8dab7996ece353dc5871c1f7a3
5c2d685aeaa92b376c5021355b3a62ac,9d65e72296949bd4c7d3dd7f90152572
de4c83bab8a513b6cd10895537d8b1a2,41b822c974ab821fc2c1ad0a75ec0b70
543f7361b9310b3e55a10c9c4569158c,be5c0e337090a6e6f0d4bff05d536a8d
1200380321abb10f44bbb6da7196fdbf,343488776a9aa6b8b77f0ea4398c7089
9ac347c3a1eef7e456eb2026ae11a384,70b476fc55ec471cf6329567c1367c38
77586ad1b370a9107ea6a7a25aa7d7d7,fa3ed1a9955a2aa7a9f080c4c9412bb7
77586ad1b370a9107ea6a7a25aa7d7d7,fcc5f4da912ab2ccb790f9ceb5dd7460
cfa7c4cf294db0c3274c44724de617c8,be258561a838be9926e9940ba829fac5
1acfc1e3ad6755c5ac99d7fca4327490,21af23cd6735b432fa8650e20c0ef56a
9ac347c3a1eef7e456eb2026ae11a384,4f909ebf4f6a2751fc926a1601ed9602
4960f59e98b15759c7b94812902a5536,65cbe7bf7d28df80ff3e848344f178f4
9ac347c3a1eef7e456eb2026ae11a384,aeeb8a421734711e88a334df58f4caac
77645ad407267559c9646b8d2432996b,771bb5f1f5e39a37e812b8d6f8824c86
5c2d685aeaa92b376c5021355b3a62ac,f7df1fc878a18f9b406ce4d8110038b5
5c2d685aeaa92b376c5021355b3a62ac,bb325a86e2ecdad9b95c071c27bc9a92
77586ad1b370a9107ea6a7a25aa7d7d7,26d4ed8a73c9574d4427aec797dc1f42
eca33e3ef01265f6b4dcda8477b966e2,3c7952e9c6570025d44aa43fa6dd126a
cfa7c4cf294db0c3274c44724de617c8,fee3fffa39a6f681463062ea9a7c38c8
4960f59e98b15759c7b94812902a5536,2c9cd15a7cab68cb316be9283be966e7
9ac347c3a1eef7e456eb2026ae11a384,2efb631210b05257eac38462307e98d9
77645ad407267559c9646b8d2432996b,ce45512ad66487dee9d72811387b4319
77586ad1b370a9107ea6a7a25aa7d7d7,605d4cbafbab851e7e27a802e9b40591
81dc05f168bfa24b1f9c3e2fc690963b,cd02432e6a25c4e790ab5594f8f10f03
eca33e3ef01265f6b4dcda8477b966e2,fe7ddf3addf5db224496bfa3e5860f37
5c2d685aeaa92b376c5021355b3a62ac,d8f603365813a28e390b74170ab62909
eca33e3ef01265f6b4dcda8477b966e2,90900c7ba3f251c3c219320eac79cec7
77586ad1b370a9107ea6a7a25aa7d7d7,05c2fdac4eadc0b6eac5e0185f89efe2
1acfc1e3ad6755c5ac99d7fca4327490,8e6fc062e6f9af71388d68526bd76de7
9ac347c3a1eef7e456eb2026ae11a384,da72077f7e2da6339a8ff9acf828af76
543f7361b9310b3e55a10c9c4569158c,27c198ee928ec5330f7cc1595465c6b3
1d2e6434bfd3bc0893a0d06cd2bd850c,a5317edf0d7e8a9a3cf0bb3818b70a06
3bee551a4c05b3072ab68bd9e4ec128d,4c07afc1e322a12e9c047d391d920820
5c2d685aeaa92b376c5021355b3a62ac,f1c0704161db55f0ebb2eba43d3c8f9e
5c2d685aeaa92b376c5021355b3a62ac,92b19b2bab39edb747cdc2dc29f844b3
3bee551a4c05b3072ab68bd9e4ec128d,860ac09289e71bf45328682780e97f9a
5c2d685aeaa92b376c5021355b3a62ac,1b2f1b1f1a8313edfeb0cd6277cb74c6
cfa7c4cf294db0c3274c44724de617c8,cdeea00c53599f67442b6d2e8a9b919f
cfa7c4cf294db0c3274c44724de617c8,2622be5cc93d203b5f9019101462cc64
543f7361b9310b3e55a10c9c4569158c,86ebc26a00d8083bc767aab2fc2b66bb
81dc05f168bfa24b1f9c3e2fc690963b,428442654ec9e8cf1b4aec92c6f1b0e5
eca33e3ef01265f6b4dcda8477b966e2,faeebf1e8bef35976504724211fae668
5c2d685aeaa92b376c5021355b3a62ac,2a5cb9abbc2e8862d6665d1a677d5f81
9ac347c3a1eef7e456eb2026ae11a384,6f607600646ad35a42d4338d7b285790
a885a289c04769ff03ddeafe20148688,cc4ff28962048f4b4d4c8cf4fbc001ef
cfa7c4cf294db0c3274c44724de617c8,b3f5cb541e0e612e5693fa4dfa5b156f
cfa7c4cf294db0c3274c44724de617c8,051ce298aef64d767d1c7bcf4defe08e
eca33e3ef01265f6b4dcda8477b966e2,4dfccd179fd6149af9560403082e96c2
5c2d685aeaa92b376c5021355b3a62ac,98544dac13b05a6ecd270c92a57c685b
4960f59e98b15759c7b94812902a5536,26895d28e0b02bd975c6456c8cb575a7
1200380321abb10f44bbb6da7196fdbf,92f26257ae3ab50cc2d44ebae33659a5
cfa7c4cf294db0c3274c44724de617c8,3326c6cfe87ff37e303fb89c54077e92
543f7361b9310b3e55a10c9c4569158c,065c8225e6f3850b8f1b4865df755ad1
7936c28af644536bff9bd2c36391a507,84ee26037bc514829158dfdf01e2c6d1
cfa7c4cf294db0c3274c44724de617c8,e906dc82b7489f3d5a7aa6e9568df7b0
77645ad407267559c9646b8d2432996b,735d49f612c5985a86fefbc25c40e1ca
cfa7c4cf294db0c3274c44724de617c8,0ef902ab859c323d6f1d6d2777bd5f63
81dc05f168bfa24b1f9c3e2fc690963b,f2072d8044c206c018595101e4b57531
4960f59e98b15759c7b94812902a5536,747540000503f1b48cb57ae4be2f3697
81dc05f168bfa24b1f9c3e2fc690963b,5aa75a56e85145c28aab476fb14c5b26
1d2e6434bfd3bc0893a0d06cd2bd850c,aecba463a0883e5ddb977503daf1376c
7936c28af644536bff9bd2c36391a507,033446fe6147305dd7b4e65424cdb5d5
4960f59e98b15759c7b94812902a5536,ae940a61f677f6d8723cbdec8cb5e879
5c2d685aeaa92b376c5021355b3a62ac,13d20eb2d3fa91dfc308fc4290db1f4a
9ac347c3a1eef7e456eb2026ae11a384,bcc4108660a22087df7c2f23982268df
1200380321abb10f44bbb6da7196fdbf,99aa4a50d58b304134df1f9e3d2249ca
1200380321abb10f44bbb6da7196fdbf,ab5c6222d0b19c0c3d72fda0dac97196
543f7361b9310b3e55a10c9c4569158c,dbc93ea3136b912f5ade3de2d380cd0f
77586ad1b370a9107ea6a7a25aa7d7d7,abc234d2adf1e9c8f83d9338258fb4ab
543f7361b9310b3e55a10c9c4569158c,a9b377fc1b7a78b69d71cbcfc2032b4a
de4c83bab8a513b6cd10895537d8b1a2,179ba81cf3e2eef3d9b30d54259dae1e
4960f59e98b15759c7b94812902a5536,bfaf0a2e686e80c7d2846de48d02fb38
3bee551a4c05b3072ab68bd9e4ec128d,26a07fed47f57915501a37da59a62b9a
1200380321abb10f44bbb6da7196fdbf,85d845f348c540356106db2548f5f00c
eca33e3ef01265f6b4dcda8477b966e2,b2a4d447a9bdb6387fd046dee816603d
1acfc1e3ad6755c5ac99d7fca4327490,6d3a1d5e679241c945c4d1654f293df9
3bee551a4c05b3072ab68bd9e4ec128d,605c7155ab22e19fcee7dfddc709b466
81dc05f168bfa24b1f9c3e2fc690963b,d5a6b22058b6e7b72546a7d61941a561
de4c83bab8a513b6cd10895537d8b1a2,628d933573218ec2c28505089a18bf21
1d2e6434bfd3bc0893a0d06cd2bd850c,699762538d11edb282b6063e3ae00d6b
a885a289c04769ff03ddeafe20148688,2f977406dd2079eb67eb6d97c8ceb6ab
1200380321abb10f44bbb6da7196fdbf,5bf963281dab7992ccfd10f919b1c65d
1acfc1e3ad6755c5ac99d7fca4327490,f809c57c36d1a4f8e5a07f76731b8b9e
de4c83bab8a513b6cd10895537d8b1a2,eb6b887fcc20e3958b9c983f40f447b3
1200380321abb10f44bbb6da7196fdbf,c476cd80c9ec712a61285ac8a4924845
1acfc1e3ad6755c5ac99d7fca4327490,7275aab4f765cdcbf49918ac9d74ee75
5c2d685aeaa92b376c5021355b3a62ac,2782b991af5f49726223c4d85a090ef9
1200380321abb10f44bbb6da7196fdbf,27ed10447c977670aad388d16d21f112
1acfc1e3ad6755c5ac99d7fca4327490,9bb7d075efb20ecd4fc967d356572fc6
7936c28af644536bff9bd2c36391a507,206b10b6c7cf23aaf2848f2da86c5efc
7936c28af644536bff9bd2c36391a507,14f4fc27ac0e601e193e8c7d47a590d2
eca33e3ef01265f6b4dcda8477b966e2,e6c084116592137572f8c14afc2928c7
77645ad407267559c9646b8d2432996b,ccef358171397562d207e75aa4ee6df6
81dc05f168bfa24b1f9c3e2fc690963b,abace2aa67926786df3e0eab7e950309
3bee551a4c05b3072ab68bd9e4ec128d,1bbe14564b258feaed00fee51a73493c
eca33e3ef01265f6b4dcda8477b966e2,711f2e9755033b2a76c4847f0c8ae683
cfa7c4cf294db0c3274c44724de617c8,a0b745b8562ca82a1e8e691ee751b30b
de4c83bab8a513b6cd10895537d8b1a2,1b9d9bc157f18aa3bda69e80e8b4bb07
77586ad1b370a9107ea6a7a25aa7d7d7,40d51e8c7e00d48feab67ee2cd1eadc3
77645ad407267559c9646b8d2432996b,07d9ba72919ef1a7c4bfe24cdcf1f04b
543f7361b9310b3e55a10c9c4569158c,7b5c48d5ab7f7a15b188ef6185ab2c3d
7936c28af644536bff9bd2c36391a507,7f9179b4cc3e78b802e7d6912ebc079f
543f7361b9310b3e55a10c9c4569158c,002253b181089c8bd55a705a0939a0a8
3bee551a4c05b3072ab68bd9e4ec128d,ff2ac2b27659a40491231e822edd8934
3bee551a4c05b3072ab68bd9e4ec128d,bf9da8c30e2d70c68d72f65be2e89087
77645ad407267559c9646b8d2432996b,77645ad407267559c9646b8d2432996b
3bee551a4c05b3072ab68bd9e4ec128d,671631055c85925baf8bd4b357d6c258
9ac347c3a1eef7e456eb2026ae11a384,7f11905823169f31dbd3ac100209c7c9
eca33e3ef01265f6b4dcda8477b966e2,211be3fd0acce5f1fb561dbfd6103b36
4960f59e98b15759c7b94812902a5536,e635354d5d85670d6f1045bbccdfbd1f
1acfc1e3ad6755c5ac99d7fca4327490,8e2c9661d74fe095b2aedd941405aadb
9ac347c3a1eef7e456eb2026ae11a384,44c386aaffc0364e121cf80fb7621357
7936c28af644536bff9bd2c36391a507,253d0c396d3289b048fd31eb4a9c2fa0
