dfca7949bf3162bee1f71c008764f43c,2d126c9ce0bf3f2708ec49187d6377d0,cfed262eac9f5bd6b10c007cd6948573,070769487b0464b4972d9d85115ef7e1
b37958739a718e4614af3ba63b2da3e7,63828c0aa1e9989000b6ccd957ac6dd7,a0b5478dfba810376edda3e5c8c6b0bd,3bb95ed367958c815f6619f5953269e0
ce4bbf9953fedb6ffeca93763bc6ca95,cb67ce3291fdc010614955f734ce841a,80a89045356efd2f77124bd87dbd0e10,d7297af0f34e173db912160668cba4cf
ab0a8809e6acb9192dc1316a8e1200d5,d8d902ee6ac083d1873a76c12608e30c,191cb7517f291f8ce4cd734b84cfec51,167a4ba4d1f26e29155db2882d03bb97
f0cd3e21de086b68fe3ceb28d7418ffa,58597e0f2bcca8fc7ccd370b9674b0e8,187b5e73bbf46bae049b6b89348708fe,dcde36700d7abcbc7faba10077d67eb6
531d9f98612e46a35751b22984d2dfb9,92e9b461ee5105b695a1a79b10837f8c,e4cccce30bcb06af61d070570ca1dbc8,1748e072d8af41be0b4da4d40856419b
9aacb2478ef3488579959e0a2cad9fef,721c869f7743290b29a701174c3aad8e,2f8ec25d11e8868ce052dab0bc2343d8,efa946fbe3d99111180db001273e5b6d
93d09858c77989dfac176a35875fa52d,2b8b4960120d25598dadf63dbd256805,2c823902f5607366ac44f7999987f983,2dd9d004ac487ecbd8529572cbff0482
aaa7a1ab997fdd6b4aaa408420c08a92,9aafed52ae3822ef01e0576c1e3cd2c7,26e4fdf85422aff13b255d88a77a35eb,5afe1697367d89763025eaf3ab45dab8
aaa7a1ab997fdd6b4aaa408420c08a92,f63dc1e950bb31899d6959b66b88961d,520b3f55ccb0522f3e6060ef1835d6e1,5afe1697367d89763025eaf3ab45dab8
022f369da1691fc9d30387bb404b927b,2053008c6717fb56aebb1cd258140582,e420805b4060f5fb06c0d0229a30819b,7a569cd3dcf9660870c158d9a854097e
c3c491e1e21cf9c0a91d0f35a51bda3d,3fae53bf54ae4bc6c63a5dac07e6101d,2e68a55be700b54ae9d92efb2c52378c,f24f246975c26498df9a76c50c9d6f33
ab0a8809e6acb9192dc1316a8e1200d5,97107068424260082a2faa26df0ce977,7e6383c5165f9fb4b8c052d62d859979,167a4ba4d1f26e29155db2882d03bb97
ce4bbf9953fedb6ffeca93763bc6ca95,e4b45bef2c6faca3cfe7444ea3b47c71,113e683c4aeb6e1740e95381f58801fe,d7297af0f34e173db912160668cba4cf
ac7c0ad0ff98827030c86b9e8ef06be4,185cd1a0d048483973657373a8ede019,ba9080b7f2dbdd256d2d990522c593a7,2e68a55be700b54ae9d92efb2c52378c
43fffbd4ad2b7f5eda0922b8119ae6e8,24081114ece932fac739c3528e83983a,18b46bac9c6404600cf555d4c282f64e,3dd8758b77fc28580b35986040157d98
ce4bbf9953fedb6ffeca93763bc6ca95,68d8b9339e1c3190507066aa0d787ea6,6cd37657c625d27ec6db0a72764b530a,d7297af0f34e173db912160668cba4cf
c61766b309556ad47b84264f750c0af6,b99cfe62fba038ab525ef3e725bd83a6,3375fd12abf6b800b135ee083ec6202a,4e72c1800a9594db3fa3a78b964dc90a
aaa7a1ab997fdd6b4aaa408420c08a92,8e9a8188182c18c11208a8bced167853,140ee06790a24d840e0e97e3a524dd93,5afe1697367d89763025eaf3ab45dab8
f0cd3e21de086b68fe3ceb28d7418ffa,7b924658d99f32d01b4f125a5d97f181,1a19b72eae6e2e64348fdb9fee7e7074,dcde36700d7abcbc7faba10077d67eb6
44accfccc145f1ddb5bfa8256c82df61,4d8d38849cca96fbf38e7d5b3109d6d8,a92c3773642ea90362461e9cc2d48cbf,2f8ec25d11e8868ce052dab0bc2343d8
6ee2d9c0a23d408d1cb1369a98c9fb3a,fda5c20b9a4f979dc58a695bb83d0b14,e935bf07116253253a707fa4a22f49ba,18b46bac9c6404600cf555d4c282f64e
aaa7a1ab997fdd6b4aaa408420c08a92,d02e0055af08cec40c171f757cea1f44,4eb27cdb34bc8b4517df68615c1c4190,5afe1697367d89763025eaf3ab45dab8
ad97fa64b4194016862c3f0ab169a2c5,5413a60aaae152dcf8e006466c8f5bb9,35bd77fac9b5efff4b9a321d65b4e5fb,997e55c7ed6544b1f38f629b7da2696e
aaa7a1ab997fdd6b4aaa408420c08a92,8d1e3fe0654f8cc4794712fd88d758f2,8880a1aa18cdabb50552b584fc838cbe,5afe1697367d89763025eaf3ab45dab8
6ee2d9c0a23d408d1cb1369a98c9fb3a,211c49a15f82bd19fda2456980af343b,0d434011965764a8ddb17bf9de48d430,18b46bac9c6404600cf555d4c282f64e
6ee2d9c0a23d408d1cb1369a98c9fb3a,3a34b240281be38ccc96203772b9e4f6,9f469a83c046d59998280900352cc7a6,18b46bac9c6404600cf555d4c282f64e
5eb40ccb2af36a02118421f586c615f5,ededdfa3a529acae21b3010d64485eab,62a76dddc3c697369f43acd94cc74c15,4eb27cdb34bc8b4517df68615c1c4190
6ee2d9c0a23d408d1cb1369a98c9fb3a,6ea4a5d02459608dffedbd9648c48789,828c79d899c66cb9cf608bb3a8196fa6,18b46bac9c6404600cf555d4c282f64e
ad97fa64b4194016862c3f0ab169a2c5,a347e28c1241af076d76678f0556238c,c68bdaeab87ca01e01aeb41b41c34cfd,997e55c7ed6544b1f38f629b7da2696e
6ee2d9c0a23d408d1cb1369a98c9fb3a,6f438ff4d4569dcea0b10f8f15306fc5,75de0cac5b2259c924352698a28d6015,18b46bac9c6404600cf555d4c282f64e
bb8f00d0098c648e349d28e7e13ff68a,f3d5a9b611595c728546d41ec5fcb444,efa946fbe3d99111180db001273e5b6d,280704c0a92abc9fdf90edd1e513df94
85776bc4976385fe8dc26cba5ff411c2,542061569fe68d83ff271338c015a694,240fa1a287396144188e8ef5769cc0f7,fdfd579f8555367c7b604f1f2e73b261
c3c491e1e21cf9c0a91d0f35a51bda3d,7bf538cd0d732d8c36079459f2af2b06,1824ca06bb5778b96c61c41ef50c7716,f24f246975c26498df9a76c50c9d6f33
fcd501f84ca07570b917dc1f4cd265a7,ff649921f469db8f81c711f9612159fc,f07be77c9142f771747d9b3f4f863c26,bf325b0772fc4986c8683c635991a24c
f28b354596feba0eea68e2812b241e85,928cea3dbb2cea23a146c62b3eb73ab5,ceaf9ae7fb2ffa83411f5175f0fca550,bb223f8ee5a0a9292e4c7b63efa95e4d
fcd501f84ca07570b917dc1f4cd265a7,ba6a17f3d4b20bc1d337b1a907e26044,850a2622988159db9f848488227f1661,bf325b0772fc4986c8683c635991a24c
c245d2ab1b600dd151358ecaf790f714,ba45123cd2ffe3eafbeb5e4858c507a6,deb9a0d4000f8742bfcd01e820da8a10,8659505acd7e85ba5856f8f92a654c64
3de96d0217fe9d122746cd993eef4433,c80aa390a18cbc131bcb41b6a92a584d,33c314d661964eab2aff1b720b1e85d1,b970193c0c100733a07e1d6d09d623b8
6434d4bd0e12aaedc2caa751de851f39,58e86328f3309baa3d2a93c133b07999,b970193c0c100733a07e1d6d09d623b8,94b99679d34a5a9ca239d645c7636b19
f0cd3e21de086b68fe3ceb28d7418ffa,cb5ffc05505427cbf891879f4a213dcf,a8ce160936229ecc51b08b813ba3f663,dcde36700d7abcbc7faba10077d67eb6
c3c491e1e21cf9c0a91d0f35a51bda3d,1020e1f80f4d22f54afc0e8ed43c1706,b46c2c47308770f1e9fc636f6598ee96,f24f246975c26498df9a76c50c9d6f33
c3c491e1e21cf9c0a91d0f35a51bda3d,7a0119145949ecf8273f5e954eae6757,29c77d1c68e50da8aa5b5c0a3fcc13d9,f24f246975c26498df9a76c50c9d6f33
44accfccc145f1ddb5bfa8256c82df61,ede2afb00701ed56f164897ce35ea591,960ab2a5713fd7ceb799b26430797987,2f8ec25d11e8868ce052dab0bc2343d8
6ee2d9c0a23d408d1cb1369a98c9fb3a,ee3c43b923c036e3763f41ad16298e57,5afe1697367d89763025eaf3ab45dab8,18b46bac9c6404600cf555d4c282f64e
44accfccc145f1ddb5bfa8256c82df61,6df69d9650842d60727a0f7297306b90,a237643fe84b0ebdbb0fdc8a5a06e84c,2f8ec25d11e8868ce052dab0bc2343d8
a9f787f5ed0720b4a1b977dd83c2aea0,219972153834f3383e4e5130aae02da7,280704c0a92abc9fdf90edd1e513df94,35bd77fac9b5efff4b9a321d65b4e5fb
a9f787f5ed0720b4a1b977dd83c2aea0,dd37eac328852b2153ac9e20e0865eaa,467a1a2b6cbad65f6d196ee7233db9b4,35bd77fac9b5efff4b9a321d65b4e5fb
09cba88a30c6749c392ad6269a63830a,0762360490011a29dbba89357e4d1aec,bf325b0772fc4986c8683c635991a24c,e420805b4060f5fb06c0d0229a30819b
6434d4bd0e12aaedc2caa751de851f39,e76cb893454cf90b7298a0194309d003,4e72c1800a9594db3fa3a78b964dc90a,94b99679d34a5a9ca239d645c7636b19
531d9f98612e46a35751b22984d2dfb9,4a3ae50c1d7039756ab5f121e5d30178,7a569cd3dcf9660870c158d9a854097e,1748e072d8af41be0b4da4d40856419b
aaa7a1ab997fdd6b4aaa408420c08a92,d1dc8e8fbe76471c7ed90b671ff14080,22266bc199bc876a3542a0ba5b0c0d73,5afe1697367d89763025eaf3ab45dab8
868b964be0dd0644f702cb3093fb507f,29091dbf3de3cdd97e6dc35325820dd6,db86e229b1bb4548cdd0ad5499b2c91c,1a19b72eae6e2e64348fdb9fee7e7074
397988f29d799bae081fc220471c0438,f9cb1e5045a912c39991b38706e0240b,867584a422c868e1fcffa738b4c9f5a3,6cd37657c625d27ec6db0a72764b530a
bff1ba56f3f003709c94afe2ca36a7dd,800e548773797244ddd59be12be7e2db,c28976f3ce049002c81f6098e6805c45,deb9a0d4000f8742bfcd01e820da8a10
f9b62a109eb3799430172b41653c7893,e94382564549e7ccc670477a832e7003,94644aa6d44e6526613b3f53dcb98796,66bc10bc609fc61c1474ba615fc455c9
32d148189b8dff09eadaa3df74606824,0908a9e4e9a703a8946f3b695678415f,cd6570482cac6564e1c8bf771ade2cae,f226f0f6e0546fd684d1db8c10e619c1
fcd501f84ca07570b917dc1f4cd265a7,b73d17292f5a188711ffa92e7432ec26,dfa377b406831f26cdec447d2741f945,bf325b0772fc4986c8683c635991a24c
531d9f98612e46a35751b22984d2dfb9,8ac3c2f3c953ed1828f02a5fb3c3aaa6,b5e10e12d92e50fac1a3b33e456e0297,1748e072d8af41be0b4da4d40856419b
9ca29ac1f744b58d90a511dee5d36996,cdd0bb6dc7a710683d180115e48c1366,69481f472c4138567dc9e677d6aee239,80a89045356efd2f77124bd87dbd0e10
ad3b09ba2a4ec58d072471380099fa2d,00dedf1e523a3b14c4849f3837bc212a,dcde36700d7abcbc7faba10077d67eb6,140ee06790a24d840e0e97e3a524dd93
c917896ac9b4e7f565547809e5ab63fe,2df6cf544ff6b11de8977744dc52f4d0,a87f5c21d0f1d5810b0e826c662e2f98,2abc9408a63131d4ef748f59ea64b303
c917896ac9b4e7f565547809e5ab63fe,2637b1906b89d377dd916e628fcd6beb,65a21864f930a9d641f5592bbff09819,2abc9408a63131d4ef748f59ea64b303
9ca29ac1f744b58d90a511dee5d36996,6077751181fed9d1c0d3dfcb42be035f,6c6c6bc83e06d66eee3cc206283f6015,80a89045356efd2f77124bd87dbd0e10
66d812bf007fa897bc9eda538e64fb8b,840a65620472d0b136192c2d1f504600,d253328b507a36b24dc931a7ed04ce03,6c6c6bc83e06d66eee3cc206283f6015
c3c491e1e21cf9c0a91d0f35a51bda3d,aaa2051621b131dc192ff69d634a4674,0b907d2cf47cf570ddd3429b4e330daa,f24f246975c26498df9a76c50c9d6f33
6ee2d9c0a23d408d1cb1369a98c9fb3a,042682c4f5bb9e1ac25b271970cc7bc7,477417126cb11d335a87cd23af21c3dd,18b46bac9c6404600cf555d4c282f64e
3032d5f2925b955e8d7895df8e16abf4,9928428f56595f35b3c222381383d647,997e55c7ed6544b1f38f629b7da2696e,187b5e73bbf46bae049b6b89348708fe
13c9c5bec1b4c4cbf49de7e5b132ddd4,7df81bd81b278c0b9f7366a9c0e58e8a,4f43ea993fed146ac5045bae45535266,65a21864f930a9d641f5592bbff09819
23809af702526a31b590050450f4682b,8cbf1f99f2605dd1ab0e0b8c033aafa0,94ba8d0be531c64fdd47ce0e42f35f98,94ba8d0be531c64fdd47ce0e42f35f98
c61766b309556ad47b84264f750c0af6,f2e909fa31efbbcb61c8a58fc59c9e9b,d59cb6afbd7a67fb01bec2c546ba5640,4e72c1800a9594db3fa3a78b964dc90a
aaa7a1ab997fdd6b4aaa408420c08a92,272ce23f86e192092a1daea20270c4d6,a8d81bbd3e615c2e108aaae8cc72f9a7,5afe1697367d89763025eaf3ab45dab8
32d148189b8dff09eadaa3df74606824,ce73ae9615e23c78943335bd57e1f0bc,efdb7a2b86720882d5c33c0ec63b56fd,f226f0f6e0546fd684d1db8c10e619c1
aaa7a1ab997fdd6b4aaa408420c08a92,8da811881e5df30714d360e08b81431b,8659505acd7e85ba5856f8f92a654c64,5afe1697367d89763025eaf3ab45dab8
aaa7a1ab997fdd6b4aaa408420c08a92,6e9076c73fc7e18aee7b95c7cba97701,a7555bd88aec695063b30643d879e4e5,5afe1697367d89763025eaf3ab45dab8
aaa7a1ab997fdd6b4aaa408420c08a92,5aeb9e5874e97327a1aff1716ee009c4,2abc9408a63131d4ef748f59ea64b303,5afe1697367d89763025eaf3ab45dab8
aaa7a1ab997fdd6b4aaa408420c08a92,a5cc3a2ed63b0e5bad1e30bd9ea794da,f6caf076ac3ea71bb37a024103ac1143,5afe1697367d89763025eaf3ab45dab8
aaa7a1ab997fdd6b4aaa408420c08a92,9723c7e3db7eed6e3e7e93c174eeb34d,fdfd579f8555367c7b604f1f2e73b261,5afe1697367d89763025eaf3ab45dab8
aaa7a1ab997fdd6b4aaa408420c08a92,dea79a6d8e5a681cfb51936fd46dc7a7,36a3067014647aa884e5f1aa9db4bb9b,5afe1697367d89763025eaf3ab45dab8
ea2d0e850259a4b547f7b2bc95f7042c,a734d66a46b4dbdbad977cb0a127937d,fc08d78f165de1f0a98dd2742442eda7,c68bdaeab87ca01e01aeb41b41c34cfd
a9f787f5ed0720b4a1b977dd83c2aea0,43a53c683f0551abf30ca5762875eb45,94b99679d34a5a9ca239d645c7636b19,35bd77fac9b5efff4b9a321d65b4e5fb
c8395f6f40d6b6a55533d1bd46950e76,2648ca7f381f134095e819250264567e,0cda42db5b50e2773480d88e21f21113,477417126cb11d335a87cd23af21c3dd
c917896ac9b4e7f565547809e5ab63fe,abd6dc8e27898a6c8bcdd7e86b79b222,d7297af0f34e173db912160668cba4cf,2abc9408a63131d4ef748f59ea64b303
6ee2d9c0a23d408d1cb1369a98c9fb3a,681eaf6a016bcf27360c3412eed597dc,db79ac07ef71209a872492d8a891d594,18b46bac9c6404600cf555d4c282f64e
6ee2d9c0a23d408d1cb1369a98c9fb3a,3640600e0e22bcd7072c01e41bf917e4,633d9837e629f86fed00557fa96cabd3,18b46bac9c6404600cf555d4c282f64e
98deafd1e527f8ecd5734d09cf5c15a5,6b35e1b847c19b2e5a43963f1bea1cd3,8f203e0a68928453411902a43a2a5ced,8f203e0a68928453411902a43a2a5ced
247954f1728d56648d4953f0db228a67,2fd6cd0fae99a5f42070c0d67ff3e897,e9c4a6a8790028d17af82ceabf98feeb,36a3067014647aa884e5f1aa9db4bb9b
98deafd1e527f8ecd5734d09cf5c15a5,2086c6ad83e0da6c2e9bbba1547a0ae0,3bb95ed367958c815f6619f5953269e0,8f203e0a68928453411902a43a2a5ced
507945b1f398495fbcd0d471d4476539,192da2013313285965a68722dd64179f,9ec54f823a72c31622123e8e92361143,0ce1ffdde91e53716643c157b1994946
6ee2d9c0a23d408d1cb1369a98c9fb3a,a84d902a471257f32a1ce7a5140f2331,3dd8758b77fc28580b35986040157d98,18b46bac9c6404600cf555d4c282f64e
77acc64695c4e2c568bdd9760c971db6,afb45eb3b7eaa388bd5969ab9bda37de,b7b3eea2373568c05859a182205f19d1,633d9837e629f86fed00557fa96cabd3
c61766b309556ad47b84264f750c0af6,bebc55a596f8fdb5fed67e98a4d7816b,f226f0f6e0546fd684d1db8c10e619c1,4e72c1800a9594db3fa3a78b964dc90a
44ad7a17ad12ac45380fada69793d712,ca967679bf2c3e23763e388c1cffcaab,486a4d30e1d98e6be5e1baea154abfa8,f07be77c9142f771747d9b3f4f863c26
c61766b309556ad47b84264f750c0af6,ba835c77c2ab6f00718043bccf899f79,ab4dfe960005dbf03d3adfbf324a224a,4e72c1800a9594db3fa3a78b964dc90a
c3c491e1e21cf9c0a91d0f35a51bda3d,52c4c4862800a5668d72f31dcafbcc7d,3fea33239618133aa06825af10978a02,f24f246975c26498df9a76c50c9d6f33
247954f1728d56648d4953f0db228a67,f78d4a06357127562840a7733822f98f,1ca7ef224cff09574084be2096ecb485,36a3067014647aa884e5f1aa9db4bb9b
4cd2499b5d6b52f93d7a8db13651287d,d094e0b063f3dcec618b72ce9728892d,349e15e15a53ceb9e3b9e1b74e537057,8880a1aa18cdabb50552b584fc838cbe
a8b37b7540cd9d90c151c958157af8bb,f900d25f6a21ed029a3eaf97b1a72c3b,1748e072d8af41be0b4da4d40856419b,f6caf076ac3ea71bb37a024103ac1143
c917896ac9b4e7f565547809e5ab63fe,9083e8c91a04001a1ce3336d0c9b58d9,bb223f8ee5a0a9292e4c7b63efa95e4d,2abc9408a63131d4ef748f59ea64b303
23fc750117e030103d8f8575c71347a3,dae8b20057e05e0c8b44c6c0377efe30,44532d453d047010d38472f98f8a5414,a7555bd88aec695063b30643d879e4e5
aff852df32504ebbbd339dda54606f3a,b1d8eedfccddf22d208510506545f450,020bd7f6db7ce40fb4afc937a0b8d979,5d1b644981dbada6bafe00afdd01a7fa
c3c491e1e21cf9c0a91d0f35a51bda3d,fbd3f698b1933c4f8cab34b3c5512a2a,167a4ba4d1f26e29155db2882d03bb97,f24f246975c26498df9a76c50c9d6f33
f9b62a109eb3799430172b41653c7893,431530552739d8cd5847ecae0d5b5632,0ce1ffdde91e53716643c157b1994946,66bc10bc609fc61c1474ba615fc455c9
f0cd3e21de086b68fe3ceb28d7418ffa,79bc721144761ece623dcb6672f5ee74,f24f246975c26498df9a76c50c9d6f33,dcde36700d7abcbc7faba10077d67eb6
c917896ac9b4e7f565547809e5ab63fe,b757d5b76b5a81f9c040f1fc1a4cb776,66bc10bc609fc61c1474ba615fc455c9,2abc9408a63131d4ef748f59ea64b303
398b87fffe4cc925093d6f616a649928,71f853fea7d2043f351d55c65028ded2,5d1b644981dbada6bafe00afdd01a7fa,ceaf9ae7fb2ffa83411f5175f0fca550
f0cd3e21de086b68fe3ceb28d7418ffa,a6e4700c5a773663ddb6cae5610ae049,c8daf1e6f3d43878f828fd4a47436542,dcde36700d7abcbc7faba10077d67eb6
aaa7a1ab997fdd6b4aaa408420c08a92,5800f204a42b86ad3ddacfbebb7389be,2dd9d004ac487ecbd8529572cbff0482,5afe1697367d89763025eaf3ab45dab8
864c790b606709ea2688be0ed3bac2c6,2d6aba65c95c15a931bee1ccd3bd53f5,a714c2e5f7ed9452c17cd05da3c0a1db,486a4d30e1d98e6be5e1baea154abfa8
a9f787f5ed0720b4a1b977dd83c2aea0,e62f6b635438c42cad87af51239b8731,8fa445b9ce87b588fef656049addbc20,35bd77fac9b5efff4b9a321d65b4e5fb
aaa7a1ab997fdd6b4aaa408420c08a92,61ff328d28929fd72ba13e8470a8d4a4,1a8deec5e1bce53b34e260506adeb634,5afe1697367d89763025eaf3ab45dab8
69a2a807abfac9e0830bc762b200d935,517c864917d362b2edd100fafd7fd4ec,886111accf04341a241fe0714d4c6162,c8daf1e6f3d43878f828fd4a47436542
98deafd1e527f8ecd5734d09cf5c15a5,bc87ac49b66e2a98b4412757e9c096db,cd4fb841c31f2adb8701dbfd225d64c9,8f203e0a68928453411902a43a2a5ced
08f89d04447c2127c76fc57bacf6a2f6,3bae421b3507470049713c61460c24e0,24c01f453e850056de2815753ac06ebc,e9c4a6a8790028d17af82ceabf98feeb
864c790b606709ea2688be0ed3bac2c6,bfc4165d97ac886ee2fff040411b8115,8d689976d92bedf5164e6e58ad7df348,486a4d30e1d98e6be5e1baea154abfa8
928800b5ae8aab9e6e3ac17dece565f4,99ab5e980b52119914baed87c054758b,86fab0ca913adcaabf45e166e01ee692,a87f5c21d0f1d5810b0e826c662e2f98
864c790b606709ea2688be0ed3bac2c6,00ce4e7baf1cafc6628e64e0fd259d14,b27f8eb85a50af94a6ac9169115294f5,486a4d30e1d98e6be5e1baea154abfa8
6555372a399662d6fdf889c316200d8a,fecf1f999a565613f802eaeafc4ec119,9ebfbbdbcfe8762113a3f814ecd70d21,a237643fe84b0ebdbb0fdc8a5a06e84c
6555372a399662d6fdf889c316200d8a,c674a9fa3f5a29d0c7899a9e7ffad438,0a2280688f451145e60cc561faeb6ebf,a237643fe84b0ebdbb0fdc8a5a06e84c
6555372a399662d6fdf889c316200d8a,256e48d717db178fac021906c14cea6d,8ec23ea928972f808ac408e3eaaf40da,a237643fe84b0ebdbb0fdc8a5a06e84c
c3c491e1e21cf9c0a91d0f35a51bda3d,29fc66875829fa7c57f1f7db836f1d91,8cf338f9e23a10867ad95c4964d2186d,f24f246975c26498df9a76c50c9d6f33
47c1a558403bc39b3e02d17541bab208,f12c1c80dd8a9d150d090ac686c8acf5,f0ab2285bb433cfb354a168256bd12d0,b46c2c47308770f1e9fc636f6598ee96
c245d2ab1b600dd151358ecaf790f714,0ca26abac2c511e24c0857899c342e5b,e0d74f34711db48568a7152b045c2ece,8659505acd7e85ba5856f8f92a654c64
c3c491e1e21cf9c0a91d0f35a51bda3d,99f3a9d85190578485aba8d0c43bfec3,9d3929beb625d8acda16ad09e3857be7,f24f246975c26498df9a76c50c9d6f33
f0cd3e21de086b68fe3ceb28d7418ffa,7263e0f0b62bb4c03803f81a49ea0ddc,738c5a5d2b4c461fa460b27cf56d65ca,dcde36700d7abcbc7faba10077d67eb6
f0cd3e21de086b68fe3ceb28d7418ffa,51285b18892fbc6d66bbc7ccb43e488d,d09d8189e32552f1dae4a14720ce5fe4,dcde36700d7abcbc7faba10077d67eb6
c3c491e1e21cf9c0a91d0f35a51bda3d,d20bf44422d767e875d125772c081c90,b14457aeeac7c5f31a4dce4d91e030fd,f24f246975c26498df9a76c50c9d6f33
5eb40ccb2af36a02118421f586c615f5,552029b6aca3c40b394b3733d3530fa2,eba716773501e33a882d85478be42a68,4eb27cdb34bc8b4517df68615c1c4190
44accfccc145f1ddb5bfa8256c82df61,da1ffa6ca0c70698e61443839c850944,1c6b687a1ba605fd742d3774f299b82d,2f8ec25d11e8868ce052dab0bc2343d8
f0cd3e21de086b68fe3ceb28d7418ffa,c76648f69c51a92a3e62655bb3b38455,392b47c614aeae34e647a94f9a4f350a,dcde36700d7abcbc7faba10077d67eb6
f0cd3e21de086b68fe3ceb28d7418ffa,853bc852c5b9a6cf5fe14d70baf4c780,8a9504867213a11613926c4c847eff7c,dcde36700d7abcbc7faba10077d67eb6
f0cd3e21de086b68fe3ceb28d7418ffa,c8beb96a30389ed9dab9f8244792439a,ca112b20a453b509b7b9a4e05844139f,dcde36700d7abcbc7faba10077d67eb6
f9b62a109eb3799430172b41653c7893,622a54257bb7c28314270f64a2749bba,e265dc10ec37b61435a676c6246813aa,66bc10bc609fc61c1474ba615fc455c9
a8b37b7540cd9d90c151c958157af8bb,21961330236d3e971f1d7e606476dda9,bab5b0fd112e87be82d3c7160fbb7bbc,f6caf076ac3ea71bb37a024103ac1143
b1f4ee24eefbf49c4889e939e30621a7,a18421d0775c67939f9f607e62dc23d5,bc743c8944b45b5d67611df64be121c7,efdb7a2b86720882d5c33c0ec63b56fd
c3c491e1e21cf9c0a91d0f35a51bda3d,3b2d99c0863650bdd43030868c2c96f0,be525223252488a84b0f455bd0057968,f24f246975c26498df9a76c50c9d6f33
a9f787f5ed0720b4a1b977dd83c2aea0,977f2c3b8ffa689f489534f0aa631b06,79ae67aa2a7ad7e0b225d99ea52862ec,35bd77fac9b5efff4b9a321d65b4e5fb
26bb3d3d0b53a12ad8b66822e23c9e6b,670a1d62e57e8fdbada2eaa992d2b827,2598f6f9e5e46e48480c20c9abf1294b,c28976f3ce049002c81f6098e6805c45
c917896ac9b4e7f565547809e5ab63fe,f108fa8adf0bf3f76f4e45e36ddde6cc,e90623a631452a2c861c21f432ae2128,2abc9408a63131d4ef748f59ea64b303
a9f787f5ed0720b4a1b977dd83c2aea0,466de1a416595f486f49ac934799892b,7fa7f44041bd93c9ed497c1da2a5cdcc,35bd77fac9b5efff4b9a321d65b4e5fb
c3c491e1e21cf9c0a91d0f35a51bda3d,444cbf0764787839c177b0a84e315ffa,42bf55bf42efe22812ffd688832c4adc,f24f246975c26498df9a76c50c9d6f33
23809af702526a31b590050450f4682b,9403a9ce55d6a45e6c6bde610325e4f9,f41ca3c79ac51ead1cc618592206d3ed,94ba8d0be531c64fdd47ce0e42f35f98
531d9f98612e46a35751b22984d2dfb9,081cb04ef65e78fa6c4c2ab4f67d0487,840d8dc70843478c198ea10912a59f21,1748e072d8af41be0b4da4d40856419b
74bf33e69fc94fe4851ecb013d5be750,ce2912ce6bb0bcef37ae1264eab37366,d251af2d229ebf3f683eb32d059acae9,7e6383c5165f9fb4b8c052d62d859979
aaa7a1ab997fdd6b4aaa408420c08a92,fce496210e37bddba4e2b4036e335709,f59ba3b2558c243f05202322dd34a923,5afe1697367d89763025eaf3ab45dab8
a9f787f5ed0720b4a1b977dd83c2aea0,bfc717a8d0fc33bc26fe4314950afe4f,b96738df3ac4ba296f68ff2739e80a0e,35bd77fac9b5efff4b9a321d65b4e5fb
b37958739a718e4614af3ba63b2da3e7,cf5b3aa835477e53e0b1b599e8b72c2f,1707981dadaf3f50ae0625730a442519,3bb95ed367958c815f6619f5953269e0
4cd2499b5d6b52f93d7a8db13651287d,aee17df995c8b044406b029e7938356b,d519d0806d3086e04ad0e9911a14f14e,8880a1aa18cdabb50552b584fc838cbe
ed34e0dcd92b3117aae98af2605f1be3,ab701e1a2724a2118bc5a9e98cacaf01,b6770bcc9c3d10757ba9d71c5ad264df,33c314d661964eab2aff1b720b1e85d1
507945b1f398495fbcd0d471d4476539,21a16a6d8eb1914a27d1beea423d7dbd,a33415cd422452cde29c2fc871e1b942,0ce1ffdde91e53716643c157b1994946
6434d4bd0e12aaedc2caa751de851f39,ac85d2dcd54a33ca808519223c0c7f29,f10b6f72c53ea33524f9758882da2ebf,94b99679d34a5a9ca239d645c7636b19
ad97fa64b4194016862c3f0ab169a2c5,c8ac3cf13ecd7394b3ef569e2fa82572,a600b138a89482d3b2b157fea0f8166a,997e55c7ed6544b1f38f629b7da2696e
23809af702526a31b590050450f4682b,aa5a050c243e2300254bdd8ac4c9107a,3e540c54a41f95a0e36e21cdf5921443,94ba8d0be531c64fdd47ce0e42f35f98
ad456b83142257a6b920410ca56a2b7f,4da883b24ddb52335bc905a2bdc8769b,26548a839120ea891d6a17e763acad7c,ba9080b7f2dbdd256d2d990522c593a7
f0cd3e21de086b68fe3ceb28d7418ffa,542201dbaf17d0515cda1ca1ac688b67,67f6085dc6a6b6b3dd4a44f801a1eb24,dcde36700d7abcbc7faba10077d67eb6
c3c491e1e21cf9c0a91d0f35a51bda3d,8ee574f9771d92e57849f7edf85830cb,b87b859e203663a69c5d9910b52f126a,f24f246975c26498df9a76c50c9d6f33
6434d4bd0e12aaedc2caa751de851f39,c78f2b3d4e607cb644fd133dbccdaef4,7b259fba2c358c2e9b11fb0688daeb75,94b99679d34a5a9ca239d645c7636b19
a9f787f5ed0720b4a1b977dd83c2aea0,09c617a21e66e6a3775708eb8876e3bb,110a31812fd8eda021b9f25978803393,35bd77fac9b5efff4b9a321d65b4e5fb
ad97fa64b4194016862c3f0ab169a2c5,5b04c082d3b746357882ed02a7ebd82a,4b59723893f2858f727414725882ffff,997e55c7ed6544b1f38f629b7da2696e
a9f787f5ed0720b4a1b977dd83c2aea0,890e543f69e46d2b28fab0b38ece83e1,77c003201c4fa9ccd877c19586c5a7d5,35bd77fac9b5efff4b9a321d65b4e5fb
ed34e0dcd92b3117aae98af2605f1be3,1042aa076e0d3ab73c89b56dca62482d,842199239b5d3925244b13c90c327271,33c314d661964eab2aff1b720b1e85d1
44accfccc145f1ddb5bfa8256c82df61,940ccb6258d2f797e531164ff9f5649d,cf391af37b8033ec0524eac4960da137,2f8ec25d11e8868ce052dab0bc2343d8
bb8f00d0098c648e349d28e7e13ff68a,82cae461c936f48b472e22a9fd4f2ee9,52f78512554a0ae35a9c1ee0d46a4b6d,280704c0a92abc9fdf90edd1e513df94
531d9f98612e46a35751b22984d2dfb9,95aedea7506d5c5efaa50fbb1d72055d,5d57585395d4db292b55bb098d63bd76,1748e072d8af41be0b4da4d40856419b
aaa7a1ab997fdd6b4aaa408420c08a92,e0d6f555261df1dfb5278a06a387f4aa,b127b24fed933aaf011e627a3dd69e33,5afe1697367d89763025eaf3ab45dab8
44accfccc145f1ddb5bfa8256c82df61,ab21353cb0b0e496e5680289baedd775,768a18f8dc32141fa0942fe599ac69cd,2f8ec25d11e8868ce052dab0bc2343d8
a9f787f5ed0720b4a1b977dd83c2aea0,feba632196de031593413d73d263f02f,69afe9ab3b8b398215a3c58cbfde825c,35bd77fac9b5efff4b9a321d65b4e5fb
cbb81e72235abe8860c820e26c33c676,24cb3208d160295a5dccd16a81d110e3,8304270b7567b71bf84da7255c3139b9,850a2622988159db9f848488227f1661
864c790b606709ea2688be0ed3bac2c6,5e49c48843c44f35b210fca9d95134f3,fa2f8fec53d1b86e25eb4499b1c26fe5,486a4d30e1d98e6be5e1baea154abfa8
aaa7a1ab997fdd6b4aaa408420c08a92,f6694fa68a6d38b445c44eaeb753528e,5dc32f009b7541f29b67dddccadc5615,5afe1697367d89763025eaf3ab45dab8
4cd2499b5d6b52f93d7a8db13651287d,1f0b8fca5b0682cdeb6c058881fde7ca,93c9b727b8c4096e0cf8a6adacb082d9,8880a1aa18cdabb50552b584fc838cbe
c3c491e1e21cf9c0a91d0f35a51bda3d,07ffeeeeb71eca615e94a51b47e42a9a,d3454cf54a4068fbbdc4bc8d3aaa5527,f24f246975c26498df9a76c50c9d6f33
022f369da1691fc9d30387bb404b927b,d95b8212b9363d132c0b208d34f869e3,be1acbcd6b9c401f2b7169b2e67c8470,7a569cd3dcf9660870c158d9a854097e
c2808c14b365420fa65aca9044fd106b,491ebfbf8ed5edebd15641416cb5846d,3147678d5a9dde26b0ab556d148b9566,44532d453d047010d38472f98f8a5414
a9f787f5ed0720b4a1b977dd83c2aea0,4176f1ca4b548a152310a2498693be47,1fe71d3cb1d906a929ab1c303ce3516d,35bd77fac9b5efff4b9a321d65b4e5fb
a9f787f5ed0720b4a1b977dd83c2aea0,a5dabf1aa4b31504feac558d0ba14d80,c1b6b4b35da4ba7f39f2d11a65f3468c,35bd77fac9b5efff4b9a321d65b4e5fb
aaa7a1ab997fdd6b4aaa408420c08a92,f37da0d8905b49daeb3cc21cbe437588,99021761076f0d795b19a638ead2d7f4,5afe1697367d89763025eaf3ab45dab8
c3c491e1e21cf9c0a91d0f35a51bda3d,31793141bb51a2ab23df25f136ae99c0,23b2f83e017dadb983bbbe857608f055,f24f246975c26498df9a76c50c9d6f33
c3c491e1e21cf9c0a91d0f35a51bda3d,29a8f134283587788d84757414895374,432ad68d1f87123f227d17f908ea30f1,f24f246975c26498df9a76c50c9d6f33
e248e0cf6a68de1759953e07fee9f4ee,910fa0f93e2d265c839bab0f9ebccc96,33021c5eb2664eaa6e66b8a218a1bf68,a92c3773642ea90362461e9cc2d48cbf
531d9f98612e46a35751b22984d2dfb9,532b67dc875d152ec5bf3f66734785b0,66be5be06fa42fe8d2b624f78eb96994,1748e072d8af41be0b4da4d40856419b
b37958739a718e4614af3ba63b2da3e7,a811cedc69cdfc71574861dbf3f95e84,59adb860d6f2f3e5e4966eba1716adc7,3bb95ed367958c815f6619f5953269e0
c917896ac9b4e7f565547809e5ab63fe,0f6f3be6ae76f7f4d7a91fb14f1dd504,665208b736cc3381f8f4843e7ab159f5,2abc9408a63131d4ef748f59ea64b303
6ee2d9c0a23d408d1cb1369a98c9fb3a,0b47f1b6acfb59c819d5ded67d4e9edc,4de162e063c2d502c72e2949c6e0e2f4,18b46bac9c6404600cf555d4c282f64e
6555372a399662d6fdf889c316200d8a,151eb94da26202dd16a24658ce5e292d,334b67c5afa4a2b65c4d89f591556700,a237643fe84b0ebdbb0fdc8a5a06e84c
c3c491e1e21cf9c0a91d0f35a51bda3d,de5da35d00d5b21f3a4cf34861682fe3,bae4780d6eeb1ac7213255486f874509,f24f246975c26498df9a76c50c9d6f33
8c271ec337def293ca9672e8bbaa1952,42b6e3d58ec6682000cf4a504316d3e2,13bb9dc96ee129fc083828bfc1ff0cd1,520b3f55ccb0522f3e6060ef1835d6e1
c3c491e1e21cf9c0a91d0f35a51bda3d,155dc39f51d318d83e1f9834cbf707ff,24cb6ddc23a0cb1d83f06fb9507c6b21,f24f246975c26498df9a76c50c9d6f33
f0cd3e21de086b68fe3ceb28d7418ffa,686b3a09d772ec126a5b3534fe1f5aaa,f5a651e62eef35ef00df367a9d18c77b,dcde36700d7abcbc7faba10077d67eb6
6ee2d9c0a23d408d1cb1369a98c9fb3a,6ef40c6e8801c5721c027bcc21ba0031,b1620944dd22614b253f5fdf854637aa,18b46bac9c6404600cf555d4c282f64e
6ee2d9c0a23d408d1cb1369a98c9fb3a,74f4fd71e742ab8c0208928c184cee2d,2f66f1ebf237e072fd9aa21c1b0b5dbe,18b46bac9c6404600cf555d4c282f64e
aaa7a1ab997fdd6b4aaa408420c08a92,a6f0b15753d0461dc45948a605461143,cd0dfac8fb5994951a492cd5e983e189,5afe1697367d89763025eaf3ab45dab8
c917896ac9b4e7f565547809e5ab63fe,632e9a22e347a3e14792db15aeb49966,e9c995940deaf41f05fc2f77053113b6,2abc9408a63131d4ef748f59ea64b303
a9f787f5ed0720b4a1b977dd83c2aea0,8fcbfb4eff3a8d24f439265b9b07eb06,ef46ebe4b43be4fc10c2b93fe45ba546,35bd77fac9b5efff4b9a321d65b4e5fb
aff852df32504ebbbd339dda54606f3a,1c2cdfe1831b270c9e665724b4a8f972,ba931983836f4c436fea73b96cea96ff,5d1b644981dbada6bafe00afdd01a7fa
aaa7a1ab997fdd6b4aaa408420c08a92,08722d4754a84c26287b07e0723ff2a4,31f1c2a0a88a0087137da4f49577a11f,5afe1697367d89763025eaf3ab45dab8
e248e0cf6a68de1759953e07fee9f4ee,4f44d26c133d793c2fbf7f14598d3926,a7587846b86367d26ee2d0b138694754,a92c3773642ea90362461e9cc2d48cbf
aaa7a1ab997fdd6b4aaa408420c08a92,74f657a87c13c55e8a077f10656dca8a,e50c00d6b2704bcbb791c1d6eac96140,5afe1697367d89763025eaf3ab45dab8
ed34e0dcd92b3117aae98af2605f1be3,8890d23ad8e53c822854bf8d42f3db0c,f3397529231c53d362c0ac2f430bee7d,33c314d661964eab2aff1b720b1e85d1
a9f787f5ed0720b4a1b977dd83c2aea0,74d915fb1c5e6d59a181a36c3c0a518a,0c98b5a60e4d819a4f172269b2267fe4,35bd77fac9b5efff4b9a321d65b4e5fb
e4409e2deb3670f425c3d71bfc1214ed,77caac392eefb0781105be476421eb60,06657dc61e2139e68dfa4b5feaf74da1,4f43ea993fed146ac5045bae45535266
aff852df32504ebbbd339dda54606f3a,5d38b18f0c4a84e446ec8303184d6486,61e049f582082e87272c8de8b27855e7,5d1b644981dbada6bafe00afdd01a7fa
f0cd3e21de086b68fe3ceb28d7418ffa,ba8baa252816438f960c01f5294f0a97,2945a04a0c7d1c71e51a9c71e289fd46,dcde36700d7abcbc7faba10077d67eb6
022f369da1691fc9d30387bb404b927b,f9b35dafc24f63b295f786db9b0170af,1be36b3340265e9dca04aa6c6f5c71a2,7a569cd3dcf9660870c158d9a854097e
022f369da1691fc9d30387bb404b927b,eb43daad6581abbec0ee67ba6a1d72e4,1c7601335e861c0ddf7815074d317e22,7a569cd3dcf9660870c158d9a854097e
022f369da1691fc9d30387bb404b927b,4be045b33bc751224c1a8a303d14e065,3f64929afe55ba23dbc073392b28c74e,7a569cd3dcf9660870c158d9a854097e
93d09858c77989dfac176a35875fa52d,e202517178c71f1a54e422db856f379f,f6a76b6cf319272a279b108c55c52661,2dd9d004ac487ecbd8529572cbff0482
a9f787f5ed0720b4a1b977dd83c2aea0,7c5c53e338c55c2c9db1d9896a10c49d,3c3cc178b40c93364068aab6cefd6de2,35bd77fac9b5efff4b9a321d65b4e5fb
aaa7a1ab997fdd6b4aaa408420c08a92,7f0575fe4d89a4e2e88a4f2277e2fec2,bffc72b43eb8cb904d908e9cb565b5bc,5afe1697367d89763025eaf3ab45dab8
864c790b606709ea2688be0ed3bac2c6,8503bf7eb04e6cea3c0f7f0c840490df,4833e9ef15e257657d6c494018a1a8a1,486a4d30e1d98e6be5e1baea154abfa8
a9f787f5ed0720b4a1b977dd83c2aea0,9cd10e5e042223c3a1e87bfe545366eb,2d50faacf0b969e165c450b04ba8d33d,35bd77fac9b5efff4b9a321d65b4e5fb
aaa7a1ab997fdd6b4aaa408420c08a92,d2c0a19a9f227d7855d72d94ac1b725d,6e8c702d00309c37c5970940ad7fdde5,5afe1697367d89763025eaf3ab45dab8
f0cd3e21de086b68fe3ceb28d7418ffa,4ee251c4e28f12713c50119781b6ef52,910573735f276d124dc5fa5d80c9cac1,dcde36700d7abcbc7faba10077d67eb6
f0cd3e21de086b68fe3ceb28d7418ffa,790d50cc37948ee6b55f85b68ee91af1,845a937e8c7b57c3f45d3c06f7b6bef7,dcde36700d7abcbc7faba10077d67eb6
23fc750117e030103d8f8575c71347a3,2d693ca6ad5ecb12aa13025aed2b60c8,2e2391d1c80864ff5e9a50a2c705911d,a7555bd88aec695063b30643d879e4e5
6ee2d9c0a23d408d1cb1369a98c9fb3a,e776dbb4f1e1f1607df6465ceaf34235,a76f8c5af4ebad4d0c5f6c609149568f,18b46bac9c6404600cf555d4c282f64e
ea2d0e850259a4b547f7b2bc95f7042c,030dd33dcae048352907c59bbf1aadb4,ebfe30bde1fd4d1df41fdaae497f8d5a,c68bdaeab87ca01e01aeb41b41c34cfd
23809af702526a31b590050450f4682b,5b77bf80c44b880d260987365be2885c,5647fcdc9f07b22341101b5fe3676caa,94ba8d0be531c64fdd47ce0e42f35f98
23809af702526a31b590050450f4682b,5cc6b22a7ac26f8a6a1d096f6988dd4c,ee07bc8171b26cc9742d991d3099cbac,94ba8d0be531c64fdd47ce0e42f35f98
c917896ac9b4e7f565547809e5ab63fe,783d269b0a6329bffaca44f2fef8f5a3,91d350fd34af7a3d761284103c9bcdf6,2abc9408a63131d4ef748f59ea64b303
23809af702526a31b590050450f4682b,8a6eebfa98f2039732f03c23b60a7b51,4189ea5b2689aed515b9b4f6194efb8d,94ba8d0be531c64fdd47ce0e42f35f98
c917896ac9b4e7f565547809e5ab63fe,26a39b9b3a835c42377c6de21f960ad4,66ec38a683fe4bebd9687c869d5b043e,2abc9408a63131d4ef748f59ea64b303
531d9f98612e46a35751b22984d2dfb9,9397e8607307da3ff9fd38007504a957,1093f0f14ff6f24f7d119031270a033b,1748e072d8af41be0b4da4d40856419b
d47692ed73fe733ac66fcb29ea016984,5b77de606a60d5937f08150b81353df1,de9fee5de6c064bd982dcc0982e4c193,69481f472c4138567dc9e677d6aee239
022f369da1691fc9d30387bb404b927b,ba03a4dc09586fd08ef5ac3f0408588b,bf80486653283cd331625fc4c87a6f03,7a569cd3dcf9660870c158d9a854097e
6434d4bd0e12aaedc2caa751de851f39,72d2e7fba0021a7f1f2be6b09463c341,0ff92ccd6ccf129e8d48d3c6625ff8a7,94b99679d34a5a9ca239d645c7636b19
022f369da1691fc9d30387bb404b927b,f9207d67269f1a72e16ac84df8c96a13,47aa2bb387cf3e0f590eace283aac3b4,7a569cd3dcf9660870c158d9a854097e
022f369da1691fc9d30387bb404b927b,477cd483963d779fe452fc6a64449f18,fed6489e2f786b47c0136ad0c3cbb141,7a569cd3dcf9660870c158d9a854097e
022f369da1691fc9d30387bb404b927b,ad6f54905ae09d437cffd461c8d6dbb7,2c99d4be04b3c8272eeedcaed0f4bf85,7a569cd3dcf9660870c158d9a854097e
022f369da1691fc9d30387bb404b927b,ad4229a86d5b7b17a80266aad027b104,530384b1563eae92fca61e730665d83b,7a569cd3dcf9660870c158d9a854097e
9e950009b3927b9a995297b0d9a6529e,3852923f89aad1963d1778f9a061432b,f1784e1b16f23bff4e3fd8270e0b6f49,9ec54f823a72c31622123e8e92361143
aaa7a1ab997fdd6b4aaa408420c08a92,cbe08bc286a727853fa809964d61f758,4c30211915a131f976d5464ea4f8448e,5afe1697367d89763025eaf3ab45dab8
6555372a399662d6fdf889c316200d8a,ecc9713ecc2b75960828740d29ee4386,726f5e979c9bf1e3e14ed53c2168b3a9,a237643fe84b0ebdbb0fdc8a5a06e84c
74bf33e69fc94fe4851ecb013d5be750,564eaa46e3ef183a52bb8f430c068892,e4c0a08d7eda95e7f1e43f9dda87ba77,7e6383c5165f9fb4b8c052d62d859979
6434d4bd0e12aaedc2caa751de851f39,897be6895534952abec50d01a9cd4d54,b4a45ee93c841fcfbcada69d9c3f105f,94b99679d34a5a9ca239d645c7636b19
a8b37b7540cd9d90c151c958157af8bb,533070fb508875f7070ce4270e14433e,de8c87784d53e907f5d71a832b92369d,f6caf076ac3ea71bb37a024103ac1143
ce4bbf9953fedb6ffeca93763bc6ca95,ed62796ec3de5ec2b0e0481bacc53c17,977c031ea8b010827cd2a295f97ce404,d7297af0f34e173db912160668cba4cf
6434d4bd0e12aaedc2caa751de851f39,f5297d64d566a117cc2822e1df2e6ba4,07a71cfc9995061b0af53bdb412d3c10,94b99679d34a5a9ca239d645c7636b19
aaa7a1ab997fdd6b4aaa408420c08a92,6b6a3b31ce3f4ce30e418c414228149b,f234b5f97995bce4b6c209f4abcb7adb,5afe1697367d89763025eaf3ab45dab8
a9f787f5ed0720b4a1b977dd83c2aea0,dc7b75132731ba5228180e7e9ff423c3,c30a4fdc1ec598f4be9fd8976a7d3beb,35bd77fac9b5efff4b9a321d65b4e5fb
a9f787f5ed0720b4a1b977dd83c2aea0,0f4a469af780dbdd6a7347876783c1a2,4b5acda2a8af3629af94466e30e5b1bd,35bd77fac9b5efff4b9a321d65b4e5fb
a9f787f5ed0720b4a1b977dd83c2aea0,a201355cba07ad0896e9237bb81bb103,bfce252e60866427ffdca81caf236ad8,35bd77fac9b5efff4b9a321d65b4e5fb
aaa7a1ab997fdd6b4aaa408420c08a92,1820fa8910a9445d49acc544ea21554b,5296a656c908c7ff3d7d66bd22100bf5,5afe1697367d89763025eaf3ab45dab8
98deafd1e527f8ecd5734d09cf5c15a5,f68978e83e8edd306ccad3f14cab978a,defda70c1bc860c8cd540f60cdcd71ea,8f203e0a68928453411902a43a2a5ced
c3c491e1e21cf9c0a91d0f35a51bda3d,9744b2537b05ba28d49e7d697174370f,6cab24f7baaef1070fd59483ee294a5e,f24f246975c26498df9a76c50c9d6f33
f0cd3e21de086b68fe3ceb28d7418ffa,f95902ffe12a55b569fe8b557948cdf2,6d81dded7c9053ce159acf67e7a309ab,dcde36700d7abcbc7faba10077d67eb6
6ee2d9c0a23d408d1cb1369a98c9fb3a,5c30f3d28ea60ed607033ba5c9822bac,eb070f6892501b7db884821c0d8cc873,18b46bac9c6404600cf555d4c282f64e
6ee2d9c0a23d408d1cb1369a98c9fb3a,20a913f2630d4dda42cb134391b7cac9,17203838d75c55dc9303c2b9822bf1a1,18b46bac9c6404600cf555d4c282f64e
a9f787f5ed0720b4a1b977dd83c2aea0,9c26c1be9f2556d4e611281e270b0078,84ea986426970025fc03a1b4ef95bb43,35bd77fac9b5efff4b9a321d65b4e5fb
f0cd3e21de086b68fe3ceb28d7418ffa,59ac8f138a1490f2f20c1b8f75185561,007840dbef7aa306b9c8f7dd572d1651,dcde36700d7abcbc7faba10077d67eb6
05bb5fd335840521948d57e622de93b9,fb4d00a46e6f4f215da647c1c1583d6d,b4858152a5aa1eb4cb4751a66f10f063,a0b5478dfba810376edda3e5c8c6b0bd
23809af702526a31b590050450f4682b,1688a92ec85efd57ee71bde871b888cf,6ee1c918f817b52dc6e12c207ab74cd6,94ba8d0be531c64fdd47ce0e42f35f98
022f369da1691fc9d30387bb404b927b,68d81eb418ef175c1aa3dbb5f1e17e3d,35c2906560ed01376f37d7d9bcb8eb88,7a569cd3dcf9660870c158d9a854097e
6434d4bd0e12aaedc2caa751de851f39,fa8409892e27815107bd1cba52f83f92,3a01c53e116e262256a503fb8c322552,94b99679d34a5a9ca239d645c7636b19
a8b37b7540cd9d90c151c958157af8bb,37bc2658d910ebed75e30650dea455e6,6c70a2fd7aed0d5b72abc1167a41843b,f6caf076ac3ea71bb37a024103ac1143
022f369da1691fc9d30387bb404b927b,44b04147d4e822154af7e767cede881b,c4a531e6c921b8a08db023ae67ede9b7,7a569cd3dcf9660870c158d9a854097e
aaa7a1ab997fdd6b4aaa408420c08a92,a0f43a9c3d8a95d3afefdce365813b45,caba0b669864bff270078dc58c56da52,5afe1697367d89763025eaf3ab45dab8
90ac845c7d6169c006127e1a7027b45d,7032d6693d5bbca4f7a1661839e64921,e1ada339fff0d9e9ece1406c75fdbc1e,020bd7f6db7ce40fb4afc937a0b8d979
6434d4bd0e12aaedc2caa751de851f39,268617e512a2c4ebbdc6ef6382b66fc0,9cc15b1cb0484a500ed1c46f348f46a2,94b99679d34a5a9ca239d645c7636b19
022f369da1691fc9d30387bb404b927b,4ad42d42eaaa9f5f31d32a747dfea4c6,8336d7b687084d14d98308fc8bd48072,7a569cd3dcf9660870c158d9a854097e
aaa7a1ab997fdd6b4aaa408420c08a92,2ab10acb71d8b26a7c25d370b256da80,d5ed763674e25560d39eb76ef2319e81,5afe1697367d89763025eaf3ab45dab8
c3c491e1e21cf9c0a91d0f35a51bda3d,b9dd19929c4ce470608ba477e008dca1,6b0d03ebc7a975827d77c90b8aee94f3,f24f246975c26498df9a76c50c9d6f33
aaa7a1ab997fdd6b4aaa408420c08a92,1965d99b04821daa85db52bfb6c967d9,634f6be59e345111739b591486ea02d2,5afe1697367d89763025eaf3ab45dab8
aaa7a1ab997fdd6b4aaa408420c08a92,17cec9279c30c70e71e7171685c8310c,f7c7db99a2e1f04465061f761a6e4fab,5afe1697367d89763025eaf3ab45dab8
bb8f00d0098c648e349d28e7e13ff68a,65d31d588b0b4dc0551050b401dc2dca,fc11305243ab51c0d6b5b038e8c88db0,280704c0a92abc9fdf90edd1e513df94
531d9f98612e46a35751b22984d2dfb9,f94d43c6ac7edce3bba0050f33826360,bd2df10a6b41a515c5d78b61cdde6993,1748e072d8af41be0b4da4d40856419b
98deafd1e527f8ecd5734d09cf5c15a5,98b664b75c2e6b38dd5aef89ad467837,68bdf3178910564c8d9bf4cbe7936520,8f203e0a68928453411902a43a2a5ced
08f89d04447c2127c76fc57bacf6a2f6,45e9a18681043062e360642f4b24e0a6,4c15c862090d76ac504a71695d2f65e1,e9c4a6a8790028d17af82ceabf98feeb
e07ee90b319a3e263828896dd2175e85,bc947d9202e693035ae5fb6bae3445e4,3020545eb15666c8af4a43e4bffd39a6,0cda42db5b50e2773480d88e21f21113
6434d4bd0e12aaedc2caa751de851f39,986eec1fd1d66109b657254c345667ed,95d12cb62d50b4775dcaf84f0487c78e,94b99679d34a5a9ca239d645c7636b19
a3b672f22238a508ffbd8db5146b561a,40b0ca99d3342af02d9b38a3b040dfa4,228a59ed946ca7a49167be8f686730ce,db86e229b1bb4548cdd0ad5499b2c91c
618d11fae449699487755a2054cec827,06e7232f478e6c485dfaf0536801eebc,5472eb3a619dbbeba814aa8aa72288c1,8fa445b9ce87b588fef656049addbc20
98deafd1e527f8ecd5734d09cf5c15a5,2cee0cbe285c51692f58c29a83707e20,d9ab68972372700b71af0ffc6e4f74cd,8f203e0a68928453411902a43a2a5ced
6434d4bd0e12aaedc2caa751de851f39,8a5da36591bf68654ffeadc897a07a0f,a1b8ee54f22825ec49fe39d51257f88c,94b99679d34a5a9ca239d645c7636b19
90ac845c7d6169c006127e1a7027b45d,3f3c8ca904c4fb84f4244fd366616d37,a56613eb3f200b4b6ae8370eb1891101,020bd7f6db7ce40fb4afc937a0b8d979
022f369da1691fc9d30387bb404b927b,6ffd7d5525b7fe685ee544daa530fe39,334c7452c6b6e689c3734438844de246,7a569cd3dcf9660870c158d9a854097e
a9f787f5ed0720b4a1b977dd83c2aea0,0f5b526593935e8380abae9e7a4969b8,13226376cbf6e6c40d0e9300eef52cb6,35bd77fac9b5efff4b9a321d65b4e5fb
6434d4bd0e12aaedc2caa751de851f39,c09b8e5bb2589fc72e43db989a0de2c0,36f2f22b4fc128efb7e681029e05da20,94b99679d34a5a9ca239d645c7636b19
3bade8a9120c33086f7e39325e54f869,98582d89f5075862c69924538ffdc0c2,9e37eb0c9f408873582546d9514a244b,29c77d1c68e50da8aa5b5c0a3fcc13d9
287f9f7c7c8a475fe77a6ab72fbd37b0,b6f7fa01d7769e3323fb4d61c92c5dc2,b2fe2cdfa2ec6f728cb7cffd97da8cd1,a714c2e5f7ed9452c17cd05da3c0a1db
531d9f98612e46a35751b22984d2dfb9,dcea76ad0c71e13954406bf31ca07d20,73145ce3cb8aa8ae73dec2d140fed2fd,1748e072d8af41be0b4da4d40856419b
d47692ed73fe733ac66fcb29ea016984,e2a7eba6f967f9bea8e948b5eca8c215,7f61c739e2922b5090212c94332e0607,69481f472c4138567dc9e677d6aee239
aaa7a1ab997fdd6b4aaa408420c08a92,c8f7089d6ea49ef4a809f621e2482f28,e6b9afa4720d5dad2219a2782730f4c6,5afe1697367d89763025eaf3ab45dab8
022f369da1691fc9d30387bb404b927b,6541dc6ad2e3cd796c0d63170c2dd249,32bf57376adb3c8c975869d4a37e8f3a,7a569cd3dcf9660870c158d9a854097e
6434d4bd0e12aaedc2caa751de851f39,122c988a6eb51ca764ef0ad1c3da71b8,7da16dc95df6a1ff3ab24706013b3d33,94b99679d34a5a9ca239d645c7636b19
6434d4bd0e12aaedc2caa751de851f39,a83c514f5ce8b2f064147a22c9c27547,fc1e800bf95a1569a5ef1f9def2f2b58,94b99679d34a5a9ca239d645c7636b19
022f369da1691fc9d30387bb404b927b,6132a42d1f40747aa05faea1b1039e77,a31a9a5b7e679b3c28b9bf0a6617d2b9,7a569cd3dcf9660870c158d9a854097e
f0cd3e21de086b68fe3ceb28d7418ffa,e7ae3dfa459d5de97c1702029458399c,fd56ac2f1266749f876bb23c8d9ae6d2,dcde36700d7abcbc7faba10077d67eb6
44accfccc145f1ddb5bfa8256c82df61,5353465e18372d4f056995854a44a137,fc4589d255666b48ab106d21ff0e0144,2f8ec25d11e8868ce052dab0bc2343d8
e618e65ed390b040aae116c4686d9117,b63a3961c0cd821f164bf0173acdabe7,ba73cad7edf8c644df3a83f1a7e398ce,62a76dddc3c697369f43acd94cc74c15
a9f787f5ed0720b4a1b977dd83c2aea0,c0c5e34fd7b7240957fb3a93d5a697f7,55d2c0de2e1564ee545ca6658a20cbbb,35bd77fac9b5efff4b9a321d65b4e5fb
c3c491e1e21cf9c0a91d0f35a51bda3d,d8078eba9c5dfdae2f83c3f21f4f7979,f7c8fe4b6d4306c5d59388b358beae4b,f24f246975c26498df9a76c50c9d6f33
a9f787f5ed0720b4a1b977dd83c2aea0,2a7f9b712d020dee584cfe9c621cf73a,5b5898f091abf6fa460badfa1c88e376,35bd77fac9b5efff4b9a321d65b4e5fb
c917896ac9b4e7f565547809e5ab63fe,9a73e50fc3ce43ae57b656ee25877428,39554e3909d323d9ac3dc312ee17656a,2abc9408a63131d4ef748f59ea64b303
c3c491e1e21cf9c0a91d0f35a51bda3d,ae2f084000969df968b2ebdd053e2ca1,33fa40a4e741d721fbfbff337e98705d,f24f246975c26498df9a76c50c9d6f33
32d148189b8dff09eadaa3df74606824,7ea4cce11f751a465c2aa1e1675df50d,756bf9f7e6b678a32b3895e5fe39f93a,f226f0f6e0546fd684d1db8c10e619c1
44ad7a17ad12ac45380fada69793d712,0b3ddd8e703fa271d59dfd1044d2f9d3,22f62e761be0dd174299321e9cf99eaf,f07be77c9142f771747d9b3f4f863c26
a9f787f5ed0720b4a1b977dd83c2aea0,eb90a1566af1123dfda62888ae735768,62db2836b6757169a716d9d2336c6d01,35bd77fac9b5efff4b9a321d65b4e5fb
a9f787f5ed0720b4a1b977dd83c2aea0,04856e0e3072939b0c8c15bde8d80cbe,cbc7e69d8f938340d4a7032dc7a72859,35bd77fac9b5efff4b9a321d65b4e5fb
e248e0cf6a68de1759953e07fee9f4ee,f94bc766f8f488f5db17d7aeb2ba35b1,fae9bddae532b3c75ff6fd9df3b424bb,a92c3773642ea90362461e9cc2d48cbf
6555372a399662d6fdf889c316200d8a,8cf03e3ecb910a09e169bd92349eb492,64b3bb08c077473f3a234bf4b613e3e1,a237643fe84b0ebdbb0fdc8a5a06e84c
a9f787f5ed0720b4a1b977dd83c2aea0,66f333c1228d345f7667ca11f752fa56,3aa7546c097d7447f48acb261e86e793,35bd77fac9b5efff4b9a321d65b4e5fb
26bb3d3d0b53a12ad8b66822e23c9e6b,4da470d2287615fd33b8281f77948fa6,beb38ec7769418d971b1e33d8866ae33,c28976f3ce049002c81f6098e6805c45
370ff6cc27efa9f77f12f776d7095918,945c0ab255c854cb8c6fb23edd731207,e325cb2693d770de15e6d0d016ca1890,b5e10e12d92e50fac1a3b33e456e0297
23fc750117e030103d8f8575c71347a3,735752e6614c37f94bc51f8960ac89b0,07a6d1ede146827c79a80f4a7b56c89b,a7555bd88aec695063b30643d879e4e5
c3c491e1e21cf9c0a91d0f35a51bda3d,4f6457a5b5d4b729572b37ba63044609,41fbb55c677538e57ad5ef411ddb903d,f24f246975c26498df9a76c50c9d6f33
8c271ec337def293ca9672e8bbaa1952,d99460d241e7ad0b5a465ece93fd6c76,d3855002a807e584910a3eec7f0928a9,520b3f55ccb0522f3e6060ef1835d6e1
6434d4bd0e12aaedc2caa751de851f39,a6227e2a05bf8a0c3e4c0f2436add6b6,b0d0082aa26a61cc481e53dedef3eb65,94b99679d34a5a9ca239d645c7636b19
c61766b309556ad47b84264f750c0af6,a3187e4fe6216e6da5c45f3a2895f0f1,b654c8cb83bd90de340f61199222e059,4e72c1800a9594db3fa3a78b964dc90a
6434d4bd0e12aaedc2caa751de851f39,4d9e044b44b3d60c0429d08f80d436b4,e57d2e54d206c971236c6a3532d0182f,94b99679d34a5a9ca239d645c7636b19
57176bd312a55972956733f13e0924f1,d7fe329ff5808c846c9982f4cc6db020,811f112cec31fd95718563e31280cce6,828c79d899c66cb9cf608bb3a8196fa6
507945b1f398495fbcd0d471d4476539,65ad6c712f6e6bf0c7582f162d98b1f3,b78ffb86d12f5a7b0f67ffda5e1412a3,0ce1ffdde91e53716643c157b1994946
a8b37b7540cd9d90c151c958157af8bb,2bbfb86dfeaa5ee3203d52f433bb6a80,637795d2cdf43c6e71686737aec558e0,f6caf076ac3ea71bb37a024103ac1143
9bbcd63548848bf13b7e15a0d78818d0,4303290ad0ad120665b43c19928d8206,c175f3a8d71d03dacb5faf94c4620e7b,0d434011965764a8ddb17bf9de48d430
864c790b606709ea2688be0ed3bac2c6,a38b1a3e9fd361adfa9da9ea050e77af,1d5366f9a1f7d9a07a82babf4b5450d9,486a4d30e1d98e6be5e1baea154abfa8
6ee2d9c0a23d408d1cb1369a98c9fb3a,6cd8b2ce493798d05a52bf87faae84b1,33da19810d58c9f36d90f5f988772d32,18b46bac9c6404600cf555d4c282f64e
6555372a399662d6fdf889c316200d8a,06728d08371ede9a2b7f8ac5f696b494,7499aedb0dfcbde5b37c35b1b9bf5cc7,a237643fe84b0ebdbb0fdc8a5a06e84c
71b84872a4bcccce5bf28e3f16e73d7f,3339da94048c9ddf0602eaff9694614a,ad85d9a02a295b675b062b74d34b2a9b,dfa377b406831f26cdec447d2741f945
6434d4bd0e12aaedc2caa751de851f39,5294ce134a0e63bca6bfa865fa0ff67a,1d9551c8abb71d65954b5d308ef2b4e8,94b99679d34a5a9ca239d645c7636b19
44e41e7eec8b85cb5b3c8c1971345344,2c19ffbdaf52a4e37b86f8d387478af0,88c3811934ea685e0b71d6904222d7d6,b7b3eea2373568c05859a182205f19d1
c3c491e1e21cf9c0a91d0f35a51bda3d,c4d389fe90348c432440e22791e64b2b,9a76882f30ba81e1ec52a5f367d040f6,f24f246975c26498df9a76c50c9d6f33
c917896ac9b4e7f565547809e5ab63fe,aa7f390207c3a92870c54677eb186d68,2ba932d933eb93683d3ad18638f52881,2abc9408a63131d4ef748f59ea64b303
b1f4ee24eefbf49c4889e939e30621a7,1c23d18e2ba241bcb9800c029f112bcd,4bf0307444270f7532732ac745a66f07,efdb7a2b86720882d5c33c0ec63b56fd
ed34e0dcd92b3117aae98af2605f1be3,5f15dd3c4248beefade5f40db3ee0101,cddbc107110f00d82d0989143aff1740,33c314d661964eab2aff1b720b1e85d1
f9b62a109eb3799430172b41653c7893,504310c7267620ce0e4954392dfc01a8,d234627857e1ae33a28d75897467ee89,66bc10bc609fc61c1474ba615fc455c9
b1f4ee24eefbf49c4889e939e30621a7,eaa2ef2b2e9739c7e5710e0c9ecf0783,70be55cdc1cdc4c2214c9fadc19237ec,efdb7a2b86720882d5c33c0ec63b56fd
6ee2d9c0a23d408d1cb1369a98c9fb3a,34219063faac91fb0a3477c482ac5474,67d30b88fee5a31cab937b1046df67ce,18b46bac9c6404600cf555d4c282f64e
fe923fa13b0df4bd2d975bddf3632745,4161078c4fab92a9907ec7767d1a91b1,f4f7612ea47c007a04e9de929f000ba3,a8d81bbd3e615c2e108aaae8cc72f9a7
f0cd3e21de086b68fe3ceb28d7418ffa,559231e40b83356406d298760ecc361e,81a674c249de1cb061c981995914810a,dcde36700d7abcbc7faba10077d67eb6
022f369da1691fc9d30387bb404b927b,85d668a46ec4f449ad488579864150b7,e8a4a70250d0252833a5d66d64f6c212,7a569cd3dcf9660870c158d9a854097e
a9f787f5ed0720b4a1b977dd83c2aea0,ea6cca529cb8cd1d05a4d5acd2fdcdaf,5bd1a9d2fec836cd04c07fa0ce804f4c,35bd77fac9b5efff4b9a321d65b4e5fb
c3c491e1e21cf9c0a91d0f35a51bda3d,8ef8de2f522fc2a50e32285a79d44edc,9a11123781d57bd69a5d5f9b0e8a7605,f24f246975c26498df9a76c50c9d6f33
44accfccc145f1ddb5bfa8256c82df61,2e099398bbc375445e8aadde5adfd7c1,23932fb0fc65930b1f2fedaf6eb15967,2f8ec25d11e8868ce052dab0bc2343d8
f0cd3e21de086b68fe3ceb28d7418ffa,187f3543a25d482f9187c32ea7c23f7b,b68ccc0dd3ef06e3f2046013fc8c09b6,dcde36700d7abcbc7faba10077d67eb6
aaa7a1ab997fdd6b4aaa408420c08a92,49d8f4a32101d16da0adc2160b6ee010,121cbf705a4896d6c9724a01b4bd45ec,5afe1697367d89763025eaf3ab45dab8
ea2d0e850259a4b547f7b2bc95f7042c,b8ee7fffd98da396ef863ac2ba80d61f,03e9f5da408b7981ed1f9b3ba86ec8d8,c68bdaeab87ca01e01aeb41b41c34cfd
022f369da1691fc9d30387bb404b927b,02d2297902d2cc4834d50675591a911b,32d75d0e5a75ecd4324677199ef60eb8,7a569cd3dcf9660870c158d9a854097e
b77d769279dd53862adef99d11e80b7b,f7c4f76dbbf5600732672a7557e4c577,0abecd9e7b08a77d124f5493ef04a32f,113e683c4aeb6e1740e95381f58801fe
b77d769279dd53862adef99d11e80b7b,9ec803ebe8fa05d1363e18e0803fc527,856921201dbcd0e52ef57dc926f44393,113e683c4aeb6e1740e95381f58801fe
f0cd3e21de086b68fe3ceb28d7418ffa,336d5eab090b585b569d46d54173e153,0c81a5bbfd718eba38ec64dd3e377740,dcde36700d7abcbc7faba10077d67eb6
5af80e488f89e662e159023c55aac01b,668b573acd478a078434a1ab5cea00ce,14a5fa0fffb0c774ebb78048f839989b,d253328b507a36b24dc931a7ed04ce03
6434d4bd0e12aaedc2caa751de851f39,e7703a9a2a834cee3852572698b9510d,401240460c9f8309091ccd3ead42c737,94b99679d34a5a9ca239d645c7636b19
2963a89819fd14ed6ece6757419a41c5,62dfe20c54e5841b3b61d47f4c0b8a4c,de0ba697a48dc53ae99282ae77a485e9,467a1a2b6cbad65f6d196ee7233db9b4
90ac845c7d6169c006127e1a7027b45d,90610090c168301ec1d4951545ae1cc6,fdfda4641af1926bf6cf4634c364d969,020bd7f6db7ce40fb4afc937a0b8d979
aaa7a1ab997fdd6b4aaa408420c08a92,92295499219960ac708d3e3d0305fdad,207ac4c6a7a58d00567fd3eb4f341949,5afe1697367d89763025eaf3ab45dab8
e420585b001ce35417ff25e20c8b1215,61b3200b870a19ce490e8f42f26a2318,aa81bdc7c5081c267e316dc013bd6ad7,ab4dfe960005dbf03d3adfbf324a224a
9bbcd63548848bf13b7e15a0d78818d0,2c98c7b5e842f3193f4151935f5020ff,6468c37304c12c7200ed9f17559c9a76,0d434011965764a8ddb17bf9de48d430
5af80e488f89e662e159023c55aac01b,5221aa074a9f8d39f168bd731d4e6dc0,0437f8104ba82e3494897de1d269d609,d253328b507a36b24dc931a7ed04ce03
aaa7a1ab997fdd6b4aaa408420c08a92,af8642a491e21944a6482cf3fe2f0620,d2d96439f32617b200f4ffe07848db56,5afe1697367d89763025eaf3ab45dab8
66d812bf007fa897bc9eda538e64fb8b,35de4e68ed7858cca7e0ed181f091026,43002613f6d5d2eb3c291a2ae12348b6,6c6c6bc83e06d66eee3cc206283f6015
6434d4bd0e12aaedc2caa751de851f39,9f7329c70fec069e9aebcaf8597daae3,a676c5a46cd9e018f69daf3d03bc6824,94b99679d34a5a9ca239d645c7636b19
13c9c5bec1b4c4cbf49de7e5b132ddd4,7842165c9ef08f3e02ce13823dc007e0,fe715345265329d032f5b9ddac97bfc0,65a21864f930a9d641f5592bbff09819
aaa7a1ab997fdd6b4aaa408420c08a92,2581c58f4c5309ecd3eec99afd97ca69,bd60dbd7c086b0b435af41f443b7774d,5afe1697367d89763025eaf3ab45dab8
022f369da1691fc9d30387bb404b927b,62225602223834c81d7cb6a88da74bed,faff49414d3438191c1b5071e7e30a2a,7a569cd3dcf9660870c158d9a854097e
bb8f00d0098c648e349d28e7e13ff68a,0762191ce0a1dcdbf683ba7d471ae250,1af241ef0ac017d8d7ebbc879fd872fe,280704c0a92abc9fdf90edd1e513df94
08f89d04447c2127c76fc57bacf6a2f6,e7107711b07bbb475b7b127e0ddb4166,c48051f9042997fdbd38672069f77abc,e9c4a6a8790028d17af82ceabf98feeb
45a74f2b76c2b6e76e3cfa8bacde2bd8,a78d68577d1454920923212543a18a24,8274efc6d71c367b0c66480186f8dfb8,3fea33239618133aa06825af10978a02
aff852df32504ebbbd339dda54606f3a,64badb6d31abe0e3ece25a341bb75e5a,6823c6d266f491fef1728e7fb4628641,5d1b644981dbada6bafe00afdd01a7fa
3032d5f2925b955e8d7895df8e16abf4,bb0def171aba2136aad641818a50e4f4,142827c1fccc0f6bc51659c4add6706b,187b5e73bbf46bae049b6b89348708fe
864c790b606709ea2688be0ed3bac2c6,ce321652f0a1decd8c768c43cba81654,ec3abd88f00d562fdc98f1a2bb055740,486a4d30e1d98e6be5e1baea154abfa8
a9f787f5ed0720b4a1b977dd83c2aea0,d97f8438f2f2930ff3a3251ca4a51a27,d5894505230d5c88af1eb940f510a4ba,35bd77fac9b5efff4b9a321d65b4e5fb
d02d4a6d587ee8b0889512e9dd2eb7f8,12a9748c1688f896335fefee490c9ef5,9758c14850335c4e080cec07f00271f4,e935bf07116253253a707fa4a22f49ba
98deafd1e527f8ecd5734d09cf5c15a5,366e73c353db3953f9c31e3d9a1d294b,64bb3b9155d822056ca6ecf28b83a786,8f203e0a68928453411902a43a2a5ced
f0cd3e21de086b68fe3ceb28d7418ffa,f22494f2138b691fcbde5e6fe00d1b0b,3aa9cd99a904d6dc6dcc7be0965484d7,dcde36700d7abcbc7faba10077d67eb6
aff852df32504ebbbd339dda54606f3a,38d4a4496ab24f1e12ab48b6a8fad895,170cbd072f2a8164cbb1fcdffcbc45d6,5d1b644981dbada6bafe00afdd01a7fa
6434d4bd0e12aaedc2caa751de851f39,963c4ceb57c0d8fec5861ca0679348da,a0b8beece7fe17cc254cdc5eeaa9500b,94b99679d34a5a9ca239d645c7636b19
287f9f7c7c8a475fe77a6ab72fbd37b0,57103b9cd37e94beb309ec897aa14653,77a5fa5eeefb56036465d90015d0509c,a714c2e5f7ed9452c17cd05da3c0a1db
6434d4bd0e12aaedc2caa751de851f39,0a259936b427c78b110891f343be742e,b4cba8984d5e4db86601769d81b31a0e,94b99679d34a5a9ca239d645c7636b19
5b0ae47041f1ecd59f39616fcb73bbee,8af83362e68c7cfcfec1bd550e185169,33513df0ba4633f4ae240d6734412b74,1ca7ef224cff09574084be2096ecb485
a9348a6b7fccbc1808de3d9bc7e2806f,268d7f43cf3d1ece7b5541406fbfe7e7,50d933dfc0154234eb671d2bec6c277a,a8ce160936229ecc51b08b813ba3f663
a3b672f22238a508ffbd8db5146b561a,ca539af19d5b3c11c1d9bff7057fdbb3,4e5bf27275c89e5e5028fb2f016775cc,db86e229b1bb4548cdd0ad5499b2c91c
23809af702526a31b590050450f4682b,4e35681ce9bc071bd1c313c234bd325c,a05b3961e8257a8b92a6a2c0a2b9fd01,94ba8d0be531c64fdd47ce0e42f35f98
b1f4ee24eefbf49c4889e939e30621a7,5050c1306ec12c54757ee783ef414c70,050b84bed1b3cd19ca9afe2e4764ae1a,efdb7a2b86720882d5c33c0ec63b56fd
022f369da1691fc9d30387bb404b927b,d702a2eeceac4d7a07564ac5575635a0,4f98741e2321f979a4cb99198470209e,7a569cd3dcf9660870c158d9a854097e
022f369da1691fc9d30387bb404b927b,6e010179318a0f1a80c673b5d7a58473,20555bc2c929e0ab102bc5e278b47efb,7a569cd3dcf9660870c158d9a854097e
5f57df13bd4f272c68983752b00229b0,ddc5eec00c1908df0a2e841d6fdeba48,8b24d6c47b1d11c0a77639dda56c7a9f,9f469a83c046d59998280900352cc7a6
43fffbd4ad2b7f5eda0922b8119ae6e8,9da19383becc3aa5b24ebca6099c2bde,f260e0f90d009e8fd17404d27296e815,3dd8758b77fc28580b35986040157d98
022f369da1691fc9d30387bb404b927b,a9018ebfb06d3b49cb541b2cd93c239c,699d13bee2e53972739f78ca7be74183,7a569cd3dcf9660870c158d9a854097e
23809af702526a31b590050450f4682b,1011c9792eec7a44aea4ca287127aa6b,187f86c8c0d0d04ded05583d64a139f4,94ba8d0be531c64fdd47ce0e42f35f98
022f369da1691fc9d30387bb404b927b,55c0f2a19d22fa613c18c8ba3ac9407a,282d4861f4cd595ead48fa9a7bf22e2b,7a569cd3dcf9660870c158d9a854097e
e248e0cf6a68de1759953e07fee9f4ee,a6b7a5f86b7eb624fc3b244a6ab9a4ed,311c6f7c81732040b0d72456cecbf390,a92c3773642ea90362461e9cc2d48cbf
531d9f98612e46a35751b22984d2dfb9,3d40c906fd39de6f2cd7c101f96eadbf,07c4eb8c34f1ac4310d4bc22a9cb1c5b,1748e072d8af41be0b4da4d40856419b
90ac845c7d6169c006127e1a7027b45d,b08d8a6c82d994873eae6e676ac13e01,93d87ba562e27559d556861411f3fc39,020bd7f6db7ce40fb4afc937a0b8d979
022f369da1691fc9d30387bb404b927b,fc3178fb0da1fcded23ad5cec2931018,66b94f65676da66eaa8ac6e93b7a090a,7a569cd3dcf9660870c158d9a854097e
363bb860825a12dc1e0bfcecff21afb6,278eaa6011bbbd76cf8f6ae1edba6db4,847b89eec268324c9f3f1b1305e9295e,1824ca06bb5778b96c61c41ef50c7716
b37958739a718e4614af3ba63b2da3e7,4cfd8f9b5f70c64530dd8ab6e832a082,3877a2a73f0bde5a2545ee3217644b75,3bb95ed367958c815f6619f5953269e0
23809af702526a31b590050450f4682b,4f4f7b5022cd5db32b4ab1d3be1b66cc,b4be4e2b4768103bc0b13269ba4a9675,94ba8d0be531c64fdd47ce0e42f35f98
23809af702526a31b590050450f4682b,0c305aa7a8042a72b1744793b8a37423,a7baf8644481dd367a71f5883f765b26,94ba8d0be531c64fdd47ce0e42f35f98
c917896ac9b4e7f565547809e5ab63fe,859397db4681182aa6233b17b5c9d67e,ab8b97eded6d9bcf5e76ff162c93b0c0,2abc9408a63131d4ef748f59ea64b303
98deafd1e527f8ecd5734d09cf5c15a5,d95a28583a4acf8f090455c478b65d7e,c828da6dffd5340ae3de12a7d21665c4,8f203e0a68928453411902a43a2a5ced
f0cd3e21de086b68fe3ceb28d7418ffa,d3c23480378e4a87da6231ca0e64514a,53cf3c139411c8c1a77be64bc311a777,dcde36700d7abcbc7faba10077d67eb6
45a74f2b76c2b6e76e3cfa8bacde2bd8,a46f3cd7accdd762d3dffb97546fc2ec,21ee47561056c7e5022e39558f29d7fe,3fea33239618133aa06825af10978a02
aaa7a1ab997fdd6b4aaa408420c08a92,5423626f758828f11389e2b779e18a17,d368460452f964e7883b4b8d58e0f987,5afe1697367d89763025eaf3ab45dab8
6555372a399662d6fdf889c316200d8a,94b3e5a0c40431e9eb1666cb16aafe53,9df6eb7120554054c35f8cf787c4f864,a237643fe84b0ebdbb0fdc8a5a06e84c
cbb81e72235abe8860c820e26c33c676,68200d3d2454d0998aa6f93ec7cf9a78,5515cc7afd80df901b2a203e8fb7b0c7,850a2622988159db9f848488227f1661
aaa7a1ab997fdd6b4aaa408420c08a92,bd4d169277e4bb43652ebb380ea13c03,81597fae1166d839be8250538d4bdb5d,5afe1697367d89763025eaf3ab45dab8
aaa7a1ab997fdd6b4aaa408420c08a92,87eabe79b558c4730f53a15db27e1ed9,7bf5c350d3862dbd4e055259af23f528,5afe1697367d89763025eaf3ab45dab8
aaa7a1ab997fdd6b4aaa408420c08a92,623be015488643f71e8b4311855b0e09,954a4696c25a25563a2f0d46744e14ce,5afe1697367d89763025eaf3ab45dab8
3de96d0217fe9d122746cd993eef4433,d069cafb4f3c0ecc540987ef205531d9,5c67734ec622afed050348851d65881a,b970193c0c100733a07e1d6d09d623b8
79f852fd55d139055218e3fcfc26f6c5,eeb01fab1e6b96475fd0a3940f6a86c9,ef7cecaa88f2c5583444edc6ff8a5863,22266bc199bc876a3542a0ba5b0c0d73
6555372a399662d6fdf889c316200d8a,7b06e36ccf90204a920066d019ca1a09,8de33e3844ed7bb507d0f9b53ee3bfaa,a237643fe84b0ebdbb0fdc8a5a06e84c
c3c491e1e21cf9c0a91d0f35a51bda3d,e787390c3234abde7f212e1e0c7ef5b8,bda739a00df1bf63f600fd10c9cffaf9,f24f246975c26498df9a76c50c9d6f33
4cd2499b5d6b52f93d7a8db13651287d,30ad6a6f9d4aef9a05c1c0c206729a7a,573c15a6961febe82aca84965fed5ae8,8880a1aa18cdabb50552b584fc838cbe
ad3b09ba2a4ec58d072471380099fa2d,f4e54cad46a55d11d9d53ec67908aa14,64c6d6bbad42e000f89ae1f3a85cce79,140ee06790a24d840e0e97e3a524dd93
a9f787f5ed0720b4a1b977dd83c2aea0,8d84e1cc5d4162a059393b4bbab0a8dd,997986be57cfa1f9827480916c952185,35bd77fac9b5efff4b9a321d65b4e5fb
6434d4bd0e12aaedc2caa751de851f39,b7432c3af83767eeffcced591f504882,2d916c01b28d61b6577807be48ca0a04,94b99679d34a5a9ca239d645c7636b19
a8b37b7540cd9d90c151c958157af8bb,ced0a0ba55f77db5b6667dd97c3acc3e,f01b438c61959ed10dbae63016a8d6fa,f6caf076ac3ea71bb37a024103ac1143
6ee2d9c0a23d408d1cb1369a98c9fb3a,addfa0a2df4727c81946653aac96dcba,bc5ecfa05a08527a295c9e18c7473cf3,18b46bac9c6404600cf555d4c282f64e
85776bc4976385fe8dc26cba5ff411c2,da59811c98a6b10c21b8ef0a90caa2cf,e6269765d1807922f63429b2167cc1d5,fdfd579f8555367c7b604f1f2e73b261
6555372a399662d6fdf889c316200d8a,2d532c5c17308141a58bf5d79d141f89,594f99dae521d374e1b74a0f6abf6a8b,a237643fe84b0ebdbb0fdc8a5a06e84c
6ee2d9c0a23d408d1cb1369a98c9fb3a,708b069f7547c62744aa9d684d6e5803,7b8cfe51712e7ec97fc9392ca2898193,18b46bac9c6404600cf555d4c282f64e
57176bd312a55972956733f13e0924f1,655641ef940bcd5186122be30c1992a7,856535ad5c8c1ded10f43b9416e9b1c4,828c79d899c66cb9cf608bb3a8196fa6
6555372a399662d6fdf889c316200d8a,47164a46004e399521d8d4276d69107c,16b1399f87ff8faacd48e5ef393ea5a0,a237643fe84b0ebdbb0fdc8a5a06e84c
aaa7a1ab997fdd6b4aaa408420c08a92,3bae7f7ca1dd748a09861d6f76e99882,19143f1a2ad90d37510a36e1d8a563e7,5afe1697367d89763025eaf3ab45dab8
aaa7a1ab997fdd6b4aaa408420c08a92,515a299e9cdb25e7a85b227c1bb24fa7,9f352d266cc731f1474352a0c5988931,5afe1697367d89763025eaf3ab45dab8
aaa7a1ab997fdd6b4aaa408420c08a92,b8f32422d1309489ddd64ebd2bff9b75,d85f2379108cfa7e4377ddc3dce09514,5afe1697367d89763025eaf3ab45dab8
6555372a399662d6fdf889c316200d8a,f606ea12c607907299832b187e03d0aa,c2a762a1382ae2f061ffb358c481bf72,a237643fe84b0ebdbb0fdc8a5a06e84c
071a03fbe9ba2b5ae340d88881d4187c,e37fb76643c4b3f78b732a6c034409a4,ed3a6cf9e48b7c942f7b283ba092cf76,d59cb6afbd7a67fb01bec2c546ba5640
ea2d0e850259a4b547f7b2bc95f7042c,47d07c6cfde8042f2cca75e09bc61b15,62def15e545ae9b567c9dd69eee4aa58,c68bdaeab87ca01e01aeb41b41c34cfd
a9f787f5ed0720b4a1b977dd83c2aea0,610919110ae8e2a52e4b0748ed117a6c,25debde6bf74dfbc625d4d0d325c3d0d,35bd77fac9b5efff4b9a321d65b4e5fb
bb8f00d0098c648e349d28e7e13ff68a,45d437bb2de155c43b25c4c16cb5cb98,4e16fb81925e191e3cc5f70100702490,280704c0a92abc9fdf90edd1e513df94
44accfccc145f1ddb5bfa8256c82df61,44e4be02590951f1865c909ed5bc56cc,d5dd1b2ea6ce6aa0654b5a51b1f74fee,2f8ec25d11e8868ce052dab0bc2343d8
aaa7a1ab997fdd6b4aaa408420c08a92,4279627854b4f615c8b61a3792ba5f6d,82f688463f44d7bc0c96fa2d637dc07c,5afe1697367d89763025eaf3ab45dab8
aaa7a1ab997fdd6b4aaa408420c08a92,36f5a732fab526747825e1ed53209962,937f55d3a822618499550e7ab9e5f61f,5afe1697367d89763025eaf3ab45dab8
aaa7a1ab997fdd6b4aaa408420c08a92,4aaa3d32554f5bccc50af06b54125f43,e759ebe4dcb2b35e0c29b6d018d45941,5afe1697367d89763025eaf3ab45dab8
5eb40ccb2af36a02118421f586c615f5,856cdf738702290e618db77e211f7b1d,9d5aae6ed0bbde0f1ed9d33714af5aea,4eb27cdb34bc8b4517df68615c1c4190
aaa7a1ab997fdd6b4aaa408420c08a92,ce5ab8a31f2e8894280f9eda03ca2f9f,570b504e7cc1b398561a391bd0dc4312,5afe1697367d89763025eaf3ab45dab8
e248e0cf6a68de1759953e07fee9f4ee,0a0f9802f004ba10f234dad2acabe1d4,18071a6e62fde607342b7de382e4dffe,a92c3773642ea90362461e9cc2d48cbf
6ee2d9c0a23d408d1cb1369a98c9fb3a,6df884f2169fcd120b4df8a99a46b9bf,d6a79823960ae510157bc8cb0a109708,18b46bac9c6404600cf555d4c282f64e
a9f787f5ed0720b4a1b977dd83c2aea0,850e301811bc2f5bcafbaaf21f0a19d4,ec4cd996759e429665b6674b10a99b41,35bd77fac9b5efff4b9a321d65b4e5fb
c3c491e1e21cf9c0a91d0f35a51bda3d,32a3fbbd0b731bc80065e779f1038644,a384909a97e93caa34b9e180cc8c47ef,f24f246975c26498df9a76c50c9d6f33
57176bd312a55972956733f13e0924f1,b3801ed0c6f778a1df98fc9834066733,0eade1bda39c3341722fd400018f3220,828c79d899c66cb9cf608bb3a8196fa6
c3c491e1e21cf9c0a91d0f35a51bda3d,cc81050767607448ec50762a9c039e5d,fbbd6a452eaa25375ad3e4a5aa844d6f,f24f246975c26498df9a76c50c9d6f33
8743d0f2434c6053fd7ae9a58018fb59,5540decaa245cd4f3253a993f4f3fa28,35d3de71dd11cd62d742d2ee931f7f1c,3375fd12abf6b800b135ee083ec6202a
98deafd1e527f8ecd5734d09cf5c15a5,a44cc467e53b95a32ff7707f6cbd63bf,93e5724b837718d4710a88b63075e503,8f203e0a68928453411902a43a2a5ced
ad97fa64b4194016862c3f0ab169a2c5,913502d20ca6e595f6edfecf058095b4,798bc4ce96a2bfa46f9c496c1ced87df,997e55c7ed6544b1f38f629b7da2696e
ed34e0dcd92b3117aae98af2605f1be3,fac0dcd7cf50296d5b25b4cf90b8d484,7c2690f6634a3260e6bcd14a85c9055c,33c314d661964eab2aff1b720b1e85d1
022f369da1691fc9d30387bb404b927b,6f168014a707aff07664fb9238f253f7,fe2b519101f86e354a55e864d880d4de,7a569cd3dcf9660870c158d9a854097e
c3c491e1e21cf9c0a91d0f35a51bda3d,58f6cb6477fc277c263ba5e052b2cf9f,d0087d5196d518ef986504bf74a153c8,f24f246975c26498df9a76c50c9d6f33
ae420544bc580e6a23d32f7b2d9ea9e9,8dd9440947fae3b46a0dd0600487aa2a,5b8eb1e8882f65ba227b3f4e3491af16,fc08d78f165de1f0a98dd2742442eda7
13c9c5bec1b4c4cbf49de7e5b132ddd4,a7ac67f03acb4fe37ce8180a1c3bf0f0,458fb72e2a67854631d7c503d322841a,65a21864f930a9d641f5592bbff09819
fe923fa13b0df4bd2d975bddf3632745,ea0c0bd330c1d65dd71aa1634e08c982,768de65f71da5f4b078055ebe36f5f2f,a8d81bbd3e615c2e108aaae8cc72f9a7
f0cd3e21de086b68fe3ceb28d7418ffa,4bf01805f90c0ecd6e47f65a83417218,dbb8baaadc2ed67e3efa22bfb3f62abf,dcde36700d7abcbc7faba10077d67eb6
c3c491e1e21cf9c0a91d0f35a51bda3d,5c16e50bdfd6fed90dc161458077604b,1df2b88d36e5f4b873df9b05046e94e5,f24f246975c26498df9a76c50c9d6f33
8c271ec337def293ca9672e8bbaa1952,3e680d4ea77305f87f2293786572de00,62ee13d1db224c98ad554535c3d3b25b,520b3f55ccb0522f3e6060ef1835d6e1
aaa7a1ab997fdd6b4aaa408420c08a92,4d73b64140592c871f2a2ed297c9700a,7c6c9cebe06a20aca9ac56f41d1793ad,5afe1697367d89763025eaf3ab45dab8
c3c491e1e21cf9c0a91d0f35a51bda3d,97e3fc69eee4c7b7d35473ebbf01c033,95b95d8d75fad9d5bb6e3ca910e830c9,f24f246975c26498df9a76c50c9d6f33
e618e65ed390b040aae116c4686d9117,78d7ee474d9e4d4f2c3de2c32424b666,587efbbbe0818350e7bf6393c74d872c,62a76dddc3c697369f43acd94cc74c15
f0cd3e21de086b68fe3ceb28d7418ffa,561c82aa8615f615799265bb5bc63bd9,0d1c76e97e21610a8754c05659867bce,dcde36700d7abcbc7faba10077d67eb6
f0cd3e21de086b68fe3ceb28d7418ffa,280070018f18b86a1bf2e4f81df36d20,cbecc03041159518e3d394675ed5bc17,dcde36700d7abcbc7faba10077d67eb6
c245d2ab1b600dd151358ecaf790f714,e63abc5f33f30dea87bfaf4379c8b662,5aaa5ed4e419be9484ecb79e6ab296c1,8659505acd7e85ba5856f8f92a654c64
44accfccc145f1ddb5bfa8256c82df61,9ad9b20b2bb8646c6f4845653a3594a2,c7d7d8c8132206c1a93be050ae098a68,2f8ec25d11e8868ce052dab0bc2343d8
93d09858c77989dfac176a35875fa52d,c69df4402f0ce52c9e67a0900df65300,708b1fc2cdfb4489dab87e85735345e7,2dd9d004ac487ecbd8529572cbff0482
6ee2d9c0a23d408d1cb1369a98c9fb3a,b86ec2edc3efa68f207a36e8f74a8a12,55330a223c9934fa02f0972152d6335f,18b46bac9c6404600cf555d4c282f64e
44accfccc145f1ddb5bfa8256c82df61,16d510dc322d6d07a48c5e04ec3e545f,11b74e384c559ba3effeb7c05863c25c,2f8ec25d11e8868ce052dab0bc2343d8
c917896ac9b4e7f565547809e5ab63fe,660786a1558579daffa9d8bdaf63ef37,e7e71a9b3ef2255001a74a4fcdcc438d,2abc9408a63131d4ef748f59ea64b303
b37958739a718e4614af3ba63b2da3e7,2aaf5bade61365d46a0f8db26dbe6c29,9852d5ac4ef5c7dcc175b8cc3f8d1706,3bb95ed367958c815f6619f5953269e0
e618e65ed390b040aae116c4686d9117,c7abd69b86cdcb610f43e26a91524241,547f96c20dbf3339bba019e0a5aa2419,62a76dddc3c697369f43acd94cc74c15
6ee2d9c0a23d408d1cb1369a98c9fb3a,d9a39be9e91632502b2dabdc7626116b,c83149cce9ea1838423c6bc08d204946,18b46bac9c6404600cf555d4c282f64e
a9f787f5ed0720b4a1b977dd83c2aea0,e0bedfcf1acf0983347a78e6776bd0d7,576ab2d05412971de6a862e65ebfb7c0,35bd77fac9b5efff4b9a321d65b4e5fb
022f369da1691fc9d30387bb404b927b,e7548666ef6968d23e87d9741b4bb5e1,338db6ba197d07e091a2e1b89180a971,7a569cd3dcf9660870c158d9a854097e
aaa7a1ab997fdd6b4aaa408420c08a92,4c88b0191d0a44e3ef8e7b4564b168c2,53dae90b60e597c26dc849600240d5da,5afe1697367d89763025eaf3ab45dab8
ea2d0e850259a4b547f7b2bc95f7042c,ae08491eb4de3972aa0471674a6aba64,c37789a2f668dc1d788e7a86b410872b,c68bdaeab87ca01e01aeb41b41c34cfd
6434d4bd0e12aaedc2caa751de851f39,e766ad763c626d24c8b655d436eb2820,59a3f70d04982e600eaa10654565dc58,94b99679d34a5a9ca239d645c7636b19
bb8f00d0098c648e349d28e7e13ff68a,4fe1d6fbaac4ef026f72eff8fb20f9b5,cb9b31239930c5a3aeecba90aa6f28d4,280704c0a92abc9fdf90edd1e513df94
a9f787f5ed0720b4a1b977dd83c2aea0,7ba290aae299b61bfeb73508e01bb89c,480dfd5c310bd331a485f059486459ee,35bd77fac9b5efff4b9a321d65b4e5fb
a9f787f5ed0720b4a1b977dd83c2aea0,84e5a6eece4e9987a7135c08a062f25d,7bc88a149a255283264d99318bb45568,35bd77fac9b5efff4b9a321d65b4e5fb
ab0a8809e6acb9192dc1316a8e1200d5,6e485cc484f5b830a0c18625bd842611,1b76474089bc55e04a18225ae3b76e2c,167a4ba4d1f26e29155db2882d03bb97
a9f787f5ed0720b4a1b977dd83c2aea0,9e259b160b59ce3cfd16336ea2441e85,1661848c2cfbdd95d6a1687c056f2ef7,35bd77fac9b5efff4b9a321d65b4e5fb
b1f4ee24eefbf49c4889e939e30621a7,33cf9433641d358603a1fffece59d1b1,62c6eae079689c5edcf8a9199a2f9fc6,efdb7a2b86720882d5c33c0ec63b56fd
aaa7a1ab997fdd6b4aaa408420c08a92,c8e18d1936bea170c185127c6f1c3279,9d4f40c12143f807f457588e4667d8a6,5afe1697367d89763025eaf3ab45dab8
022f369da1691fc9d30387bb404b927b,cc3fc600b57b87f7127e77bf4e312fc1,c69aeb794c110847e861fc4ee4b6d185,7a569cd3dcf9660870c158d9a854097e
aaa7a1ab997fdd6b4aaa408420c08a92,3ea64299840fe35b1abe79e62ac4cae6,c9d441be14aaceefb57fb42b87580521,5afe1697367d89763025eaf3ab45dab8
ea2d0e850259a4b547f7b2bc95f7042c,4e0f018da2e9858504ff818e565adb9d,40390a129b6d5bddca53ae5cb988e7f8,c68bdaeab87ca01e01aeb41b41c34cfd
ed34e0dcd92b3117aae98af2605f1be3,96856639392585c09b450ef62d59ccb6,e0c9e9c38146c19e8c77ac1e26f3de5e,33c314d661964eab2aff1b720b1e85d1
aaa7a1ab997fdd6b4aaa408420c08a92,946901387963d3c6f50c0d8047207da3,4dd10c4dfef525c714f9bf6e1d188a38,5afe1697367d89763025eaf3ab45dab8
90ac845c7d6169c006127e1a7027b45d,0239da090c2a169db57042b9c79a8a8c,a4500c9213935c46e46e081779405fa7,020bd7f6db7ce40fb4afc937a0b8d979
4cd2499b5d6b52f93d7a8db13651287d,3da49a6849f558b833b1199018695911,5e8dcafacfb769cadb0ed80ce3732317,8880a1aa18cdabb50552b584fc838cbe
bb8f00d0098c648e349d28e7e13ff68a,963e89c5619b401c7d9344e56f637e26,c51fff3099a4dfe748dfd6cea33071a6,280704c0a92abc9fdf90edd1e513df94
531d9f98612e46a35751b22984d2dfb9,e91d31ae3bc74ac21e64cdb748dc40bd,556b97a262e93bb704dc7890b31ee109,1748e072d8af41be0b4da4d40856419b
9ca29ac1f744b58d90a511dee5d36996,014e60b1f25602a6ce0c04756df4f395,18078e23c5a52c5831aa51b995ef48d1,80a89045356efd2f77124bd87dbd0e10
6434d4bd0e12aaedc2caa751de851f39,1e90b4b5ee022f7c221a4c7dbe9ea11d,21a67ea9bb4c4bc2a975502cc755a977,94b99679d34a5a9ca239d645c7636b19
6ee2d9c0a23d408d1cb1369a98c9fb3a,f3fd92ba65a6347be70a880ac654df78,9a4d378967d9c6bd27230b7425cbd41a,18b46bac9c6404600cf555d4c282f64e
6ee2d9c0a23d408d1cb1369a98c9fb3a,7512c101254e9a97ac8a29cac33b3431,e00602936fd39499c3831f1a1619ec6b,18b46bac9c6404600cf555d4c282f64e
4cd2499b5d6b52f93d7a8db13651287d,70310610f8ec55441906e3402f06e28b,cf1d1526c4bf4760ba9618b7cae9df08,8880a1aa18cdabb50552b584fc838cbe
23809af702526a31b590050450f4682b,72c7bd75655ba073b960abc9ec83182d,d5f8336daa1c4a07938799bb366f10ae,94ba8d0be531c64fdd47ce0e42f35f98
45a74f2b76c2b6e76e3cfa8bacde2bd8,fed0d19875341e00f4e49b16a12f77f6,ff9d0969ebf4e3a6435f65a0114c0782,3fea33239618133aa06825af10978a02
6ee2d9c0a23d408d1cb1369a98c9fb3a,484ccc19a0517069eb7948488a4aa596,9bc5c700f48498f7a9fb7de9b9a57191,18b46bac9c6404600cf555d4c282f64e
98deafd1e527f8ecd5734d09cf5c15a5,8a1f3e92a90fbdc85b8a95d0e2f7a5f9,08066e56f5b6efa9c33517c98bc7e5d8,8f203e0a68928453411902a43a2a5ced
04388ae093c49c42389016184fad8b96,39e459bb589670cdf1636aa51cbf552a,85cd0f18fbc1487930c0a7da890f50e7,349e15e15a53ceb9e3b9e1b74e537057
8a2710b61ceee7968d94263cd8afcf56,cca33d982cbb4b7092cbe588715d312c,af47e1f2f09919f3ea8f8df9ac2e225d,e4cccce30bcb06af61d070570ca1dbc8
507945b1f398495fbcd0d471d4476539,c47acefa7a59ca0a5852f5e4b9b8506c,e04bdc494d89b7ddb06220c4bb04e706,0ce1ffdde91e53716643c157b1994946
507945b1f398495fbcd0d471d4476539,31995eccfe0dd458c0276fce94b047a8,34f0a227aa0359c7b5588a43ff7196a2,0ce1ffdde91e53716643c157b1994946
507945b1f398495fbcd0d471d4476539,319f45dc4af65173503b38301f00f239,9d6f309a3562c1877432e4b06601b9f3,0ce1ffdde91e53716643c157b1994946
98deafd1e527f8ecd5734d09cf5c15a5,aa63e3e3b364642385e4c5329153102f,098d838611796b5f7f6c6b9fa76118d2,8f203e0a68928453411902a43a2a5ced
8743d0f2434c6053fd7ae9a58018fb59,e080b9f9be6fbaf278161548cafffeb3,017cf169ba8d637106acac525134bd34,3375fd12abf6b800b135ee083ec6202a
c3c491e1e21cf9c0a91d0f35a51bda3d,c400ac97628d2e07714c5d94469d27e8,f1661ee62a996e93fb7a4613c111d8e4,f24f246975c26498df9a76c50c9d6f33
507945b1f398495fbcd0d471d4476539,d1135ab78abb29ce539e7b8d7b1408cd,0c3e1a89fe8f9dcee94eae740fe145c4,0ce1ffdde91e53716643c157b1994946
ad456b83142257a6b920410ca56a2b7f,939da8c3165d7522bd73bb717ed99f00,3224c05f8c087ec8e24e9638d2528c83,ba9080b7f2dbdd256d2d990522c593a7
a9f787f5ed0720b4a1b977dd83c2aea0,7e64d98942122bf6e0c480ac1dc5be9c,81f58ac8bcef6cf37d74c88445196e63,35bd77fac9b5efff4b9a321d65b4e5fb
23fc750117e030103d8f8575c71347a3,4dff9a5a98c506fc1790801a8880e026,b455294fa9197fac865b1344792b0a95,a7555bd88aec695063b30643d879e4e5
531d9f98612e46a35751b22984d2dfb9,af00e47dc49fc08ee67d656abbf7fc42,c931024a4f5532dc02e1b24c56892d34,1748e072d8af41be0b4da4d40856419b
09cba88a30c6749c392ad6269a63830a,ec265c7f0b8227f77f4a2a253a4e6532,72e488c4248d1672f26a72e916acbe4d,e420805b4060f5fb06c0d0229a30819b
90ac845c7d6169c006127e1a7027b45d,6a8bc5cd9865381f1d994662d34aba4f,692f91d88605a1cd39655f2d551b2eb7,020bd7f6db7ce40fb4afc937a0b8d979
d47692ed73fe733ac66fcb29ea016984,d3d6c2a2a6f18d5dc2fafb996d3bc774,c1ef8ad02811455dfe53894e2f6c2952,69481f472c4138567dc9e677d6aee239
c3c491e1e21cf9c0a91d0f35a51bda3d,b411ae71caf6cce54b402680ce586e54,bcdbfdd7c75c906ffc0e3374f7a39c32,f24f246975c26498df9a76c50c9d6f33
6555372a399662d6fdf889c316200d8a,2ad3439e66f27395fc577de1ac56d1c1,0122d8ad87fe52f9a6d149f25b6f2c15,a237643fe84b0ebdbb0fdc8a5a06e84c
6434d4bd0e12aaedc2caa751de851f39,52854f7148eb2afe7dcf520b4c1a78e3,afb24b0290f815d25c5dbac55a9a0b09,94b99679d34a5a9ca239d645c7636b19
c61766b309556ad47b84264f750c0af6,05fafcf816aeaa272e555979c11bf7d6,51769f8e35a59c0058a3fe338d787b69,4e72c1800a9594db3fa3a78b964dc90a
eb4c88b2e60043e925a8c9ac4c182aa1,0b26e4071dfaecddf5cebed14384e462,20939d097efa3b0887fbf22b0e16f773,960ab2a5713fd7ceb799b26430797987
e420585b001ce35417ff25e20c8b1215,658218dbda9c1ebf8eaabcc762937f47,1cccd31581f4904b68e063fb2a6a3c7f,ab4dfe960005dbf03d3adfbf324a224a
bb8f00d0098c648e349d28e7e13ff68a,dabf1651dcd4adf5b1a8fcfc67db914b,22b9b007df2d8e7428edf1f6c0acd2e1,280704c0a92abc9fdf90edd1e513df94
ce4bbf9953fedb6ffeca93763bc6ca95,a771e23095a394f9b3a90fdd2f4c101f,7ac727242fac215e617c366b485d805b,d7297af0f34e173db912160668cba4cf
11b2a698ce1a3e96d42bec0c0b17acf4,4e45cb77cc5ce4c800e1aceff72e5d4a,f1560074ae1e0135be34b1589c8b03fe,191cb7517f291f8ce4cd734b84cfec51
c917896ac9b4e7f565547809e5ab63fe,8dba6817f8646b8c6a48ddb6edb646dc,ecd077f3d5b922acc84acf3a0bc505d9,2abc9408a63131d4ef748f59ea64b303
93d09858c77989dfac176a35875fa52d,94ced2937ab7f8f17aa913b70d99a4b7,4a20e73d7c671547ba55f8464c125541,2dd9d004ac487ecbd8529572cbff0482
c917896ac9b4e7f565547809e5ab63fe,8c683fc5355823ed3869b59f81c0d64e,75b8c0908d9986d335aadcde2718e6d0,2abc9408a63131d4ef748f59ea64b303
c3c491e1e21cf9c0a91d0f35a51bda3d,996f241a02047222588561414b7d3f5b,7ce8ce5ca2e20abc29b9de03d595a2e3,f24f246975c26498df9a76c50c9d6f33
022f369da1691fc9d30387bb404b927b,f03106b0467019ff8dc35b2690f21cc2,e22eb0e6a7d38216ea4b9b6ba30cb466,7a569cd3dcf9660870c158d9a854097e
aaa7a1ab997fdd6b4aaa408420c08a92,443a66abebcb3f09b8059659e194e5d4,7cf40dfaa3bb553b3a39b69a754b099f,5afe1697367d89763025eaf3ab45dab8
c917896ac9b4e7f565547809e5ab63fe,3d6485ad43d3607666af486f028540bc,01d5a21b37fda93bb7d2444e56adf9bd,2abc9408a63131d4ef748f59ea64b303
44accfccc145f1ddb5bfa8256c82df61,ca3d3c210fa9348875ea817a49268d15,0a79fa870131a6efa923efc0159987ab,2f8ec25d11e8868ce052dab0bc2343d8
74bf33e69fc94fe4851ecb013d5be750,7c754a284b416ef6c629a7a30f236c88,1d43cb62bd84b4ef687989a0693bceec,7e6383c5165f9fb4b8c052d62d859979
864c790b606709ea2688be0ed3bac2c6,dc7d90d22759540a3db743d253b45ebb,29648eaa13bf7e31a242baa63161b509,486a4d30e1d98e6be5e1baea154abfa8
c917896ac9b4e7f565547809e5ab63fe,2759d810b29ea3e11c6cb237db642f14,c86a1d2b23ce7073ebc0b2028a61d878,2abc9408a63131d4ef748f59ea64b303
c917896ac9b4e7f565547809e5ab63fe,dfbd713c591165bab2e1672906f0ca69,1659e2140630266523f2048e2279f69c,2abc9408a63131d4ef748f59ea64b303
531d9f98612e46a35751b22984d2dfb9,d869603e223c894684c460431e3d7b7b,dbddb58e8f7e5e2615085b894b3073bb,1748e072d8af41be0b4da4d40856419b
2a0b9f914cdb49ef01b4da69210d9da7,2da72f7534837d22181598f925ebb870,d526b2472cd07df8dd7b187133c8f3b0,75de0cac5b2259c924352698a28d6015
6434d4bd0e12aaedc2caa751de851f39,ae15b966c43c99d63a9a418558d5d466,dc565ec742409205a6f8253c8f8620af,94b99679d34a5a9ca239d645c7636b19
6555372a399662d6fdf889c316200d8a,e8b2cd178f04a0f2977baec304337b38,3e5e76042c0d328997a93c3c6ea6069b,a237643fe84b0ebdbb0fdc8a5a06e84c
fcd501f84ca07570b917dc1f4cd265a7,e3087e2aef06f0e306859b01b2c47c93,a5d70f2c8a3a507e182ef336a1e0ed27,bf325b0772fc4986c8683c635991a24c
66d812bf007fa897bc9eda538e64fb8b,4a827b5908601e1f18234d251be9a66d,d146f4e344d33381bd9be3cbf7ba74dd,6c6c6bc83e06d66eee3cc206283f6015
a9f787f5ed0720b4a1b977dd83c2aea0,360427d29a3834945f1eb826b6a76326,795c438c05d906098c49e1dd9fb9c0ac,35bd77fac9b5efff4b9a321d65b4e5fb
a9f787f5ed0720b4a1b977dd83c2aea0,2e48871b6daabd4b514ae28a77458fa9,05b9ef7bbad8c86eee713ece6a869cf9,35bd77fac9b5efff4b9a321d65b4e5fb
a9f787f5ed0720b4a1b977dd83c2aea0,eef2e21be7a36823b0fca51b14516796,3dcc3f9368863faeb52c0c88aa142642,35bd77fac9b5efff4b9a321d65b4e5fb
531d9f98612e46a35751b22984d2dfb9,53149c9c7d000d2ddbf8b0af4735d73b,8513b577eea628b310032d0d88727e31,1748e072d8af41be0b4da4d40856419b
08f89d04447c2127c76fc57bacf6a2f6,1d05f8f2c09ad19f268ec9537ad3704f,f48c2c70928903bf356fa89445f239cf,e9c4a6a8790028d17af82ceabf98feeb
a9f787f5ed0720b4a1b977dd83c2aea0,c1a19f7cafe9cddf94b4f0ab3b1c071f,8f83fccef613104ecf80de438335e1c1,35bd77fac9b5efff4b9a321d65b4e5fb
f0cd3e21de086b68fe3ceb28d7418ffa,a112def7e9bcae3ac3ea7cf9080ac481,18a07907ad5cf02591247c48fe46d033,dcde36700d7abcbc7faba10077d67eb6
864c790b606709ea2688be0ed3bac2c6,a1f895b9c5838305fa830eea04d1bfef,d4c4c75c41a17099e10d7e53b0a23404,486a4d30e1d98e6be5e1baea154abfa8
44ad7a17ad12ac45380fada69793d712,6e19ba15970756f027a32a90d8d117d2,e3f84bcc81b435ab5c62feafec0aa8f6,f07be77c9142f771747d9b3f4f863c26
44ad7a17ad12ac45380fada69793d712,f878b71561aabdff9a331deadaac3ebe,2d391e97f49ccc3bef01aa9c8253d6fb,f07be77c9142f771747d9b3f4f863c26
c55cff77646cc8abbb7318b13d7b4ab1,55351c84f4fa54920860267d0d22fc9b,edb121b99db80905a3c89023580e7bff,240fa1a287396144188e8ef5769cc0f7
864c790b606709ea2688be0ed3bac2c6,63b28d711bf056f4b04ef8db825d61bd,85bde4a818c64d709ae165c2900e4a5b,486a4d30e1d98e6be5e1baea154abfa8
022f369da1691fc9d30387bb404b927b,960555f5f39639529c6853c4986d95ce,44f109ca4b4c49a868790a85a0fa5922,7a569cd3dcf9660870c158d9a854097e
c917896ac9b4e7f565547809e5ab63fe,68548914a0c1ab2a85fbc49aea126849,0956ef3b2e4bac319fb3fee68f4ac03d,2abc9408a63131d4ef748f59ea64b303
a8b37b7540cd9d90c151c958157af8bb,9fc644fd75e655e2630df48798dc0d4b,6a491419878227a629a1ebc18969cf01,f6caf076ac3ea71bb37a024103ac1143
aaa7a1ab997fdd6b4aaa408420c08a92,50cfa9b5871d9422de79d346836055a1,676068dfa3f170acb8c92830fd28f596,5afe1697367d89763025eaf3ab45dab8
c61766b309556ad47b84264f750c0af6,84893339613219402f763fc594d43209,928366d2662e27ae0ec56f6640a32aa0,4e72c1800a9594db3fa3a78b964dc90a
022f369da1691fc9d30387bb404b927b,f84cf3542f580c51def218b70bd11e54,1478277652a213b966c4c891da9e6d3f,7a569cd3dcf9660870c158d9a854097e
08f89d04447c2127c76fc57bacf6a2f6,3671519823eb5b3705b5c895c2f955ff,3348050aaaacefd6d598b3cec945b7df,e9c4a6a8790028d17af82ceabf98feeb
aaa7a1ab997fdd6b4aaa408420c08a92,ffe5383ab2ce7d8204c09e66d843dc8c,a8eb7891e93a337031959c8b26e7cea8,5afe1697367d89763025eaf3ab45dab8
022f369da1691fc9d30387bb404b927b,6d89527bdcbfe585e3abdfdc4e12f6ec,58e9c73869e38f2cf57c2af80984f095,7a569cd3dcf9660870c158d9a854097e
f0cd3e21de086b68fe3ceb28d7418ffa,563bdaeb577bf7059ed4ab1e14e96407,60cfd1e3a3f623f6de160692248f462a,dcde36700d7abcbc7faba10077d67eb6
531d9f98612e46a35751b22984d2dfb9,64f2648cbc1d0abc8cab4bdcbb22acff,3922ca428c9194fb5b4f1ea0a01acf18,1748e072d8af41be0b4da4d40856419b
6434d4bd0e12aaedc2caa751de851f39,b0722094a20fc01768145e10c8d81962,d1e7f6eb1874424afc0f7bc2c1130a5e,94b99679d34a5a9ca239d645c7636b19
aaa7a1ab997fdd6b4aaa408420c08a92,52bd9f28ade11dc31d8a3409f51161a0,120b18a089788121cf6caefdd68f19b2,5afe1697367d89763025eaf3ab45dab8
5d2a6fbb0923781172323ec40b6cf931,adf381cae654ba10fb86f0f602f302df,e5dac78b889fa2fa9dcb3f621af2a651,94644aa6d44e6526613b3f53dcb98796
f9b62a109eb3799430172b41653c7893,1f44611fee824b182c9636b89298cebe,d1b8c17ff6d0ce02372cffba807d6e23,66bc10bc609fc61c1474ba615fc455c9
f9b62a109eb3799430172b41653c7893,7f3321cc7dd0e4e2ee74eecdeea1c3b0,f4c9b32d163943aad67f58a903969790,66bc10bc609fc61c1474ba615fc455c9
f0cd3e21de086b68fe3ceb28d7418ffa,09ebc64201e48e2537e887bd02a2c3ce,281a61c5001c271d0a886306e78b7d5d,dcde36700d7abcbc7faba10077d67eb6
aaa7a1ab997fdd6b4aaa408420c08a92,774c18138c9ea800cb20c993935884db,fa2ddeb05cfd75e2f050ebfd4966be59,5afe1697367d89763025eaf3ab45dab8
e248e0cf6a68de1759953e07fee9f4ee,359f5924509f54614ed4fbc8cea3f857,6f88106745750de6ecc8cf86daf85aa2,a92c3773642ea90362461e9cc2d48cbf
aaa7a1ab997fdd6b4aaa408420c08a92,f7f5a6fd08e7984e27892f557cc3cc23,02e1961a656d04486f87ea47e47490ad,5afe1697367d89763025eaf3ab45dab8
44accfccc145f1ddb5bfa8256c82df61,17dc203de3f423653604ee909b5b6837,02708010b597cb3e730a940aac976695,2f8ec25d11e8868ce052dab0bc2343d8
aaa7a1ab997fdd6b4aaa408420c08a92,8fe2465b5ca7b3848200741833409de5,39be7a7e75fd0ae175cbbcaac2b48785,5afe1697367d89763025eaf3ab45dab8
6ee2d9c0a23d408d1cb1369a98c9fb3a,403cf3ab55d79fae328c569762f613c4,d1998fdc95039a5707e730728403620f,18b46bac9c6404600cf555d4c282f64e
11fd9c1a67fbc290bb4934766bf91001,34eb04d7b0dc46a4c86aee6248e87045,76c2d21f203b02bb6f56c23b50967dcf,cd6570482cac6564e1c8bf771ade2cae
aff852df32504ebbbd339dda54606f3a,bda2459d2ec916e88e816a598ad136bf,5974edd36176e830d1094dda834f0f1a,5d1b644981dbada6bafe00afdd01a7fa
6ee2d9c0a23d408d1cb1369a98c9fb3a,b73d7b70fd51911a86a3385eff94745a,9a7f389c4d716e6ca36e0ebe60ca1c94,18b46bac9c6404600cf555d4c282f64e
c3c491e1e21cf9c0a91d0f35a51bda3d,338ddb4e522878b0b03d1dd08a864395,01287e4366aac7c4ee999c8fcab4ac7d,f24f246975c26498df9a76c50c9d6f33
a9f787f5ed0720b4a1b977dd83c2aea0,29a9e45d74b25d0b9fb64199b0944750,975def181c432bc157e6630c088ae120,35bd77fac9b5efff4b9a321d65b4e5fb
ed34e0dcd92b3117aae98af2605f1be3,eaadbc502953f9d6ed58497d18f69e7a,560f1b529d0ae7ce0a8d5cca49267d91,33c314d661964eab2aff1b720b1e85d1
e082a557962645b2a22ac245f2598020,3b3935ddc07a4a4ca6c56bd1d189c40b,45213fac5d46ad4690a97a29b8383cba,26e4fdf85422aff13b255d88a77a35eb
a8b37b7540cd9d90c151c958157af8bb,8107ff23479ac0f78ec5256fc8bcb86f,8fc8591d293061cbb6b1983d7b48c0ef,f6caf076ac3ea71bb37a024103ac1143
a9f787f5ed0720b4a1b977dd83c2aea0,0eb4ae8068066ee78678f7c23eae8228,c36ff1d7144f96bddcae0b9b9428c7dd,35bd77fac9b5efff4b9a321d65b4e5fb
a9f787f5ed0720b4a1b977dd83c2aea0,ef67a7eff4ef508b354cba959288a6f0,b6db3caa1f7673864b521a7895872bdd,35bd77fac9b5efff4b9a321d65b4e5fb
a9f787f5ed0720b4a1b977dd83c2aea0,8491ab12f2947f52ceda1c02e321d92e,0a8d46b42bf28d91f636b19e3ef54907,35bd77fac9b5efff4b9a321d65b4e5fb
a9f787f5ed0720b4a1b977dd83c2aea0,64a5e065ec28a7653d899bd3bce932c7,24dbf67d05f93ffe1e06826058c88af6,35bd77fac9b5efff4b9a321d65b4e5fb
aaa7a1ab997fdd6b4aaa408420c08a92,c52232425a26b9578ccc10a78688dd92,36db4b2d3592b14dad549d03f333d301,5afe1697367d89763025eaf3ab45dab8
ea15f6cc6ba20405a48784397dc2537d,e466476f951be79a402613f633966b79,a69059d3f907c5641cc5bbaa742c221b,0b907d2cf47cf570ddd3429b4e330daa
a9f787f5ed0720b4a1b977dd83c2aea0,cd14bccd9fb10587b6a37584dc4a5120,c4aa6f1e0b14487c3e603fc70b912050,35bd77fac9b5efff4b9a321d65b4e5fb
868b964be0dd0644f702cb3093fb507f,4f8cc345dec401bf4edff8ba37d5c00a,caed69543676e46e6bd76c156ed66507,1a19b72eae6e2e64348fdb9fee7e7074
1599c2cc67fad531876661c924d8e4bf,84bf91aacb5963f8aa158f7a65b6c524,b773a970ea21cc8de2a16f51a36df0d5,2c823902f5607366ac44f7999987f983
a9f787f5ed0720b4a1b977dd83c2aea0,ab394cf01515ca0046fb06d0825ad6f0,55f789e2d8e52f68bd2dc69c331262db,35bd77fac9b5efff4b9a321d65b4e5fb
a9f787f5ed0720b4a1b977dd83c2aea0,edd1af66684bda8f52a12715e09e1fa8,b096a029fa12c6eb5eee70060871eff0,35bd77fac9b5efff4b9a321d65b4e5fb
507945b1f398495fbcd0d471d4476539,7bdd60b4de6900616cf677ae32d4f292,b939791aba37a49d59a0c7f750af18fc,0ce1ffdde91e53716643c157b1994946
a9f787f5ed0720b4a1b977dd83c2aea0,a68d7df00bf9c1326c259dc2e2c8398a,17ee07b0f0092109bc834afa1b6d257c,35bd77fac9b5efff4b9a321d65b4e5fb
a9f787f5ed0720b4a1b977dd83c2aea0,8400018d6ce8b275482aa542849d47fe,5be838f0d900aa90ce21b1ded81825ed,35bd77fac9b5efff4b9a321d65b4e5fb
a9f787f5ed0720b4a1b977dd83c2aea0,204eeb64673d6b540efb37f602b82329,88b6082b92a086a8e34c65d323423878,35bd77fac9b5efff4b9a321d65b4e5fb
e420585b001ce35417ff25e20c8b1215,7c7e465fdc10f74dcea948d921da10a6,5886c9d6707241b792c9843f14bba7ef,ab4dfe960005dbf03d3adfbf324a224a
a9f787f5ed0720b4a1b977dd83c2aea0,f0df33ee8b06c772a823fab32cc50d3a,475310f72513393e9884e637907c77e7,35bd77fac9b5efff4b9a321d65b4e5fb
f0cd3e21de086b68fe3ceb28d7418ffa,388d3cb4ef8e687ab07b13dea63041f4,43806a1011b262d129c5e66bd36e2760,dcde36700d7abcbc7faba10077d67eb6
23809af702526a31b590050450f4682b,5e78c7074a298fc6776a2a609c4f4d99,3398b9504d26249f4f149594b3ff4459,94ba8d0be531c64fdd47ce0e42f35f98
6434d4bd0e12aaedc2caa751de851f39,f9750defac62cfd1cb32e87a0c4d20b3,8562e08a10f9f0ab9e30032ed83b7ea3,94b99679d34a5a9ca239d645c7636b19
79f852fd55d139055218e3fcfc26f6c5,5b639146005ee96ba41de2b68d7bec1c,c51b74bc76291c70fdd24f40b5c992cb,22266bc199bc876a3542a0ba5b0c0d73
a9f787f5ed0720b4a1b977dd83c2aea0,0d4f475100211ff765143f986ea88919,4a87e7ba5f0530c49e5a7c8086921ea0,35bd77fac9b5efff4b9a321d65b4e5fb
d7477240595afc60c89a89690c73ab8a,c5702bbec04fc91978b8852894e2a87b,edba5d129aa15911ec8cb038e1271b69,db79ac07ef71209a872492d8a891d594
