film_id,attore_id
147,197
67,123
170,135
623,125
418,14
242,67
862,139
951,62
150,41
105,23
749,161
364,135
272,144
27,140
410,137
238,176
730,5
705,156
521,17
341,167
980,1
246,115
361,166
473,89
52,177
561,187
450,38
923,145
108,52
199,32
212,23
224,187
987,147
28,162
285,54
551,95
82,132
129,62
430,22
258,180
945,96
352,174
495,108
807,193
262,139
934,140
829,98
266,189
459,155
441,180
729,81
558,85
812,85
492,20
763,177
933,40
819,127
48,116
168,150
242,82
546,95
58,96
341,147
600,22
346,200
649,172
82,128
527,81
914,69
882,133
45,68
674,113
387,181
305,114
109,145
941,101
19,5
372,169
144,67
298,174
422,148
861,42
466,70
744,178
983,21
653,161
727,79
102,158
529,89
217,7
731,36
742,140
760,76
967,99
461,85
921,173
838,30
1000,178
349,22
81,132
772,73
89,129
151,118
820,23
161,134
575,142
860,64
570,48
46,59
606,25
945,63
641,118
952,87
825,92
566,188
3,123
496,167
688,14
186,121
42,117
685,149
525,110
275,73
419,126
161,43
444,153
961,114
325,93
40,77
27,148
125,23
87,184
90,92
932,63
291,144
622,174
206,103
300,69
983,186
757,20
81,98
202,129
326,166
867,166
520,107
920,21
950,160
667,33
601,124
842,142
818,136
714,115
601,67
709,55
956,103
90,34
348,20
924,161
695,118
465,192
787,47
626,132
420,191
764,177
17,167
244,96
629,145
463,40
177,158
909,66
427,13
40,181
90,114
896,189
667,32
859,8
448,38
554,8
746,197
144,151
746,120
658,65
561,159
668,88
780,106
998,73
705,48
424,120
930,178
432,86
637,27
37,130
194,114
794,17
11,174
190,117
855,23
274,162
946,176
146,188
725,130
374,73
73,39
232,14
376,60
614,119
880,151
326,128
317,71
648,76
717,167
308,31
925,64
286,72
960,85
832,24
941,91
919,100
600,159
979,80
283,105
856,112
909,93
656,118
966,37
478,20
439,106
962,111
669,161
340,5
957,50
345,132
34,112
184,170
394,163
560,185
216,12
9,68
221,16
654,68
476,152
255,120
24,38
667,73
315,103
229,139
354,187
340,83
489,122
39,177
427,155
900,7
121,162
780,174
361,1
649,23
243,134
89,161
426,166
691,197
276,196
309,198
8,55
628,79
761,81
188,114
58,126
810,102
150,48
251,147
306,69
981,130
352,194
105,144
498,76
318,30
338,116
476,65
395,117
750,56
564,92
824,98
958,76
410,43
61,174
678,41
453,138
191,9
607,79
300,122
544,26
815,188
226,56
674,152
325,72
608,111
601,158
381,181
758,101
21,126
920,185
739,117
849,155
280,80
77,30
968,88
683,39
364,136
771,8
734,98
982,44
47,153
27,179
714,52
521,176
362,71
771,19
627,51
327,50
764,54
588,154
671,187
615,152
580,166
810,45
453,3
366,20
726,99
541,75
136,107
226,2
453,11
253,21
18,45
197,103
607,115
652,28
749,77
539,181
546,42
384,146
868,181
879,52
672,99
524,54
320,146
944,18
62,110
538,77
171,5
491,23
897,132
857,129
788,118
476,153
689,39
810,149
115,168
473,165
697,53
217,157
491,141
254,114
443,147
52,35
770,47
390,137
957,164
91,12
136,106
865,42
88,59
413,134
512,99
916,93
65,95
476,50
593,123
442,90
79,127
885,109
421,85
621,50
156,196
606,188
863,109
187,14
212,128
418,22
955,115
875,44
228,186
859,142
322,94
219,134
145,134
173,112
186,198
154,33
482,186
547,92
290,85
727,53
64,153
520,129
664,145
299,79
188,141
52,71
769,197
802,119
406,157
443,112
966,155
703,137
197,146
325,68
768,152
994,120
758,172
688,80
236,69
766,46
606,76
446,150
503,74
970,127
735,33
665,140
311,178
912,200
6,169
207,87
149,148
372,105
967,109
593,56
522,177
489,137
569,36
51,188
450,71
947,53
249,72
399,106
208,12
113,124
210,157
734,167
937,53
15,164
609,180
672,50
752,61
862,97
179,8
249,41
224,77
90,116
241,106
626,15
469,106
682,190
993,170
458,8
134,63
422,186
513,19
216,144
663,37
477,37
576,53
39,104
548,189
155,156
628,135
953,193
574,157
166,106
944,166
176,44
26,130
469,164
479,84
593,156
873,17
752,86
444,29
131,29
347,126
811,179
401,176
105,43
32,158
204,125
63,120
368,133
364,197
226,29
47,143
179,111
642,100
43,34
571,5
415,194
463,109
136,118
717,50
597,64
36,73
480,123
619,95
500,17
779,171
702,59
256,35
493,91
417,58
973,28
869,180
370,151
203,41
347,198
489,154
714,200
263,74
436,131
716,49
648,61
677,104
237,72
912,41
969,24
10,35
107,28
231,20
736,39
909,100
56,137
867,184
747,192
673,164
244,67
588,179
79,144
292,14
958,143
620,99
585,32
45,73
345,26
394,119
990,61
484,160
826,160
889,92
396,144
137,92
43,141
166,122
814,128
494,131
368,172
779,187
337,94
579,186
841,114
981,23
474,111
858,80
879,200
719,175
668,34
933,136
588,133
670,149
66,158
716,36
252,33
6,62
930,97
354,94
506,180
584,155
243,109
123,197
123,92
480,3
648,39
644,165
155,139
139,42
296,46
585,106
515,196
434,44
520,78
451,116
127,144
593,27
790,55
951,65
312,84
786,109
27,154
771,27
341,80
879,107
16,57
275,101
820,46
386,134
846,127
691,4
94,44
60,101
685,126
303,198
166,1
342,159
656,113
989,37
103,26
541,198
827,81
763,192
112,6
644,19
726,177
250,179
256,24
817,5
817,90
748,189
453,93
719,135
431,164
12,105
36,47
95,185
274,154
802,92
524,196
450,171
243,197
954,169
351,102
44,74
298,195
172,107
453,16
967,184
926,104
793,66
506,104
239,163
483,22
40,96
360,165
148,164
930,130
553,118
707,35
948,165
354,127
762,78
292,110
145,2
606,87
418,159
712,33
982,91
489,54
80,16
258,140
383,131
527,151
687,80
40,183
987,155
260,81
481,2
768,141
744,139
623,86
78,111
779,165
802,31
667,75
490,4
714,166
508,111
182,19
596,52
190,150
453,82
826,97
485,192
423,61
445,20
187,45
468,82
928,66
36,96
833,172
134,96
224,137
697,9
781,107
127,187
945,200
331,68
607,152
241,26
605,102
56,168
485,55
54,96
829,112
53,6
60,41
655,101
10,64
76,94
234,76
594,133
285,53
927,168
924,198
892,56
878,44
256,53
118,37
484,36
436,80
360,103
459,127
87,98
832,96
2,85
113,183
410,146
957,17
226,25
936,101
354,56
745,198
335,38
994,6
285,150
734,51
321,8
31,49
862,76
390,133
120,167
1,20
876,38
537,178
497,21
396,154
541,192
551,28
844,162
351,147
204,165
189,106
925,170
242,24
225,63
868,133
503,6
466,97
161,194
662,101
546,181
428,125
603,143
637,7
147,43
514,146
786,123
965,125
668,182
678,85
852,57
976,179
744,93
898,171
754,115
111,38
728,92
680,159
80,193
379,73
636,86
340,57
222,39
959,172
663,74
552,186
537,74
117,23
539,110
401,32
303,50
902,6
685,3
993,114
808,86
271,136
389,34
392,107
749,59
508,102
619,38
515,13
713,94
475,152
540,144
381,13
945,12
737,51
769,179
218,16
548,107
535,61
853,38
503,16
348,49
797,117
193,136
614,128
820,164
961,110
502,42
794,195
293,158
173,7
116,200
357,30
589,123
387,155
834,129
458,135
250,100
620,136
894,169
697,37
924,47
430,79
847,153
654,70
657,104
873,150
928,29
578,117
40,3
874,180
320,42
437,165
562,73
495,14
469,161
981,62
836,181
521,119
612,55
53,70
968,78
906,142
55,66
387,78
539,151
245,25
117,146
692,191
515,24
936,73
106,124
949,15
720,69
289,3
907,42
353,135
928,101
745,15
773,188
461,51
859,107
631,185
726,176
264,198
615,65
199,17
508,138
377,43
874,17
366,10
646,29
403,138
336,128
973,111
501,151
520,195
519,83
571,169
1,108
811,2
498,95
809,84
200,139
374,40
89,176
853,17
812,12
602,58
916,197
500,162
473,93
300,136
664,187
815,197
381,119
254,58
303,157
767,61
542,122
130,195
460,58
992,149
96,7
475,145
186,26
983,10
799,40
198,62
544,191
237,168
832,13
52,83
865,72
164,31
411,25
388,52
779,100
680,45
717,16
617,74
190,109
465,200
339,167
880,17
499,198
553,92
322,112
624,102
853,174
446,123
179,192
761,171
260,37
207,66
668,191
144,195
686,105
128,155
636,11
277,24
234,123
639,138
765,76
248,159
999,66
67,7
525,113
849,91
235,23
43,160
871,66
914,35
561,138
348,129
33,180
431,157
923,167
605,139
813,95
926,123
107,12
237,177
568,198
72,98
764,84
268,53
880,158
904,26
426,36
105,150
477,10
880,27
563,147
886,199
578,152
849,188
563,177
195,181
406,90
408,67
405,72
649,54
312,124
747,40
220,107
486,194
990,98
600,102
510,185
438,1
936,134
700,39
777,93
840,37
673,195
679,87
448,156
20,159
242,160
286,123
191,10
915,52
514,133
367,164
236,15
871,12
695,27
63,167
202,127
776,55
27,7
16,146
23,4
918,57
642,120
219,171
353,121
383,155
990,51
945,104
73,77
883,18
3,64
331,72
955,146
703,61
586,90
85,126
708,147
292,7
239,105
198,104
965,33
58,161
230,129
250,49
752,106
338,188
49,130
412,116
267,48
866,106
705,170
998,122
449,23
692,167
709,11
41,135
817,153
10,188
280,93
137,86
590,120
455,135
618,33
92,168
311,132
494,40
10,157
617,127
870,67
861,134
764,83
15,69
474,52
962,20
447,150
207,146
427,93
682,26
989,138
411,190
247,83
125,65
835,99
725,98
131,179
478,17
496,173
841,168
311,198
247,82
578,81
730,199
952,44
170,154
452,129
623,72
297,60
258,14
457,94
517,102
922,42
828,102
899,189
383,5
885,121
877,82
674,159
968,158
695,190
992,169
212,98
683,125
693,131
374,61
671,9
426,192
712,4
929,86
317,126
616,84
172,18
622,180
250,134
164,144
245,73
379,173
583,104
650,110
621,93
610,174
873,83
914,10
609,72
173,190
159,179
111,188
312,97
243,12
508,81
954,160
89,22
608,101
618,3
309,104
988,62
532,71
474,200
33,146
757,173
329,198
376,52
500,42
156,132
96,28
184,144
20,155
509,189
512,67
211,48
702,21
745,193
164,24
828,175
155,12
929,88
503,45
225,26
387,36
47,2
266,123
260,78
615,115
74,139
333,42
844,116
683,134
988,188
401,177
418,129
607,98
489,33
817,15
199,142
636,99
560,171
164,45
446,97
105,29
654,186
522,163
573,17
687,106
510,54
463,151
693,108
260,30
872,143
530,105
71,93
516,104
735,118
379,187
434,169
517,65
469,49
864,105
188,173
12,177
720,182
194,102
911,181
838,92
710,81
785,37
427,185
146,166
67,155
885,195
657,109
150,54
556,65
34,27
96,52
754,33
792,143
408,51
874,96
351,7
739,104
832,64
861,67
428,94
636,183
142,60
979,102
312,95
923,86
907,181
780,61
297,121
598,43
910,105
421,56
340,55
307,163
171,189
597,198
714,100
713,157
301,78
513,100
964,152
110,187
769,56
475,99
913,54
483,178
506,49
944,29
280,18
231,62
892,198
253,87
175,177
782,149
786,162
966,3
88,21
555,37
662,188
447,57
468,179
669,129
268,83
990,105
199,103
508,186
628,180
479,131
415,162
34,40
391,129
405,147
768,93
453,81
963,55
353,157
696,157
474,76
975,84
956,36
143,66
947,149
462,29
378,191
233,71
370,14
475,192
920,45
437,182
451,174
409,107
242,108
925,45
241,158
518,97
99,48
808,136
801,191
166,129
456,13
591,85
993,200
473,33
499,118
294,22
215,103
341,52
322,113
149,120
368,148
593,188
188,161
912,110
364,159
827,191
549,78
23,22
965,185
869,112
144,13
592,130
477,58
414,161
256,136
710,172
536,18
961,53
987,110
206,188
188,82
568,76
118,103
859,91
343,124
521,94
307,53
169,149
802,190
72,149
821,143
84,18
343,77
475,65
130,144
144,180
788,94
874,93
771,172
245,36
530,21
365,149
35,118
729,13
527,42
39,191
788,79
111,3
245,115
395,198
384,118
678,51
727,133
444,76
858,58
253,60
123,102
19,43
864,69
171,119
62,190
908,175
554,167
732,35
43,126
711,19
869,158
988,101
891,152
978,82
506,1
159,41
429,125
633,7
846,34
431,147
960,66
607,165
541,135
83,122
480,91
752,9
105,2
48,91
773,71
778,169
939,119
692,81
4,88
14,28
596,41
138,107
467,154
151,49
827,38
339,93
862,29
489,139
65,32
640,72
44,18
935,23
344,43
218,7
361,195
313,173
538,20
394,147
969,113
798,4
914,187
854,44
258,57
619,168
620,88
670,47
301,182
999,104
828,95
840,79
646,79
561,97
51,133
53,149
905,107
806,190
135,140
850,76
764,75
4,162
683,65
378,108
183,98
375,5
519,6
347,164
999,142
892,6
511,91
820,180
849,191
929,34
549,58
141,118
281,109
38,46
71,39
38,166
564,89
75,55
905,86
280,17
753,144
923,95
800,159
587,178
520,183
965,56
398,65
729,152
334,102
543,176
930,132
508,47
462,43
32,168
600,54
902,44
157,109
815,32
190,91
994,105
342,148
289,169
692,103
354,149
292,54
117,45
194,111
315,68
442,174
71,183
989,151
463,46
214,33
424,95
273,171
679,111
121,158
706,195
162,107
458,77
816,181
160,178
578,58
705,190
335,24
824,158
527,82
568,101
824,180
338,107
811,180
62,125
74,181
88,135
561,108
206,150
194,41
944,47
1,53
542,150
493,36
428,48
79,29
761,69
297,156
658,121
923,47
598,197
506,115
881,163
775,94
84,99
939,116
628,189
103,193
447,53
106,65
339,143
88,44
714,182
654,112
714,20
450,125
626,168
254,13
210,59
790,47
873,27
435,187
327,26
383,41
136,153
385,71
387,168
37,112
398,4
947,97
868,170
566,106
94,131
146,149
283,163
250,99
592,145
391,182
784,159
883,160
748,73
101,57
673,122
215,158
794,167
436,92
501,38
396,8
513,12
253,190
333,105
628,167
164,6
858,198
12,37
529,37
835,140
892,139
347,65
80,173
135,144
558,118
895,151
53,156
279,18
21,25
311,25
34,157
147,9
95,186
910,177
273,47
485,136
502,34
485,128
102,188
591,146
842,18
478,130
597,11
420,181
940,194
311,118
772,112
690,134
277,115
157,122
993,77
723,40
678,168
764,130
249,63
413,182
183,157
169,196
809,165
447,91
807,161
34,12
798,21
100,62
21,119
202,70
457,17
730,123
364,11
33,170
389,81
32,162
188,97
842,154
619,114
296,72
548,86
822,103
768,187
984,164
312,87
111,154
208,130
25,1
326,40
763,127
991,92
417,187
289,124
564,26
445,75
233,40
265,185
141,195
54,62
618,99
424,175
215,81
85,147
332,81
544,41
935,76
87,30
852,118
724,197
738,194
294,167
380,141
644,59
181,113
927,161
161,121
518,156
321,21
596,191
570,151
122,76
298,147
320,96
330,45
39,145
770,131
557,125
394,40
733,178
587,196
290,70
170,151
625,28
45,13
278,108
9,10
947,163
164,162
403,195
7,162
391,49
784,83
766,67
90,139
590,155
178,81
418,119
268,102
488,89
194,126
699,93
515,17
465,81
298,56
591,44
288,50
952,115
296,171
336,116
903,103
467,107
988,154
827,177
22,77
805,129
278,146
701,171
435,23
218,146
94,92
662,49
564,169
441,187
214,136
133,60
931,36
27,110
553,97
427,146
641,120
991,46
196,168
314,154
892,168
73,187
259,28
156,110
26,71
764,26
644,26
967,158
781,24
519,61
579,160
286,30
345,172
833,165
418,59
64,158
608,91
367,125
633,90
262,30
503,27
121,59
748,95
517,188
309,42
852,173
371,65
926,9
965,128
299,60
78,181
738,35
1,188
413,84
272,189
574,151
336,3
665,60
464,76
959,17
35,139
576,196
295,48
953,171
444,163
705,98
64,124
375,165
541,65
759,100
319,167
700,109
234,190
615,83
996,170
640,129
691,23
694,59
112,32
648,186
414,7
321,30
653,116
25,7
174,109
344,82
36,116
112,130
337,13
721,108
797,174
67,67
802,157
181,91
402,147
122,53
896,44
208,159
463,4
36,127
299,128
256,126
393,34
101,16
362,80
648,22
445,93
316,5
178,158
612,14
785,199
874,71
155,16
53,102
183,59
491,101
135,83
288,136
280,64
925,188
57,67
395,141
944,100
380,36
120,110
100,41
292,113
698,58
637,107
25,47
438,34
887,84
755,25
119,17
245,123
710,127
431,39
958,102
658,151
729,49
400,49
604,76
516,38
310,190
430,107
205,68
761,85
543,85
551,191
906,196
300,66
750,82
655,83
560,196
55,177
967,16
20,52
844,156
178,50
414,70
90,144
11,81
775,156
107,167
61,138
128,116
698,132
887,150
835,157
707,62
12,109
415,27
359,27
213,68
92,52
367,151
446,138
675,52
552,9
971,60
315,105
243,145
415,179
739,31
812,158
121,200
151,112
431,32
312,112
958,2
479,123
951,97
431,102
179,21
721,41
320,176
927,134
717,20
428,115
133,107
858,119
334,60
24,179
840,158
549,159
512,189
313,17
260,144
355,4
853,37
484,18
208,168
676,90
751,44
457,145
904,132
874,157
474,56
98,187
255,68
635,15
414,100
851,164
24,42
589,35
57,120
635,12
757,114
920,108
7,133
307,56
48,127
815,55
717,57
971,3
553,15
338,121
625,171
888,80
606,102
879,138
419,23
718,148
564,25
182,34
281,21
825,161
603,112
248,63
885,26
284,14
830,84
5,103
120,161
517,94
213,12
135,33
719,113
933,97
92,85
616,175
251,76
307,61
160,182
316,82
450,198
172,47
175,125
337,62
416,12
612,162
196,86
489,120
572,59
126,95
793,31
484,74
906,105
491,84
160,38
87,56
529,69
672,167
328,142
754,54
247,161
909,141
940,189
606,107
256,67
239,143
400,12
509,119
628,70
627,73
892,151
919,153
232,143
980,53
172,5
29,175
955,109
700,101
433,90
835,105
522,85
423,49
235,61
836,74
873,9
649,147
238,84
58,28
830,143
847,121
650,179
974,197
386,53
677,174
252,41
433,177
576,140
70,104
858,105
19,27
894,120
467,156
880,78
237,186
302,172
838,82
598,39
396,188
889,9
140,1
450,72
880,31
273,29
978,159
199,126
469,17
771,60
713,145
622,116
74,173
853,189
710,117
812,52
87,13
680,143
241,59
829,66
726,58
11,40
854,150
347,103
776,144
941,80
773,72
63,51
920,129
680,113
49,119
783,117
529,173
35,7
353,38
638,58
261,139
558,49
776,79
395,11
950,73
981,113
393,144
392,63
120,131
625,181
188,168
834,74
84,199
471,65
174,46
22,122
448,185
953,28
651,32
611,152
890,175
664,125
208,108
407,49
376,193
527,145
661,157
957,122
420,116
247,129
513,13
877,125
589,20
525,34
606,112
18,142
304,137
530,78
693,165
462,156
980,10
557,64
870,181
466,40
631,149
139,170
450,131
249,197
675,106
864,89
960,179
807,168
721,87
131,151
633,121
357,68
170,75
976,187
425,114
869,40
770,188
159,199
494,145
796,99
65,135
253,165
869,130
55,173
50,70
877,100
12,75
843,13
600,99
293,39
603,111
839,82
121,51
324,164
788,80
116,105
66,98
849,169
679,190
43,189
8,110
87,3
719,62
452,184
455,16
453,36
359,43
397,171
20,102
767,160
571,146
449,121
537,45
383,85
505,92
921,161
170,88
384,116
401,161
693,128
232,151
329,95
147,26
17,13
529,102
564,128
553,37
891,163
394,104
839,38
684,196
833,43
643,111
809,180
754,40
378,189
385,47
294,95
710,98
778,45
484,47
998,13
904,27
854,11
393,3
295,147
868,40
528,13
292,107
964,10
551,82
620,55
973,157
886,168
940,51
26,128
836,46
9,26
115,8
5,200
856,14
499,36
133,132
953,199
411,5
758,26
305,65
801,164
561,105
230,41
361,143
437,103
545,81
872,171
948,14
725,67
118,149
197,178
33,136
742,124
544,102
549,130
319,46
95,165
112,140
633,63
187,76
852,65
996,84
574,162
767,45
688,25
833,23
787,141
915,36
567,32
819,191
186,142
787,101
281,11
921,113
191,146
944,128
962,165
132,134
114,57
29,197
473,19
804,74
688,26
255,101
897,169
680,80
894,158
49,173
205,8
280,15
555,111
755,97
56,33
503,123
551,58
229,92
706,143
839,176
777,180
689,193
799,41
622,109
522,197
769,8
470,192
63,20
505,81
117,192
497,125
649,105
840,141
720,146
966,10
686,115
85,27
320,39
88,64
193,154
177,16
887,117
402,145
536,14
86,194
369,107
857,86
543,74
545,48
491,173
578,192
215,68
978,175
702,140
796,198
555,158
465,53
872,176
191,175
714,161
194,98
815,39
939,196
985,98
928,173
84,32
126,53
564,81
574,84
367,23
311,29
856,23
982,93
944,63
291,64
599,78
263,124
125,138
58,53
990,182
187,159
197,90
217,151
554,185
719,139
255,168
674,41
177,60
794,160
193,179
880,185
128,58
429,123
652,20
111,69
603,55
267,57
984,101
41,162
669,32
744,102
240,77
172,119
197,64
266,89
925,90
107,130
202,69
84,44
554,197
804,168
970,54
910,7
866,114
64,196
562,190
315,48
216,199
508,147
235,177
412,193
262,198
502,28
361,192
566,77
731,67
76,122
120,98
25,4
574,28
396,69
208,154
938,194
929,92
766,7
343,80
537,14
393,62
121,83
98,125
949,125
60,76
943,59
516,65
9,53
783,60
357,2
198,121
231,112
887,21
79,143
772,148
69,80
978,45
79,4
828,182
636,54
34,178
607,141
19,104
32,183
289,177
107,98
12,146
757,97
665,128
87,190
785,155
277,1
89,43
969,191
602,168
599,48
195,49
433,150
45,163
757,155
170,139
804,21
920,39
418,102
428,78
488,29
110,13
289,188
785,109
996,27
643,20
779,34
306,50
25,167
683,177
428,62
223,76
737,40
46,84
262,79
842,175
242,58
553,66
760,86
47,127
697,150
158,122
583,16
659,106
425,39
97,65
966,13
338,133
543,92
33,79
133,68
383,115
102,170
630,155
997,198
509,140
98,194
468,117
922,48
893,105
725,66
181,53
304,88
63,197
539,124
437,97
689,59
486,184
22,95
380,68
286,165
163,40
463,45
481,142
326,169
642,157
551,150
798,165
490,44
900,119
856,70
772,141
637,186
714,36
27,170
324,125
744,172
585,24
468,148
948,17
223,123
452,69
670,19
462,128
604,181
766,153
975,45
88,194
119,37
680,21
360,185
68,76
306,33
100,125
876,42
156,104
100,90
282,139
572,96
186,60
155,145
84,191
534,107
927,152
663,90
37,64
129,59
468,126
648,42
493,34
274,38
802,102
835,28
243,20
146,22
358,28
886,198
336,41
953,127
201,35
379,198
147,131
616,157
431,31
320,55
180,153
895,85
322,73
593,12
625,145
829,46
329,102
244,34
153,77
309,32
838,113
178,24
612,69
758,197
886,15
256,6
694,77
981,63
888,11
269,161
858,191
42,62
646,84
819,182
809,130
63,150
635,4
856,93
895,8
513,155
154,14
141,79
223,159
913,47
642,113
584,52
7,170
96,126
77,140
262,60
182,89
786,119
420,114
805,27
895,51
243,58
667,172
135,58
945,30
442,123
540,84
168,128
193,94
919,14
714,45
699,176
788,166
964,9
112,51
493,172
908,196
820,140
673,169
256,97
232,81
713,42
317,37
567,11
212,19
638,191
277,37
567,172
753,109
162,114
972,33
606,105
420,136
703,84
42,105
755,58
505,169
463,133
729,180
924,50
831,105
806,198
249,2
393,57
303,90
565,30
877,19
733,51
584,116
835,60
865,5
582,16
750,19
706,66
236,56
203,74
494,101
34,102
504,70
682,27
397,178
441,3
538,172
7,185
636,72
94,150
814,124
585,31
317,57
165,20
385,62
656,97
24,157
43,123
650,59
5,181
213,57
892,171
691,120
650,184
119,34
141,143
59,152
604,157
86,166
109,53
655,134
660,143
780,75
526,161
649,195
750,51
491,65
512,146
606,17
75,150
685,57
41,118
487,145
738,117
416,170
342,66
223,188
508,170
752,8
967,157
372,75
875,131
274,50
521,40
397,133
297,85
830,120
269,16
411,127
731,140
194,178
691,139
29,187
847,51
234,88
2,160
405,175
782,119
49,115
195,180
553,80
39,118
733,21
420,25
938,153
977,107
575,196
373,139
217,83
385,13
334,27
158,105
956,74
426,58
370,140
197,32
276,65
993,33
700,31
911,82
58,44
371,184
503,5
795,122
34,57
778,175
414,120
417,176
363,177
688,155
571,185
235,173
485,2
914,142
834,191
192,74
5,51
329,26
893,21
432,199
207,80
452,130
370,23
433,137
904,104
286,185
878,86
390,26
572,64
584,125
210,114
559,48
708,190
159,21
85,5
679,28
897,13
143,75
301,156
523,32
343,110
51,73
369,83
737,165
350,142
479,121
781,56
447,171
815,169
4,41
712,94
897,50
299,154
734,21
576,47
9,175
815,100
841,5
29,6
872,74
937,44
694,64
465,62
940,182
905,135
44,193
89,15
490,99
212,41
427,32
104,82
433,49
518,2
358,141
652,133
689,52
879,158
374,69
890,42
784,199
984,104
640,199
103,89
832,164
178,117
827,28
566,84
287,104
253,14
574,107
109,178
986,60
29,105
391,90
764,14
451,6
953,70
971,191
942,103
887,108
101,129
638,71
990,54
566,179
263,137
788,119
537,200
74,28
299,31
228,144
475,80
841,101
403,55
357,135
732,50
979,197
951,66
175,58
730,140
470,122
1,1
561,73
718,72
181,139
772,39
969,118
999,52
348,97
588,198
879,174
440,154
413,62
109,193
286,5
128,88
390,36
728,112
414,136
451,90
376,66
877,69
835,93
270,150
931,179
550,72
997,23
148,9
570,87
734,47
560,189
64,119
373,140
635,133
467,45
279,83
827,174
177,12
885,155
957,7
346,13
647,150
378,17
349,48
785,163
70,6
538,132
541,58
744,40
992,141
393,109
568,42
892,123
38,190
263,101
531,194
603,107
845,182
22,124
711,85
545,198
157,138
255,8
177,40
679,60
553,138
892,181
446,85
177,146
912,22
146,101
509,6
260,80
507,181
16,192
573,127
148,85
938,77
203,5
983,178
952,133
932,101
126,106
688,147
427,36
463,24
6,23
521,56
694,169
860,123
176,38
974,51
830,158
723,113
231,153
351,47
48,109
574,71
542,136
881,131
185,3
462,193
637,57
830,191
382,127
424,52
872,100
359,111
405,24
853,34
988,123
805,60
482,151
726,124
6,21
13,94
606,32
484,45
504,156
121,16
469,126
168,174
612,18
603,24
338,38
804,23
484,196
306,82
74,95
838,12
914,183
549,171
700,112
128,40
616,158
254,137
136,32
740,115
713,131
653,24
481,116
23,1
122,94
627,138
4,81
490,19
977,20
991,100
3,19
726,145
738,119
469,160
179,25
339,83
634,98
108,106
263,28
67,194
635,58
254,23
164,48
717,88
642,184
707,73
345,16
754,2
392,195
263,126
597,129
695,138
906,26
448,46
154,173
883,44
67,47
304,163
844,56
597,13
731,111
825,44
861,114
475,14
717,18
446,137
212,89
472,14
382,151
778,117
457,62
331,86
626,158
177,97
520,50
193,149
654,122
693,190
969,72
771,127
138,185
134,48
129,175
655,108
35,35
54,20
961,87
602,139
565,112
973,185
146,178
56,4
374,90
658,54
994,115
737,179
521,102
111,22
644,93
434,66
878,52
968,15
777,150
288,5
222,187
409,162
784,20
847,111
281,83
478,46
964,22
461,176
967,197
785,144
280,133
629,150
263,8
231,120
299,170
362,149
49,118
14,137
342,171
437,50
641,127
153,155
172,34
43,161
286,181
636,139
659,162
934,106
303,86
956,116
333,103
330,43
239,60
17,82
544,200
483,158
597,184
962,129
358,97
747,138
448,164
310,17
988,11
239,107
622,99
86,177
535,42
87,88
286,133
399,71
434,163
882,185
649,122
229,136
185,140
124,80
205,79
609,181
900,37
540,46
903,95
146,5
909,146
384,90
650,9
304,70
560,195
834,164
988,54
324,182
636,23
381,99
526,102
10,117
846,152
335,29
10,142
802,176
124,17
958,191
778,140
463,179
66,101
425,161
388,183
15,117
552,78
197,55
195,8
306,150
969,77
144,72
483,175
870,87
199,87
10,29
715,26
118,80
30,9
512,94
889,168
77,73
242,79
404,25
180,43
369,2
828,101
846,100
837,196
343,70
416,45
571,173
252,164
775,33
609,172
376,138
705,129
59,104
535,5
496,67
690,143
462,200
379,156
553,127
15,170
694,109
454,14
411,100
345,64
705,38
980,101
379,115
637,74
269,135
381,92
692,145
485,143
781,76
83,181
568,92
568,125
887,115
570,198
771,90
204,25
643,81
842,136
442,77
950,197
293,145
42,194
85,60
318,103
227,70
585,103
339,149
23,164
415,74
118,100
369,110
579,81
4,147
501,142
945,67
25,136
352,193
454,119
993,105
923,140
821,152
693,119
6,197
608,140
694,65
831,61
388,127
406,89
127,17
548,94
627,153
801,110
554,147
249,129
399,118
645,48
769,160
429,11
223,40
898,152
985,115
973,47
339,114
401,104
407,52
659,120
433,11
125,144
154,121
747,74
561,180
492,75
845,102
271,103
843,84
345,128
708,178
403,113
347,75
962,195
35,135
616,135
11,90
216,85
415,14
949,149
758,198
3,2
491,122
29,13
823,70
486,86
807,114
632,50
645,171
868,90
410,133
20,139
926,48
677,182
863,18
967,100
573,93
994,186
797,30
536,198
230,79
16,191
615,184
703,151
180,163
571,107
632,58
829,141
737,57
533,94
958,43
780,121
530,10
109,179
833,196
445,15
153,51
52,138
680,93
17,187
283,11
34,26
283,66
659,174
891,57
285,103
665,5
698,164
796,102
153,149
863,142
270,94
990,158
406,62
959,168
472,190
508,75
783,15
958,108
142,21
212,80
649,136
312,144
736,140
930,10
141,154
996,3
274,20
421,87
275,94
829,91
684,184
590,29
623,190
416,130
894,41
518,61
95,76
9,194
546,54
141,127
571,13
510,19
781,63
40,79
622,166
847,169
377,105
966,121
741,99
840,68
567,46
460,18
474,154
414,99
854,72
619,28
386,150
703,10
15,105
840,50
410,191
631,83
744,181
53,30
759,14
504,142
466,69
259,104
238,122
770,7
525,51
141,193
576,183
320,135
591,50
400,157
245,95
924,179
287,28
673,23
462,27
149,200
203,153
275,160
301,95
716,10
646,156
190,124
725,53
548,73
977,49
769,79
579,49
303,163
518,53
977,175
665,42
103,32
871,146
225,7
52,95
609,103
321,2
449,124
484,135
914,191
403,111
458,176
775,124
774,101
774,188
567,119
437,57
405,173
278,63
19,84
643,103
830,174
467,141
56,43
938,65
188,31
636,119
512,92
67,175
197,117
378,103
761,149
268,18
407,155
271,16
592,119
957,147
851,193
815,9
896,11
254,147
292,69
139,147
146,171
917,18
86,78
811,5
784,60
799,158
657,180
559,39
417,14
540,142
434,9
506,188
686,136
635,77
417,56
42,43
831,107
458,107
784,116
452,96
63,56
588,161
589,84
304,81
603,137
890,113
401,136
303,196
88,116
245,77
961,122
312,155
423,60
901,45
828,193
509,1
42,3
998,44
420,51
755,160
680,192
162,13
510,9
267,79
457,106
278,190
754,60
964,72
746,176
791,69
175,80
967,3
853,59
278,134
614,192
590,182
570,119
723,29
570,139
378,68
126,110
599,144
462,18
928,32
660,160
73,63
706,68
819,192
732,5
429,21
833,83
682,192
559,106
974,9
423,117
194,81
836,126
637,158
462,56
847,14
473,144
600,36
395,165
815,196
710,142
758,7
409,145
738,98
317,84
348,11
344,12
894,144
807,165
848,74
634,169
880,150
482,198
490,51
654,87
410,147
529,172
915,66
95,149
809,174
704,74
466,171
457,143
482,29
545,110
832,61
890,14
426,190
165,83
988,112
590,96
953,145
58,83
175,84
728,97
340,26
62,107
258,197
180,170
674,78
423,196
890,155
906,143
122,57
84,113
792,148
23,150
158,8
865,112
696,39
686,83
532,158
842,54
522,95
517,121
55,118
407,128
348,54
184,104
553,135
220,121
607,68
613,164
938,118
537,61
852,179
14,85
40,104
222,60
846,96
867,42
921,149
266,19
781,195
684,129
793,28
547,29
124,64
692,6
978,31
273,27
217,152
762,178
129,197
480,153
89,81
47,8
737,111
758,16
185,74
911,120
845,144
618,192
222,121
489,179
964,70
581,158
349,156
560,143
341,141
160,137
105,123
343,159
190,175
437,158
34,126
305,33
316,58
10,37
306,89
119,193
385,172
959,7
496,65
431,95
253,37
728,56
221,184
587,140
520,90
943,77
362,182
315,189
122,37
118,11
492,184
997,37
807,80
171,36
602,129
270,133
540,94
301,169
923,138
750,105
386,18
345,106
519,168
498,75
267,160
679,27
767,57
963,180
740,141
659,143
625,110
874,181
389,183
155,192
127,159
450,112
27,55
742,22
529,90
620,122
420,95
602,88
913,114
377,132
732,180
680,154
878,33
287,48
453,70
725,70
248,152
908,88
871,198
850,161
696,128
768,46
157,127
913,157
166,192
498,140
135,194
305,41
971,34
618,38
157,87
193,6
153,152
946,73
734,17
802,82
958,200
178,147
869,195
495,22
54,5
635,1
144,19
504,144
508,37
919,111
395,125
301,30
13,91
500,27
742,116
336,34
208,120
750,79
712,102
130,103
456,46
412,119
993,191
199,24
938,72
832,165
494,195
694,10
457,56
458,81
203,13
248,50
233,104
81,36
540,139
777,83
724,94
586,27
360,110
858,106
283,36
710,125
968,152
909,4
226,148
46,65
74,9
845,185
37,12
365,106
926,117
307,122
90,26
158,65
549,23
768,155
727,169
621,43
410,132
950,34
817,112
369,5
431,130
938,129
198,156
204,9
8,96
587,10
529,26
666,121
145,199
492,189
766,61
341,3
54,190
737,47
856,167
236,10
714,65
928,11
672,150
822,145
817,13
744,111
356,103
133,148
752,141
217,19
605,6
32,79
404,19
280,16
262,136
13,114
52,115
918,50
148,24
311,188
322,124
233,181
865,9
169,164
212,170
590,36
949,183
517,178
847,180
921,64
313,183
353,161
219,108
916,79
537,170
338,125
795,56
152,181
669,111
980,49
858,124
116,23
910,81
735,103
303,176
941,183
587,39
320,131
748,35
184,54
72,165
239,43
600,104
486,96
619,81
811,149
715,36
970,138
929,10
148,172
417,50
864,167
821,26
87,4
505,42
897,134
17,100
133,29
24,67
996,163
30,163
671,68
817,198
531,20
709,49
971,68
731,22
396,40
35,95
882,167
477,27
213,25
396,68
486,153
524,13
229,66
879,28
515,131
839,68
193,126
925,37
333,127
185,123
694,37
713,59
549,190
533,43
12,180
205,11
492,53
346,182
369,22
858,54
210,133
140,20
932,42
806,132
782,23
87,21
538,25
439,175
329,3
291,22
266,139
851,56
798,42
314,146
306,124
402,146
637,31
60,6
595,49
503,82
516,128
827,43
753,43
939,1
318,152
159,149
295,62
560,71
862,56
76,88
522,181
798,131
610,137
368,31
303,155
258,113
25,91
691,7
246,123
875,142
980,46
635,26
687,143
852,174
699,44
552,50
445,62
554,7
732,153
860,126
942,41
592,173
485,102
49,200
858,90
983,183
583,38
753,79
471,64
480,82
189,197
333,147
613,127
922,146
114,125
78,169
740,176
398,169
963,77
494,142
577,123
627,95
696,108
382,111
551,60
698,154
93,169
665,72
187,89
707,57
85,85
774,107
907,159
312,48
617,101
437,181
522,13
852,102
830,27
538,114
321,18
191,167
25,187
505,106
72,59
650,76
887,40
628,197
784,41
726,113
886,170
369,126
302,108
572,118
517,176
83,24
786,194
181,171
130,59
647,116
411,185
47,95
917,43
206,94
871,25
361,125
980,64
295,59
746,139
818,185
717,120
215,172
857,173
665,68
894,106
1000,166
471,129
219,191
606,39
136,104
708,192
125,15
550,173
913,149
164,197
249,86
811,9
433,168
673,19
940,88
153,25
959,190
862,141
410,36
688,137
122,196
539,3
604,44
249,137
527,20
297,166
238,120
744,75
1,40
754,156
476,39
47,89
596,181
507,108
912,103
208,63
663,20
431,129
412,83
366,166
831,117
289,101
219,32
125,198
179,60
924,15
221,103
617,187
728,12
635,196
176,91
380,31
542,181
709,80
850,183
163,194
62,4
363,122
248,142
284,139
778,96
238,128
508,53
730,185
542,90
785,19
880,90
985,184
325,111
955,180
834,68
506,64
665,185
363,90
577,53
134,57
915,67
458,177
430,96
618,7
884,121
694,33
446,102
290,82
392,5
307,64
936,8
112,107
340,161
751,177
106,1
645,50
661,96
588,13
263,83
443,92
455,160
204,106
987,96
670,140
816,28
689,78
321,74
104,92
722,120
612,35
756,153
829,50
968,96
852,64
296,85
499,1
680,152
685,168
868,56
631,86
714,57
324,196
752,19
976,89
751,119
606,190
777,47
349,169
508,150
44,106
446,89
48,58
774,128
361,66
314,2
839,37
43,130
249,113
957,118
592,195
250,87
877,170
882,124
886,16
242,44
51,187
759,128
862,183
833,71
748,113
613,143
517,52
782,98
87,16
649,119
732,26
522,10
66,131
927,49
494,185
1,198
809,63
889,150
345,48
966,108
336,184
707,117
448,64
591,175
896,134
661,184
233,139
767,78
51,53
393,78
466,36
830,140
980,102
574,33
158,154
69,192
16,12
143,119
15,36
207,49
167,63
545,92
366,127
695,182
407,46
562,132
291,157
5,59
572,37
56,136
706,87
457,78
863,20
790,28
33,162
436,75
214,138
168,187
957,66
311,181
243,50
735,65
474,136
322,44
194,106
285,156
552,136
96,137
105,116
603,17
117,89
57,130
185,191
827,176
795,196
497,82
702,144
64,30
917,137
970,14
715,120
239,78
424,66
547,75
532,28
647,140
687,42
326,102
529,84
433,61
965,65
782,84
139,142
188,112
245,48
208,186
882,189
414,15
29,122
426,21
338,92
235,60
858,4
966,115
600,13
966,146
765,98
875,36
57,172
686,21
880,161
592,192
649,61
497,143
51,46
326,130
827,3
634,22
191,141
949,128
358,193
608,171
486,55
642,169
449,29
249,70
208,19
350,108
541,15
88,31
700,21
650,128
930,55
988,153
520,86
342,133
341,134
129,54
702,130
908,125
305,147
674,192
868,119
852,78
506,48
49,171
374,190
693,140
973,107
540,2
715,183
255,14
779,16
700,113
616,64
797,45
826,6
919,185
281,84
626,167
721,4
120,83
248,169
132,2
511,101
577,65
655,161
716,12
762,144
989,188
647,131
743,28
509,91
997,124
671,128
445,107
358,53
813,195
834,193
30,178
456,181
379,108
66,96
473,158
470,142
893,145
534,195
631,12
758,170
757,48
54,59
306,166
480,10
781,136
744,108
974,178
478,85
381,36
279,162
220,155
401,50
889,27
406,198
952,198
853,23
233,150
65,179
918,71
236,17
282,154
686,98
201,26
892,108
794,34
901,7
946,59
330,90
108,15
999,140
837,102
565,73
502,57
109,198
53,47
18,144
402,94
967,27
99,144
432,117
850,11
718,122
608,66
579,181
920,75
153,94
438,168
414,125
811,49
792,48
321,157
17,12
826,168
928,60
589,141
605,57
963,37
937,193
48,131
144,57
353,95
398,62
901,90
168,39
703,39
458,149
206,159
146,165
165,107
583,138
785,124
219,45
9,108
146,37
67,144
662,92
316,117
447,139
207,92
275,15
31,60
350,66
953,144
307,55
61,166
474,187
969,184
35,184
650,5
596,175
666,73
525,130
310,147
322,170
388,107
34,75
915,105
615,35
785,88
90,161
211,62
702,101
540,27
583,25
80,200
912,76
246,124
957,85
806,133
372,61
800,58
853,79
777,111
954,82
519,29
375,130
21,105
869,70
573,176
903,171
978,101
370,126
673,108
332,152
599,140
286,127
652,168
28,74
91,15
452,114
885,138
905,149
188,149
681,164
599,87
473,94
1,30
808,18
619,80
749,127
296,191
56,22
747,68
697,66
233,47
280,105
881,106
811,78
970,1
435,110
163,86
519,86
219,81
458,2
69,41
666,112
59,81
312,128
572,99
273,117
72,167
301,75
729,140
998,175
17,160
915,134
959,184
780,74
203,39
731,146
962,150
497,68
950,94
602,154
839,88
188,125
287,16
866,76
892,104
68,58
515,52
830,46
7,99
881,33
513,120
622,80
267,16
541,199
785,117
518,185
859,176
832,1
920,161
163,31
109,44
395,51
407,45
726,67
933,133
833,163
170,121
167,117
399,154
630,85
337,85
734,146
938,40
787,184
6,108
668,144
269,79
894,108
540,12
893,86
57,139
909,162
576,67
912,98
763,106
372,146
672,12
793,38
162,89
244,156
551,94
538,46
921,181
719,194
262,80
679,182
569,64
154,13
606,116
386,68
819,88
900,45
625,187
361,155
956,72
262,90
775,191
861,54
911,127
161,87
628,198
125,34
657,41
146,20
689,199
172,29
146,31
982,99
816,13
626,74
502,45
680,111
336,168
353,179
892,150
573,53
605,1
298,117
702,108
604,199
586,132
992,100
574,184
796,112
654,106
215,194
878,143
383,56
831,39
661,115
420,50
77,109
367,192
727,127
672,83
25,166
738,195
226,23
827,55
938,11
115,45
956,177
817,179
282,49
201,17
291,179
734,189
985,82
66,45
288,126
170,7
237,61
258,138
61,111
558,105
729,175
119,58
534,60
235,58
301,181
347,27
862,59
93,26
979,100
68,114
57,148
101,48
107,139
252,176
953,150
769,66
870,82
296,29
162,111
312,32
139,149
759,142
772,175
899,128
228,94
206,131
167,151
508,28
795,15
688,62
367,129
175,143
517,118
588,134
881,88
110,29
737,33
313,104
119,128
209,96
404,143
290,84
788,189
906,187
223,38
116,113
508,45
224,117
153,57
846,7
9,22
322,99
838,90
261,78
634,151
724,41
31,2
896,158
550,117
947,165
473,196
34,72
372,50
269,20
453,130
812,117
358,170
538,187
538,200
197,97
370,97
618,92
659,165
753,173
27,99
335,64
849,171
66,76
13,176
771,121
588,37
420,44
855,95
159,157
162,132
610,164
789,159
19,37
542,89
924,4
542,49
76,187
173,119
461,191
795,50
72,85
821,141
284,196
674,166
923,187
129,195
326,157
724,180
55,166
87,119
85,101
639,61
566,171
998,169
903,9
459,117
101,62
454,107
154,145
35,113
970,89
843,198
198,45
78,23
908,28
768,148
178,149
719,163
969,146
800,167
250,101
306,58
919,196
766,23
144,18
207,95
416,91
536,153
972,67
362,175
829,24
276,43
960,193
342,29
748,145
169,184
272,62
648,108
342,80
464,198
530,137
864,147
92,70
654,121
141,121
273,44
122,157
936,56
699,111
237,114
143,82
143,97
18,162
186,81
954,105
103,51
745,137
169,154
119,127
826,129
166,171
262,156
241,14
172,27
2,19
268,137
564,173
456,39
369,197
273,178
880,12
849,107
17,3
60,94
517,108
351,133
893,56
453,92
688,22
990,62
338,65
243,136
545,164
749,1
420,12
573,157
391,86
836,34
731,46
729,186
795,26
172,133
83,106
850,100
854,27
390,183
995,197
709,193
841,137
870,75
732,113
787,82
68,166
984,59
441,176
718,87
112,33
347,68
561,18
371,142
541,196
769,195
833,13
490,53
639,172
407,111
485,11
231,36
718,100
993,136
699,92
658,195
697,25
205,102
989,94
732,109
458,38
571,65
8,138
889,46
513,110
548,187
826,23
820,189
232,194
563,100
467,37
649,177
704,24
555,198
775,22
721,98
69,30
492,116
579,75
14,188
154,17
728,102
342,97
412,188
249,52
120,145
530,123
409,181
558,134
67,199
564,137
864,117
640,184
348,76
517,63
162,173
567,108
482,86
802,154
318,147
385,133
676,66
991,181
255,166
451,151
137,108
398,81
254,89
779,41
802,167
1000,155
703,115
124,102
86,41
908,14
870,76
670,78
539,131
956,71
292,30
162,176
193,88
342,89
531,197
842,23
725,49
968,162
48,87
742,2
555,2
532,11
204,37
712,142
297,187
682,120
719,83
276,154
505,78
463,7
732,30
608,43
326,15
344,159
899,132
684,177
475,85
978,99
442,175
494,123
42,23
893,63
641,97
199,58
893,82
500,15
688,173
6,137
618,174
318,171
39,65
428,79
370,197
302,115
732,111
414,111
932,83
698,179
194,24
952,60
296,68
772,59
166,163
830,87
456,16
296,146
410,162
725,123
519,189
200,9
608,142
84,54
761,185
639,103
491,22
718,13
423,172
188,177
117,74
267,81
353,113
367,79
409,163
468,150
131,147
514,9
106,173
908,164
864,182
532,8
795,105
359,155
884,164
249,155
738,42
460,84
662,37
436,60
112,24
375,95
994,28
834,70
807,91
246,169
238,125
536,22
392,26
415,39
616,4
164,193
148,73
553,58
124,93
652,108
945,146
227,122
872,194
536,23
832,4
495,183
806,7
607,104
554,142
293,191
222,75
414,84
507,21
290,39
720,34
251,10
875,85
758,176
152,19
756,132
631,102
987,124
902,74
637,132
531,115
398,27
126,24
82,189
282,29
96,17
543,64
955,98
87,64
550,2
56,129
418,197
260,124
499,20
489,111
457,12
21,26
982,174
678,93
869,85
849,141
246,117
496,174
473,79
414,23
188,158
533,189
687,5
469,64
796,107
641,145
1,10
375,62
107,40
941,155
806,136
389,35
602,125
735,142
673,42
895,103
722,69
782,10
972,196
31,15
540,99
646,64
817,35
281,161
165,6
297,98
263,156
117,65
241,38
658,60
320,94
146,184
218,113
268,81
809,131
800,17
148,123
291,193
78,77
359,71
429,146
100,172
791,127
203,52
584,185
576,143
706,139
348,107
985,15
504,50
788,34
277,107
385,90
470,92
856,58
500,106
529,188
214,192
914,25
500,184
265,78
435,68
891,51
615,196
894,133
403,181
399,2
436,29
597,28
912,128
293,144
523,8
986,27
67,141
733,108
622,192
833,89
951,52
547,38
863,141
33,82
686,92
507,130
741,108
325,99
818,159
398,21
144,120
496,157
1,162
987,132
391,115
664,52
192,57
587,11
624,134
33,182
368,160
709,76
612,77
485,37
805,7
226,66
580,184
410,89
969,11
20,136
110,83
362,61
498,194
548,16
644,161
711,192
92,12
39,84
993,51
802,22
98,111
729,84
65,45
694,185
981,67
874,190
677,192
752,197
207,141
690,95
613,81
379,4
337,117
86,25
250,125
705,174
241,168
120,93
772,184
594,15
966,184
543,177
728,150
827,114
123,144
284,121
111,50
254,46
712,92
13,77
230,66
561,82
305,168
103,92
763,63
784,44
954,154
229,106
421,154
535,157
757,72
812,29
794,142
468,124
997,155
745,184
342,15
529,139
933,173
545,126
164,178
3,24
830,60
732,179
73,176
756,19
898,120
202,5
585,61
963,78
438,16
145,147
590,131
209,107
437,185
499,187
2,90
823,73
846,115
161,68
43,28
508,61
223,141
720,74
85,162
529,83
645,75
894,111
364,86
421,165
576,123
85,179
47,158
980,32
189,101
857,140
150,27
832,137
301,54
359,195
212,90
463,104
150,176
876,159
642,76
764,170
342,151
477,67
216,86
155,175
802,159
502,15
835,40
200,102
61,136
467,73
684,161
814,135
839,127
322,188
605,43
428,19
493,60
758,137
82,159
921,131
88,69
419,200
639,106
107,142
133,133
634,79
677,195
722,174
386,143
899,149
316,143
421,182
452,133
661,172
743,72
895,45
697,89
661,145
517,6
432,131
261,77
671,115
561,2
335,91
446,75
49,83
598,44
855,90
584,70
639,182
187,186
722,9
714,4
770,17
944,44
249,83
665,151
673,141
910,129
636,162
151,123
592,57
9,130
487,172
633,148
475,94
