b61e3dd11922b17192c04a70193bbee3,89433dea223451db63ca3d28e5d854de,e975f761ed84e98f401b1dd95bef4575,092f6486549ed3efe1acdbafeff28008
ada2a23c16fccfc2ec263839f61513fb,8dcc0dc74409487a953dccc62b0dec60,752eba3f6fe74ad599b1c9b1073207cc,1d2e6434bfd3bc0893a0d06cd2bd850c
e76c4d7b39330f505a458e82b7fb0623,76c6ee9254b667d8f718122517785798,ea6a72738d81a9eeac44d1947e5fbe22,1200380321abb10f44bbb6da7196fdbf
bc4227453dfca268bf45c524dff6921a,99ee025528ea380a38eb4bb50c89d357,1f5b03dcba70580fc87fa763f248fa44,4960f59e98b15759c7b94812902a5536
bea18d94d82e3183fff09b58e063a34a,ec8d77452c495174e86d67a08e1a08f9,2a4b614baf4f44f55167bfb1284c8ad4,81dc05f168bfa24b1f9c3e2fc690963b
c916e738ceee21e1c1a16efd12911570,943ee97c3623cb42ef93ed6afe58a005,7b2d0d2a50c779e6b71077f1f8c4b15a,eca33e3ef01265f6b4dcda8477b966e2
55fc515d0875e49bbc598dff5decba03,cc1875b25a687e756e0dc9a9d13c6b5b,92f43c12bbee97071926f0f0481802a3,3bee551a4c05b3072ab68bd9e4ec128d
3ada95d67d6103dacf63bded3f5e4f05,176e56638c8208adedb984b0e509cf9b,da8e5b441d9d4a8909fe1f32e90473c1,9ac347c3a1eef7e456eb2026ae11a384
f92a779b4f35c23908e124ed4a2d9fdf,78554abe2577b38c537138a89ec7d084,2fb5b0c03f2ba40df6cb83c3b0f459ba,a885a289c04769ff03ddeafe20148688
f92a779b4f35c23908e124ed4a2d9fdf,fcf73fe7abbcbd201fe53a6305742002,2fb5b0c03f2ba40df6cb83c3b0f459ba,5c2d685aeaa92b376c5021355b3a62ac
965e79dcf4874c4ab886ec00e9c12a7d,54808a371696278109559cc36bf52eaf,256d0b35f424fc4e6e1364f7c2ab7c8d,7936c28af644536bff9bd2c36391a507
8100a87be3dd6cd2fcbd11d17df063bd,469b73c4524b893de1d9b36ab846cbd4,19d5fa2496c23e37edba69102f29868c,77586ad1b370a9107ea6a7a25aa7d7d7
bc4227453dfca268bf45c524dff6921a,c809d3a14954b9c8a92e29229560920e,1f5b03dcba70580fc87fa763f248fa44,77645ad407267559c9646b8d2432996b
e76c4d7b39330f505a458e82b7fb0623,40fe30cf1b04bd73be1c423adbd6c6e7,ea6a72738d81a9eeac44d1947e5fbe22,de4c83bab8a513b6cd10895537d8b1a2
3aaf0741a81661e8d04172d19ea74d8f,291cf33a43e9d205b68a7652294b0ff0,77586ad1b370a9107ea6a7a25aa7d7d7,543f7361b9310b3e55a10c9c4569158c
9bf76f70d1ac601d17423d7c577ddf5d,1a79b2602ac4db23b0461590bbebe15b,f8c30f634739591ffe37534f963b2ab1,cfa7c4cf294db0c3274c44724de617c8
e76c4d7b39330f505a458e82b7fb0623,ad46ee8c083a9112eb8e986036b742c6,ea6a72738d81a9eeac44d1947e5fbe22,1acfc1e3ad6755c5ac99d7fca4327490
8b1ae8e6c1bd632fcf4bb0cb710f82e0,9d1c299801be7a008840680b5496cc42,ea4670731529e19b132844eb138337b5,0f005c659d50743ecf8d75384fc607c9
f92a779b4f35c23908e124ed4a2d9fdf,3c8fe521d5e7150e40b19008006ca036,2fb5b0c03f2ba40df6cb83c3b0f459ba,c4de5b749b790bbe4cae89770f38eee8
bea18d94d82e3183fff09b58e063a34a,2fbba30552ceebd3b59032fae7f0c160,2a4b614baf4f44f55167bfb1284c8ad4,52aa8304d0eb5755c468e51478b78d68
59d675a786f3030402aa277d70c6082d,19714b7e56a18e73044a8dad2c6990d5,3bee551a4c05b3072ab68bd9e4ec128d,735d49f612c5985a86fefbc25c40e1ca
92b3677f69817487a08d82f874b6a2cf,e8cb79fd025359ed06b4890881bde250,cfa7c4cf294db0c3274c44724de617c8,8a83f9bad296097c4709a09232f9aaef
f92a779b4f35c23908e124ed4a2d9fdf,bd2c397bea7e6913055c7a6246340bcd,2fb5b0c03f2ba40df6cb83c3b0f459ba,385e2bb0d3705ba50aafda47faad4ba8
eca6b6554875ab52c403c06cd73fa713,757322e8bd3137d7fadf5ee7295ea147,b47ecfff1a1ab300e57d8dcb470633a5,c429495a86b26de36df0b2e93aa90eff
f92a779b4f35c23908e124ed4a2d9fdf,394eff7ea60ace79262b3554b5caddd5,2fb5b0c03f2ba40df6cb83c3b0f459ba,56faab3a6ffcfde008e90ba0b110b098
92b3677f69817487a08d82f874b6a2cf,379b214b150e5c137196b71c9c001265,cfa7c4cf294db0c3274c44724de617c8,45957943abdbc8e75ab0e79bd299cdbb
92b3677f69817487a08d82f874b6a2cf,041c3a08bdfe0913aaab1c4a7b7db9ff,cfa7c4cf294db0c3274c44724de617c8,065c8225e6f3850b8f1b4865df755ad1
649e17afe78da00714f1c27580aa3e49,5bfd968c9852037a2a139f79dfc85c8f,385e2bb0d3705ba50aafda47faad4ba8,b71d9256f93c1067c48980a61d3de152
92b3677f69817487a08d82f874b6a2cf,bf5819c20004bf68234ce30fb030e56c,cfa7c4cf294db0c3274c44724de617c8,6549e87eaa0778c9e40f3fd85188ab86
eca6b6554875ab52c403c06cd73fa713,319f488749ed32aaf9d5da37afe67544,b47ecfff1a1ab300e57d8dcb470633a5,0b6e0b5c9ca0c40528355fbf09b05bd1
92b3677f69817487a08d82f874b6a2cf,a0d30bf371c2d494316e6e6ca76afbee,cfa7c4cf294db0c3274c44724de617c8,e9f928cd473b8c1812c5e14a6f32d350
fb9ad5919473671a1a7db61e683373e9,979725d5f771e567b611763a66858c2f,b44625c0d5f1e2023683873822fbba02,92f43c12bbee97071926f0f0481802a3
a0eaa63505d030ec353b50a8c3ae7028,25b67d5a883bcd2e12eb976789f7f4bc,dea39c6c320a72006a03496ccf8bb335,e5ab27de80093f61db1355b071a8ea05
8100a87be3dd6cd2fcbd11d17df063bd,de2cf8ad2294e3761da58c2779a34652,19d5fa2496c23e37edba69102f29868c,d8eff8000177c14c30fec90840cd24bc
55eab3f51d3ac5db55d5fbd1acc0ed04,f1117ccad3d37361babd60aec79d93b6,7110c331829e3a4d12c820e1364957bf,d23a0ae07b5abf14259d92811aad8465
e4fdd977a1a4633f46a47239d0dd7fb1,2d2a6db8309d0f94b96e427301c6ace6,aeeb8a421734711e88a334df58f4caac,97269d4d23f9c7036f21bdfc72853836
55eab3f51d3ac5db55d5fbd1acc0ed04,e71a2688d494731d9d712754addd3fba,7110c331829e3a4d12c820e1364957bf,7d0fcfec2bdae8ac6b5b92415d8053f8
ae37a7212ded268bb50aef45cd693297,567b46972d91fcb63d732af2aec84674,96d53e0dde3fcfc6e3136299e9c9246f,505767a6b8e84379180c59efc417f3d7
27c18dff5cfe43acf772739cf56d2962,c321645db3af5c46acaaa8a824bc741b,a74178c504fec5fef28bf2d1a3af8092,e6412e716b2421cfbc35142de994bc22
7386f61a87c414861970f0ccb35b4004,ed570844aacb301dff786a18302f1638,cd70d5557347222a10b28f058b50f1ef,a74178c504fec5fef28bf2d1a3af8092
bea18d94d82e3183fff09b58e063a34a,2fe882ebd630c9aeba902628dd369cf8,2a4b614baf4f44f55167bfb1284c8ad4,df90f7b21316b0f5961a9130f2600184
8100a87be3dd6cd2fcbd11d17df063bd,cb27d51fa8030f4c6af402371b793548,19d5fa2496c23e37edba69102f29868c,b1f593011b2d8ea84ce85aff6e43c7e5
8100a87be3dd6cd2fcbd11d17df063bd,dbcbdb7e18ccfd70f66a7926e7591689,19d5fa2496c23e37edba69102f29868c,c5efd5c0cef94c37b58d0fc39715e612
59d675a786f3030402aa277d70c6082d,9ad87b5fbd4d44adfe1db959c51c3082,3bee551a4c05b3072ab68bd9e4ec128d,54aee472348fc0b924d1439b8bdb2499
92b3677f69817487a08d82f874b6a2cf,05ebd01cbb1ba065e52b967af6404a83,cfa7c4cf294db0c3274c44724de617c8,2fb5b0c03f2ba40df6cb83c3b0f459ba
59d675a786f3030402aa277d70c6082d,7e9f102b1bc8e8b0c43592b051aa6689,3bee551a4c05b3072ab68bd9e4ec128d,3fef0e953486739883a1fd44288106f8
bc48705109a9c69f403371d9607caeda,1afb2ef4552a8daae9d49e8aea3d327d,c429495a86b26de36df0b2e93aa90eff,b44625c0d5f1e2023683873822fbba02
bc48705109a9c69f403371d9607caeda,4116c207e6b2d9c1306ffa404ac26189,c429495a86b26de36df0b2e93aa90eff,60b0c43f7acbb9a34350e3aca180a79a
1f21ebe48a00d5bb31ca15289019481c,ac1e7ea1162dc6811c4a9f0e4dad3cd5,7936c28af644536bff9bd2c36391a507,7110c331829e3a4d12c820e1364957bf
7386f61a87c414861970f0ccb35b4004,145d48db5f9312c2228dd4601a27192d,cd70d5557347222a10b28f058b50f1ef,ea4670731529e19b132844eb138337b5
c916e738ceee21e1c1a16efd12911570,2bd0afa9d547ddeef4ab5d498cce89ae,7b2d0d2a50c779e6b71077f1f8c4b15a,256d0b35f424fc4e6e1364f7c2ab7c8d
f92a779b4f35c23908e124ed4a2d9fdf,d8ad3b3b512f12ceb3dbbf1a4c0d300e,2fb5b0c03f2ba40df6cb83c3b0f459ba,9b06e290cef806d541063d72e888fe1c
aded4a0a85c0c44a2ea8cb4a8f3b5a8c,e94c7f0ecc491b4567c704bc83b6a85f,52aa8304d0eb5755c468e51478b78d68,d2002ea8647bcec63917667a6f21a480
39dfd1b2bd6cf2f13e3350523680e07c,b06a7092aecbf5e0213523fddc4b4306,1acfc1e3ad6755c5ac99d7fca4327490,2f977406dd2079eb67eb6d97c8ceb6ab
865f88286c7dd2d104e3608c2cbc0dcf,677c5045b7f73586e845ed918383ed02,505767a6b8e84379180c59efc417f3d7,771bb5f1f5e39a37e812b8d6f8824c86
f8a1c258886e044e3a0e7a7d9a424793,91c00ac97b8333a107177f500980a516,b8872253069abefd40118985b2df6bf4,bf4a8f08c82f7ac6c294a69844f53c36
5b8a88a29c0338ea810165856201b07f,d8064e4a63991fc3e690bb30ac3f166c,e18c4f0a8ec64915defd91643837ca5a,70f0aeadf475714a6648d5bcc04320b4
55eab3f51d3ac5db55d5fbd1acc0ed04,3a08fb78591ea61cb3f4f58181752246,7110c331829e3a4d12c820e1364957bf,252dfd5fd81fa7a5eda0702dfeaa5e75
c916e738ceee21e1c1a16efd12911570,e94aec239647eec34532c40f3d150d8e,7b2d0d2a50c779e6b71077f1f8c4b15a,d75b63e9334fba5cf17befac75230f2e
4694688fc13bfd094991584149367cf7,b0cf3fc7361847a5aced58a3acc3802e,1200380321abb10f44bbb6da7196fdbf,e8140faa7946610f54936f2f06fb439b
fbc704157928611aa6fdf84c020d21f9,da6a51d884460d4237fc6b876d37cc8f,c4de5b749b790bbe4cae89770f38eee8,2a4b614baf4f44f55167bfb1284c8ad4
4deb19b54a5f980b363bb564a7ead109,19d66a71d69afd238d65864c3d5a690b,414997102292a143d9fa1e83a06be5b3,2103d5c31c07be69ab2e2894d2e0ba35
4deb19b54a5f980b363bb564a7ead109,febedc8c9c7d043aa1e6c5601ca3cd30,414997102292a143d9fa1e83a06be5b3,671631055c85925baf8bd4b357d6c258
4694688fc13bfd094991584149367cf7,ddad4567964ae19ca6ecd16bba4dcc44,1200380321abb10f44bbb6da7196fdbf,5b67802568f2295acbf369d66652e2db
fac4bd53746abb34f7729d553eaa44c7,123049f4dbc78fe05cc8c6329d97771f,5b67802568f2295acbf369d66652e2db,857de1acc8e8023c7312ac1f0055df2d
92b3677f69817487a08d82f874b6a2cf,a4984830e03e661aea30daf65198dedf,cfa7c4cf294db0c3274c44724de617c8,00e9909ef77039a24df0ed2fb080c40d
ea72c6073a3fd06ed442e19c1b1f6ac3,80d21a89017cb276db55000a6f50ec99,81dc05f168bfa24b1f9c3e2fc690963b,b47ecfff1a1ab300e57d8dcb470633a5
37239a9a6a18f9e25a00fa70e907f372,2448a23bdfe39cb096b4337c8a380b4a,671631055c85925baf8bd4b357d6c258,2e49dfe667fbc36391f512301fb67cfe
0d15c76a985c1cc2a4f87cbfb5256408,261805bfee4410c428637ef28bb0b6ef,4dfd0603d6a21d6506a89fee3e46a6f3,4dfd0603d6a21d6506a89fee3e46a6f3
8b1ae8e6c1bd632fcf4bb0cb710f82e0,7dc2e02dcf7d69d24989e72557752a2c,ea4670731529e19b132844eb138337b5,b4b4f89c81c3412381672a582919478e
f92a779b4f35c23908e124ed4a2d9fdf,4a8d7f4f03a1af079ccd5f6f1733bae6,2fb5b0c03f2ba40df6cb83c3b0f459ba,c77167c60f37811515803f37d7e127a4
5b8a88a29c0338ea810165856201b07f,98480bb67934793f228733ea84e8e813,e18c4f0a8ec64915defd91643837ca5a,8bce384ae9bca5d6b4d773b5ddf52c2d
f92a779b4f35c23908e124ed4a2d9fdf,7f29c6640eec323131f1988da4820523,2fb5b0c03f2ba40df6cb83c3b0f459ba,96d53e0dde3fcfc6e3136299e9c9246f
f92a779b4f35c23908e124ed4a2d9fdf,c090d63430973d94ca7a42918b4684f0,2fb5b0c03f2ba40df6cb83c3b0f459ba,008433b937f2512f53958531950df158
f92a779b4f35c23908e124ed4a2d9fdf,d75cf58b9888839a988a5f89d775e189,2fb5b0c03f2ba40df6cb83c3b0f459ba,414997102292a143d9fa1e83a06be5b3
f92a779b4f35c23908e124ed4a2d9fdf,48a19b1ce6a5e1a823c6abaf6c0565b2,2fb5b0c03f2ba40df6cb83c3b0f459ba,bb6d7a4f09c57d945f6280c8d7c05834
f92a779b4f35c23908e124ed4a2d9fdf,1a930dddbf474e57206051ca4ae7090e,2fb5b0c03f2ba40df6cb83c3b0f459ba,dea39c6c320a72006a03496ccf8bb335
f92a779b4f35c23908e124ed4a2d9fdf,1f1526b2cf38e0cf6dad5d6553abb8a1,2fb5b0c03f2ba40df6cb83c3b0f459ba,ba70b7351b0ce396bc58bbf7df935463
0244c69f3bd26996b5ff011f9f0b8318,4bfa078cac34dc5f933baad14f716517,0b6e0b5c9ca0c40528355fbf09b05bd1,7f11905823169f31dbd3ac100209c7c9
bc48705109a9c69f403371d9607caeda,87a994838c3fd76745ef0a3c816b8bcb,c429495a86b26de36df0b2e93aa90eff,cd70d5557347222a10b28f058b50f1ef
63e001804c5989ed45f26fc649092051,3adc79095faf541da4fd0baaf4b00135,00e9909ef77039a24df0ed2fb080c40d,fee28290db1dc4024c82374fa26266b9
4deb19b54a5f980b363bb564a7ead109,a3e7ad53e07e803a729bba148d46aca2,414997102292a143d9fa1e83a06be5b3,ea6a72738d81a9eeac44d1947e5fbe22
92b3677f69817487a08d82f874b6a2cf,ecc59f4e6f81778883d03b370e105193,cfa7c4cf294db0c3274c44724de617c8,8631cf5c0122c3ed462e0523800c37b6
92b3677f69817487a08d82f874b6a2cf,dbe4d7f2bffa0a52edfcdf8d440373c3,cfa7c4cf294db0c3274c44724de617c8,eaaea64ba255bef0d431e8af6b29bb16
e815282a5b9d287d87b36c5c28f6ba89,bb94e99b4c91bad2fe858e2c70dbf69a,7bf45c701bb29d91676c56429b41675f,7bf45c701bb29d91676c56429b41675f
5ec885581a20fff466d6618eaf23ae41,464c7291ef6b4037dd7266846092666c,ba70b7351b0ce396bc58bbf7df935463,2aaedca3ef60a4aa4ac71bdc27926e36
e815282a5b9d287d87b36c5c28f6ba89,7aa10292cb8af6ea19f3de3ea5c07a03,7bf45c701bb29d91676c56429b41675f,752eba3f6fe74ad599b1c9b1073207cc
d3abca69fa7c157c6c060b16b96d6771,e38e51dacb8e26bdb281414f6a3b2caf,b597485d99faeabb0cc8a894af9a31ee,e152b2e6cc6ffe29aa0391e0eca38b3b
92b3677f69817487a08d82f874b6a2cf,c80fdedc46f5fd136e7df2e9e1225dd3,cfa7c4cf294db0c3274c44724de617c8,f8c30f634739591ffe37534f963b2ab1
6ed8f20e27d230c85a07f770a50f3757,71bb18edbb7656f214fdf61eeee5d029,eaaea64ba255bef0d431e8af6b29bb16,11212ef42732bc43739cb4cdc57a01a3
8b1ae8e6c1bd632fcf4bb0cb710f82e0,ac06081cf6ffa50e3f88d8630f6570d2,ea4670731529e19b132844eb138337b5,e18c4f0a8ec64915defd91643837ca5a
896ff9440b997cde17b42d99a1c7c405,fbd1f2444e28ea07020b5e5738bcf424,d23a0ae07b5abf14259d92811aad8465,61141bac00940db9dbc0da0be6b39b1b
8b1ae8e6c1bd632fcf4bb0cb710f82e0,cf21782975c30c9dcbfdf23992bc2696,ea4670731529e19b132844eb138337b5,c705d217752dd50bf1d1ffdbf66971ed
8100a87be3dd6cd2fcbd11d17df063bd,65f4f562c20edb1a6a442b5a7b6fd95c,19d5fa2496c23e37edba69102f29868c,ae45ae406ae9b350adfd4ef974922dfd
5ec885581a20fff466d6618eaf23ae41,d8e7facbd13a5d532feb653607ed8f73,ba70b7351b0ce396bc58bbf7df935463,6f91fe230c9b1e7a14082312a0fd2aea
f392703093e29cccf032614512f67fb0,e9252fee8c8c4afbd684806ddfca251f,56faab3a6ffcfde008e90ba0b110b098,3c04f322775119fd3919eb85c7c67509
74d1cae9d00673f6f27d8cc0d86dde3d,98712b7c10501d224f148417191024f1,bb6d7a4f09c57d945f6280c8d7c05834,7b2d0d2a50c779e6b71077f1f8c4b15a
4deb19b54a5f980b363bb564a7ead109,c020a696448060faf2ad6dc54c72702a,414997102292a143d9fa1e83a06be5b3,aeeb8a421734711e88a334df58f4caac
2f0ad16b4434ac901acd6c6c585c0ead,62df837a451472d8b7f4aaab6931e591,008433b937f2512f53958531950df158,e6d4482664022e44fddc811d93d9b8d4
db3e298f81b505c43239c3b7300363b6,67d3275cfaf4648a7d8ef7f42fa99548,9a88d70a0e8fd7151f1dbf52a25d9689,05d5914561e9f02968d3a7c3a35ea8f1
8100a87be3dd6cd2fcbd11d17df063bd,a32e8304db39bdc85bde2966673608b7,19d5fa2496c23e37edba69102f29868c,1f5b03dcba70580fc87fa763f248fa44
f8a1c258886e044e3a0e7a7d9a424793,2f80e6dc069cea2ec88689d85eb9fa4d,b8872253069abefd40118985b2df6bf4,b597485d99faeabb0cc8a894af9a31ee
bea18d94d82e3183fff09b58e063a34a,f00c06c60c0cb3d258dccbd91c189496,2a4b614baf4f44f55167bfb1284c8ad4,19d5fa2496c23e37edba69102f29868c
4deb19b54a5f980b363bb564a7ead109,503325a6d73f4db02d1e359ec5198e34,414997102292a143d9fa1e83a06be5b3,b8872253069abefd40118985b2df6bf4
9b84cb42e2acadf5c10bb0d317df022c,c63092037b3e26b6e8dfda29a5f1df5a,97269d4d23f9c7036f21bdfc72853836,9a88d70a0e8fd7151f1dbf52a25d9689
bea18d94d82e3183fff09b58e063a34a,8c4a1157209018c4f740973bb1ae32f2,2a4b614baf4f44f55167bfb1284c8ad4,23c538dae3f1775457677d4aa3b4005b
f92a779b4f35c23908e124ed4a2d9fdf,08b71928184c5548d9af5307ca80fae6,2fb5b0c03f2ba40df6cb83c3b0f459ba,da8e5b441d9d4a8909fe1f32e90473c1
63e750a3f3da6cb349f57ebfdaee5202,2b84af52944f8d51749e133529a7cf86,61141bac00940db9dbc0da0be6b39b1b,e1189046aeb9ae4af0e4a924ca5e9693
bc48705109a9c69f403371d9607caeda,aa7dd522bca3f2afbcb983034df5e7e0,c429495a86b26de36df0b2e93aa90eff,65c2c66d1507fd53dd24e2a6bc41ce27
f92a779b4f35c23908e124ed4a2d9fdf,315ed8bc5fc9fe8de83601098d0455fb,2fb5b0c03f2ba40df6cb83c3b0f459ba,72b12e887578c2f95db946e4661f5866
d325be35ea3e88ef70bd49e6c156ce01,583d65c9b492e56a92f496f3e500376e,23c538dae3f1775457677d4aa3b4005b,54549b64b7c336bdd1e339cff4bd44c1
e815282a5b9d287d87b36c5c28f6ba89,7bd86a737ba1ce7564f9aa336b0bd066,7bf45c701bb29d91676c56429b41675f,ff7f9f6a602c26299b58e44166da22d2
16f6f7be5e5d0cd8a02d63c2dc578c21,d41c923d69e663016438ff4b207e6d56,2aaedca3ef60a4aa4ac71bdc27926e36,5a9d0872e6c7f63c8171328c1c05f6fd
63e750a3f3da6cb349f57ebfdaee5202,32d972bf01d1ee949a5c7977505b7c9e,61141bac00940db9dbc0da0be6b39b1b,fa0d226aa318234184b30d0c1a8798fa
d3af443f952babd35ae24017c2b03bae,ecca3a6e778fca650364b25c11892bd1,2103d5c31c07be69ab2e2894d2e0ba35,699762538d11edb282b6063e3ae00d6b
63e750a3f3da6cb349f57ebfdaee5202,d636b5902715c164d76b69609684bc1a,61141bac00940db9dbc0da0be6b39b1b,d6e9ecb33529684875b2d02a813612f8
a0738aa2b3905559823fb5d9ab198387,18fc2be66d9b620c19714a0b533dace0,3fef0e953486739883a1fd44288106f8,4feef3c0656db7155afc87739174bcfd
a0738aa2b3905559823fb5d9ab198387,92821add3dbde5651ab9ab5d2a5f4742,3fef0e953486739883a1fd44288106f8,bf729e12a1c6d066d255d764b85e6d6f
a0738aa2b3905559823fb5d9ab198387,47f9f6cefcd4759c68dc99f8221909bd,3fef0e953486739883a1fd44288106f8,071b4ab4360173fec381d142bdf840ab
8100a87be3dd6cd2fcbd11d17df063bd,da44e9f4963330e14d7e1edae9a275ac,19d5fa2496c23e37edba69102f29868c,a63e578a2036eb2f3286fd26702eaa91
c14a8f12b114b8a3c8d20fba1adea7c3,9c6abb674f46ff6f78a7d769ae148339,b1f593011b2d8ea84ce85aff6e43c7e5,fa41b433ce291e3e9f180ab834520365
ae37a7212ded268bb50aef45cd693297,d54e897fc1b6aa3657448f1a8487163e,96d53e0dde3fcfc6e3136299e9c9246f,452b84f905849e4e6b09c4bb58d9c2b0
8100a87be3dd6cd2fcbd11d17df063bd,1e484cb36cab523938189a4db6f05533,19d5fa2496c23e37edba69102f29868c,6a34e4219b4407d3bf42c80bb63ed26f
bea18d94d82e3183fff09b58e063a34a,fe1d8eaf1056075b2ad24ffabb59aa3f,2a4b614baf4f44f55167bfb1284c8ad4,6a9d494082cdea495c5f10af571e14a3
bea18d94d82e3183fff09b58e063a34a,6122c6ddf9cde4351b54a14d7220ff98,2a4b614baf4f44f55167bfb1284c8ad4,de65d609d2fdc522a290468d4e048180
8100a87be3dd6cd2fcbd11d17df063bd,8c053033dca9a92bc6119772c0851e96,19d5fa2496c23e37edba69102f29868c,04f491b07c559e69ab78d26b77381402
649e17afe78da00714f1c27580aa3e49,ba8e63b24b1a6582abbfc85907c74f2a,385e2bb0d3705ba50aafda47faad4ba8,f59342d4075d701777a32e9415295539
59d675a786f3030402aa277d70c6082d,01b6be787430e593e821f0b327111ff5,3bee551a4c05b3072ab68bd9e4ec128d,65d0d1cd809556feabe7feebd9148930
bea18d94d82e3183fff09b58e063a34a,5dec92bf788b4e94d2d958acfec6b4d8,2a4b614baf4f44f55167bfb1284c8ad4,c696719f53f3bbbcb33a3444d0b70271
bea18d94d82e3183fff09b58e063a34a,f5a5be4fcf16d94337b077fc1a15a821,2a4b614baf4f44f55167bfb1284c8ad4,60f53d8f94005584f7cc87759a692ef5
bea18d94d82e3183fff09b58e063a34a,64d2d039c79b06af638eff67dd8e5cb2,2a4b614baf4f44f55167bfb1284c8ad4,b6caeb1477eb87305309c3e03d9357e1
f8a1c258886e044e3a0e7a7d9a424793,e6f163e9d5afab729a594bee4356e91f,b8872253069abefd40118985b2df6bf4,417128f1be22192ac47de057011d49f7
74d1cae9d00673f6f27d8cc0d86dde3d,2de1515fc9dbe96a0547189248960539,bb6d7a4f09c57d945f6280c8d7c05834,6241fc407a780738d31eeeed32f1d718
893799181e27658e52be0f9a0280825b,10434abfc5e9f0d24ff414c792021802,8bce384ae9bca5d6b4d773b5ddf52c2d,a945098de4e3ba07a60aef9313f85c70
8100a87be3dd6cd2fcbd11d17df063bd,a318ec90cb2c56c0ad25f10d8b194476,19d5fa2496c23e37edba69102f29868c,5ec5b3dc1c270e7272c766c9e71e3969
bc48705109a9c69f403371d9607caeda,f71cb4f3b3b93c4ddc5dda7fb0f92385,c429495a86b26de36df0b2e93aa90eff,9312a0ba6f7214b1403f9ba9e981f6ef
7cb6fb7fb92774bfa033dd81ca51da1b,b622439efaf7c890d36d6b8b7c6ab233,771bb5f1f5e39a37e812b8d6f8824c86,27c198ee928ec5330f7cc1595465c6b3
4deb19b54a5f980b363bb564a7ead109,07afe55cefb854be509dae4c511f2f7c,414997102292a143d9fa1e83a06be5b3,b187ee8686c805ca65b6eece4c44f9ee
bc48705109a9c69f403371d9607caeda,ab01f63368c078fe597390f18871a3eb,c429495a86b26de36df0b2e93aa90eff,5154f472c021ce31ddcc6bbf10ffd705
8100a87be3dd6cd2fcbd11d17df063bd,50d11e3c73165879190b43ef1bd14c85,19d5fa2496c23e37edba69102f29868c,52b60e768facfd7f0e344a1073e16e94
0d15c76a985c1cc2a4f87cbfb5256408,6e60383b456ad29a160e225e9b65046e,4dfd0603d6a21d6506a89fee3e46a6f3,90a177556f848c57284edb0249cf54df
c916e738ceee21e1c1a16efd12911570,aa526bd7da6268456a23da962cdd2e5e,7b2d0d2a50c779e6b71077f1f8c4b15a,1a88b154d717a450d0791eec783f7415
8422b14bfc3eb6e8d92f438616b08640,047c6fc7b460d250af7e0fcf2660f394,77645ad407267559c9646b8d2432996b,5f7eaf57fed74f8b5480a26177a37172
f92a779b4f35c23908e124ed4a2d9fdf,f19f78f17bea147dc4849ea18bfe0f99,2fb5b0c03f2ba40df6cb83c3b0f459ba,a7f76937997cf83817c53e07441a65d8
bc48705109a9c69f403371d9607caeda,6d19ac6b266aa43ea4e91586d9108b55,c429495a86b26de36df0b2e93aa90eff,e85dd960cb6989a2cd8f165ae29d37f9
ada2a23c16fccfc2ec263839f61513fb,d1879186bcc507c7d66fb0e4aab25231,752eba3f6fe74ad599b1c9b1073207cc,bcc4108660a22087df7c2f23982268df
f392703093e29cccf032614512f67fb0,6b0bbf55a16a94bf675a1dafe5e34fa9,56faab3a6ffcfde008e90ba0b110b098,11f90765efc03dee98f2887c7646fa8c
63573eba04ba719263a54db4ae2a7a6a,accb537239b7fc4e767453af62440c36,e6412e716b2421cfbc35142de994bc22,45bcf7d4d058c7e990bc2d0d669ea643
d3abca69fa7c157c6c060b16b96d6771,408dc4db6374301d41a793b37ec529e6,b597485d99faeabb0cc8a894af9a31ee,26895d28e0b02bd975c6456c8cb575a7
7386f61a87c414861970f0ccb35b4004,352009be1faf13efff62c8a73f691210,cd70d5557347222a10b28f058b50f1ef,85bdbd506f20b6102c757991dbfc5db2
eca6b6554875ab52c403c06cd73fa713,84d5f7365d0980438427fe459aca76a2,b47ecfff1a1ab300e57d8dcb470633a5,9aeec2e24955c46055e69244dab6429a
0d15c76a985c1cc2a4f87cbfb5256408,bff8b1bf541f37a28e3e1ff6ac78ae71,4dfd0603d6a21d6506a89fee3e46a6f3,643c74a016fe634c7b5a06e62e4cdff8
6de7f5e08d74ba5d0772afc58373f6b3,be3565ffcdc7e66b24936fc2190dde89,543f7361b9310b3e55a10c9c4569158c,65f212500feeb31ebf9bac24acfd01b1
bea18d94d82e3183fff09b58e063a34a,3e0946cfae50394c7751a6352afcfd84,2a4b614baf4f44f55167bfb1284c8ad4,0f0a1e6a641dfd529b6d069c4390cb75
8100a87be3dd6cd2fcbd11d17df063bd,1a9035db4f0239548497c1510af948b3,19d5fa2496c23e37edba69102f29868c,7e485d8444b55a2276f16bf829b6cf52
7386f61a87c414861970f0ccb35b4004,f6646b1c3a918217031c024bb9c9826e,cd70d5557347222a10b28f058b50f1ef,6673627d80e7ca68ab675b89f255c2d8
bc48705109a9c69f403371d9607caeda,81e41800498115496020445f6ab48068,c429495a86b26de36df0b2e93aa90eff,22fdecc1705268fc2c4d30efd5fd94ff
eca6b6554875ab52c403c06cd73fa713,c02de62d9137db0e643121dd8d1d42a8,b47ecfff1a1ab300e57d8dcb470633a5,82131021f373ad38b0fa2eb09be8afab
bc48705109a9c69f403371d9607caeda,c8af1654f64b46fbdbebe2a9259b40c0,c429495a86b26de36df0b2e93aa90eff,fa804db3a22baf2322ace15cf05e4844
63573eba04ba719263a54db4ae2a7a6a,f03d74b1a55364cba094e2738d567c54,e6412e716b2421cfbc35142de994bc22,f6e42c56c451aaf803c447f2798901e1
59d675a786f3030402aa277d70c6082d,2563d059fd31fe882db72919f10c1ca5,3bee551a4c05b3072ab68bd9e4ec128d,dca8870238f7f46ff5786476d5f37c42
fb9ad5919473671a1a7db61e683373e9,7506777ff20035f51d5197e894021b0d,b44625c0d5f1e2023683873822fbba02,1dcfffe6499b05366cf523d5fe4780b6
c916e738ceee21e1c1a16efd12911570,3f5e705f69edc05edba37ff9e0af18bd,7b2d0d2a50c779e6b71077f1f8c4b15a,c211ec0d338ac8ba29b9632182dc182f
f92a779b4f35c23908e124ed4a2d9fdf,b41c699406d1a28e34f010e8fbabc7ed,2fb5b0c03f2ba40df6cb83c3b0f459ba,bed26695b30d978b86e5304788bdc62c
59d675a786f3030402aa277d70c6082d,541d4d01547ada1ab66a7f8a88350bae,3bee551a4c05b3072ab68bd9e4ec128d,0aef64cd97ad6b39acb1009adc27e0f1
bc48705109a9c69f403371d9607caeda,dd37044cf81346d219983b9d2cbc0a0a,c429495a86b26de36df0b2e93aa90eff,294486d95e6831e55f1ef0064389accd
ea90ceb208bab353d3271132a6ec3e28,b55693bdab9099207a7f1a19ae686dff,7d0fcfec2bdae8ac6b5b92415d8053f8,afec876b08a1dc42794105362d632f0e
63e750a3f3da6cb349f57ebfdaee5202,4a770556c1dccad141b5e1071edea775,61141bac00940db9dbc0da0be6b39b1b,8c496fcd4efc2eb2327e69c8b83a2ea0
f92a779b4f35c23908e124ed4a2d9fdf,071f4c3dfb452c6d5a361502daf63cf8,2fb5b0c03f2ba40df6cb83c3b0f459ba,7275aab4f765cdcbf49918ac9d74ee75
f392703093e29cccf032614512f67fb0,69ce30d43d0047b90ca18849db9b220c,56faab3a6ffcfde008e90ba0b110b098,7f9951cf513a5f1f1c9b9b2cc04ac10e
8100a87be3dd6cd2fcbd11d17df063bd,2f3ae41985a23cbc68a1f8bf747455f9,19d5fa2496c23e37edba69102f29868c,40d51e8c7e00d48feab67ee2cd1eadc3
965e79dcf4874c4ab886ec00e9c12a7d,eac0c456852ed09e9e7dbc628b576f50,256d0b35f424fc4e6e1364f7c2ab7c8d,b35e6211e22d60e17b72125bba2258e2
e464d88625633c85f0872e930bda8b69,ddd34a5cee542ec92bb354778eda8740,e6d4482664022e44fddc811d93d9b8d4,4512e5b9a202d5fafb82a6c1b6fb5e9b
bc48705109a9c69f403371d9607caeda,838fc068723723731def90c451417a0b,c429495a86b26de36df0b2e93aa90eff,d6ffa15667b915fc90b902e91c2204f7
f92a779b4f35c23908e124ed4a2d9fdf,69f7f0df9e67c99c140025986cd15600,2fb5b0c03f2ba40df6cb83c3b0f459ba,be258561a838be9926e9940ba829fac5
8100a87be3dd6cd2fcbd11d17df063bd,d8c705f18249992b60fd6af84e1a1426,19d5fa2496c23e37edba69102f29868c,83493801dd0f8fc67f9f72f5f1762a84
8100a87be3dd6cd2fcbd11d17df063bd,75f92034b0849650f88cbc7c0a939f77,19d5fa2496c23e37edba69102f29868c,27cfa4a9347cb2c5f26b9a40ddfe3f81
eead519f9adf9485e0da2b7147cbe42a,c25b6207300cd05113ab03943ab135ad,735d49f612c5985a86fefbc25c40e1ca,2efb631210b05257eac38462307e98d9
c916e738ceee21e1c1a16efd12911570,cda90202d14edcb8ce6b76960b0361d1,7b2d0d2a50c779e6b71077f1f8c4b15a,a3449e03f3650b2f45a979dcbfef4d4b
ada2a23c16fccfc2ec263839f61513fb,926d759282068dcb01f7537082ee7e4c,752eba3f6fe74ad599b1c9b1073207cc,e49f79aa44f2d47bcf5bd3ae8ccbc0ea
4deb19b54a5f980b363bb564a7ead109,5120af88b3d600f51ec045de685b45ed,414997102292a143d9fa1e83a06be5b3,b84fdd915dc99efb688f822be50f0cda
92b3677f69817487a08d82f874b6a2cf,36ad17b54549d7b70546b21e8ee1a641,cfa7c4cf294db0c3274c44724de617c8,695b6e14c66910e9b0b2e7b781d69e7e
a0738aa2b3905559823fb5d9ab198387,c4eacfac35cd5496d0a1ca6d2e214f84,3fef0e953486739883a1fd44288106f8,55ea7b50e715f9018e971890a3e70e3a
8100a87be3dd6cd2fcbd11d17df063bd,89d03f497b03bce6f459dcf307945add,19d5fa2496c23e37edba69102f29868c,f7df1fc878a18f9b406ce4d8110038b5
fc31981f05e76956d13efd0eefb1f770,198e5c14acd51d3260270bf7b564c0eb,5c2d685aeaa92b376c5021355b3a62ac,a2aa7b4010e299d402e4287dbccff0f7
8100a87be3dd6cd2fcbd11d17df063bd,d701e75a897829b101b0d50ffd0f58e9,19d5fa2496c23e37edba69102f29868c,3ede5f89d96d075181c438970f16ebd0
bea18d94d82e3183fff09b58e063a34a,7e4ee079ed277f6d7254ece41cac1c85,2a4b614baf4f44f55167bfb1284c8ad4,90900c7ba3f251c3c219320eac79cec7
92b3677f69817487a08d82f874b6a2cf,82741f2ed6170e583f5efe792c45491c,cfa7c4cf294db0c3274c44724de617c8,5d56e6b3c87b37f5b39cf13cd145d25a
92b3677f69817487a08d82f874b6a2cf,26dce959b03e6923d49736671dc5d1f6,cfa7c4cf294db0c3274c44724de617c8,ee17eb81b6b0605021ba9ceaeec333ff
f92a779b4f35c23908e124ed4a2d9fdf,cd6968d8f04bdf9a1cb812eabe2d1cce,2fb5b0c03f2ba40df6cb83c3b0f459ba,0d16fd2b52ee78825dd3f71f69b1f958
4deb19b54a5f980b363bb564a7ead109,274eb3cad7328bb732662af476ac0de2,414997102292a143d9fa1e83a06be5b3,beca453cc6d007058c417616bcee7449
bc48705109a9c69f403371d9607caeda,614fd8a7127085abe35dfc6a2770caf1,c429495a86b26de36df0b2e93aa90eff,0dcd4eeaef82525979a6f2660022412c
db3e298f81b505c43239c3b7300363b6,2cc15afb41dad528494823fbfed8d5c0,9a88d70a0e8fd7151f1dbf52a25d9689,77152d4f7d13e85ef899761438b71f3b
f92a779b4f35c23908e124ed4a2d9fdf,f6c0a36f0eb55a37fa2ed327e507e30c,2fb5b0c03f2ba40df6cb83c3b0f459ba,43e587128fd3094be7bd2ff61a316c7d
eead519f9adf9485e0da2b7147cbe42a,9bda83d23d9d594fd901f3df64157104,735d49f612c5985a86fefbc25c40e1ca,0b6ba92678ddf2a9b1a31e3f0856cc9f
f92a779b4f35c23908e124ed4a2d9fdf,daf9a097a2b8262f9b8acde423ca4819,2fb5b0c03f2ba40df6cb83c3b0f459ba,a19d8851e494969af79491385eb24188
63573eba04ba719263a54db4ae2a7a6a,460014cdbf64679b8492066aca73ebac,e6412e716b2421cfbc35142de994bc22,de6dcb4ef4f09b5046e262014c1822e6
bc48705109a9c69f403371d9607caeda,176b7c953cf72d90a2d20bc734dba514,c429495a86b26de36df0b2e93aa90eff,c51fdbcb6e8ecdcd530d4bda14b01114
b5f8f3b93fdcb49290ecd917f1e2f652,c8fe35da59d25fca1a7aa97ff44944e7,2e49dfe667fbc36391f512301fb67cfe,14431c1e0df698ed8793438c3fbea95f
db3e298f81b505c43239c3b7300363b6,52fb3afdc8629143b04d85a14a52172a,9a88d70a0e8fd7151f1dbf52a25d9689,7668a85732deaeab41ecf504b52168f7
bea18d94d82e3183fff09b58e063a34a,8ec7194f433e4fad8103ccfb56aa6c33,2a4b614baf4f44f55167bfb1284c8ad4,3a6e098d55d60384809be089c1b22fa3
965e79dcf4874c4ab886ec00e9c12a7d,3be6b941455ab39eb7b732c419c232d8,256d0b35f424fc4e6e1364f7c2ab7c8d,0df79b32418303409f35147a0f6ee9be
965e79dcf4874c4ab886ec00e9c12a7d,2f347a0474afa0d4e874a8b74f0ea8ff,256d0b35f424fc4e6e1364f7c2ab7c8d,3a915aa26de87d20fea16010184cbd23
965e79dcf4874c4ab886ec00e9c12a7d,cddc02fdfe65bb8a48a30e451552bb8b,256d0b35f424fc4e6e1364f7c2ab7c8d,ce36a6c1b8d10d955d6cd58613f26ddc
3ada95d67d6103dacf63bded3f5e4f05,9476848b84db0c67414307adc267474e,da8e5b441d9d4a8909fe1f32e90473c1,7fcb574fce50ddf65c1c724f59152041
bc48705109a9c69f403371d9607caeda,969dd924fd26fb8eb42e6558efec2193,c429495a86b26de36df0b2e93aa90eff,9bbe47c129539ed67c895170369d865d
f92a779b4f35c23908e124ed4a2d9fdf,66fe53d46cb1961db654c9502b1baa79,2fb5b0c03f2ba40df6cb83c3b0f459ba,ab5c6222d0b19c0c3d72fda0dac97196
63e750a3f3da6cb349f57ebfdaee5202,8c1e345a0a8deedfdec80790c225c128,61141bac00940db9dbc0da0be6b39b1b,a2ce98541af30013a95b71e27b807e76
bc48705109a9c69f403371d9607caeda,de02f876adbed2e3d0a38def00536765,c429495a86b26de36df0b2e93aa90eff,50275cd72962faeb02ecde2cb6caa734
f92a779b4f35c23908e124ed4a2d9fdf,ce1571f3d5ab3a987574c0db9f082a40,2fb5b0c03f2ba40df6cb83c3b0f459ba,ae5e6caaca529112e02e0641ea16ae1a
bea18d94d82e3183fff09b58e063a34a,265f494a98c055b93ae475cc76381e9c,2a4b614baf4f44f55167bfb1284c8ad4,fbf1d5fa05a37a9f57ec81c8dfc77f38
bea18d94d82e3183fff09b58e063a34a,7010a344e20b91dd2d7c251cebbc0d06,2a4b614baf4f44f55167bfb1284c8ad4,97efb59454b119ad0b6e30ff5d2c0410
2f0ad16b4434ac901acd6c6c585c0ead,773337fe3cf4c44f9d4c73f9436c56e1,008433b937f2512f53958531950df158,74766b727578e300901975048098831c
92b3677f69817487a08d82f874b6a2cf,5475d7d43c671221dab089d6e925a3e7,cfa7c4cf294db0c3274c44724de617c8,54c02f0951a166806505e334da51abba
0244c69f3bd26996b5ff011f9f0b8318,7c3a6a35115536a8eb78085736fbacb8,0b6e0b5c9ca0c40528355fbf09b05bd1,17c15cc46262afe84f89198a81f79fff
0d15c76a985c1cc2a4f87cbfb5256408,bd60acbfc53387838a3bc197c5538fd8,4dfd0603d6a21d6506a89fee3e46a6f3,d42023480c2046507af6c4e824ae0a0c
0d15c76a985c1cc2a4f87cbfb5256408,1d92d3b29f99520a87b0dd09118e27cf,4dfd0603d6a21d6506a89fee3e46a6f3,b9de41ab60d514cbe4a56c5bd072c314
4deb19b54a5f980b363bb564a7ead109,84bf5933cb2ae77ca193f5443c9ccdab,414997102292a143d9fa1e83a06be5b3,30de121647ff5c0353d862a9acd86438
0d15c76a985c1cc2a4f87cbfb5256408,40f62b8a242d42091eb58c0f153cbae9,4dfd0603d6a21d6506a89fee3e46a6f3,f5ee5d6ab7d56bdf78cb705f63dd296d
4deb19b54a5f980b363bb564a7ead109,0aade3c3fe8bc8a69bc69fd6b077d914,414997102292a143d9fa1e83a06be5b3,4c07afc1e322a12e9c047d391d920820
c916e738ceee21e1c1a16efd12911570,35911ce766f678f2d9069f8af5d35cba,7b2d0d2a50c779e6b71077f1f8c4b15a,e374a7dcdf1223af93662481438c4761
ebde420b1aac5334d30ff315acc3168b,270e31458135605046f71e67b3ecc134,e8140faa7946610f54936f2f06fb439b,dea5196a639fb1f5d91965ace841ebeb
965e79dcf4874c4ab886ec00e9c12a7d,780b07a08352dc3b7f1b2b588efb16ab,256d0b35f424fc4e6e1364f7c2ab7c8d,8e6fc062e6f9af71388d68526bd76de7
7386f61a87c414861970f0ccb35b4004,51018e84fa4dc9ad60069be7dd5584ae,cd70d5557347222a10b28f058b50f1ef,67ad6b24f8de39e6cf08b56008d6e370
965e79dcf4874c4ab886ec00e9c12a7d,c7fa68fa555af986969e0e75c8325220,256d0b35f424fc4e6e1364f7c2ab7c8d,967aff7f1d812e5e1a2fb309b6b7566e
965e79dcf4874c4ab886ec00e9c12a7d,d29d405a79eae864a650582fbbdd32db,256d0b35f424fc4e6e1364f7c2ab7c8d,f0009ba7d27927613428c691e63d7124
965e79dcf4874c4ab886ec00e9c12a7d,540c410c69e66c7351ea13ecf95573a6,256d0b35f424fc4e6e1364f7c2ab7c8d,3774d8eac71dfb655086351accf6ee79
965e79dcf4874c4ab886ec00e9c12a7d,61860a41074a475266f919d52c9c782e,256d0b35f424fc4e6e1364f7c2ab7c8d,fced272e51376f2104a9e229878f9355
fc22293d1d342a7610c7a4ec89dc2769,cf01f3d0e4703421727a71f855bb42f2,e152b2e6cc6ffe29aa0391e0eca38b3b,00ef9b9cc527fb7b9dd3fc112b10b411
f92a779b4f35c23908e124ed4a2d9fdf,3ba26c2db06eb626929f81209e9d8c7b,2fb5b0c03f2ba40df6cb83c3b0f459ba,f2f361ecdcc0af2c8e743a3132be0a98
a0738aa2b3905559823fb5d9ab198387,d193b6681f7bda0c53584e7915ae6387,3fef0e953486739883a1fd44288106f8,6f245a8a6c19154c04aeaec25cbc1e3c
64f582552a400cc4b0cffc54d69367e4,30f2286a05b3c728038908ae26c1b631,2f977406dd2079eb67eb6d97c8ceb6ab,9010e625079c64d0612e2bf22a5285d2
8422b14bfc3eb6e8d92f438616b08640,272bb7db7a4a1ca0948f0c8c4877ac90,77645ad407267559c9646b8d2432996b,50804dd88fd874fbfe9fbc1d63c73b95
74d1cae9d00673f6f27d8cc0d86dde3d,5c2772f8ba6af6c6d8edb6da38e62a09,bb6d7a4f09c57d945f6280c8d7c05834,7607cbc2fd5f48495cad1b2e1f944d69
e76c4d7b39330f505a458e82b7fb0623,6d759da22fa5bfdf51757770941a8d72,ea6a72738d81a9eeac44d1947e5fbe22,3aa37406776d530d6c20934043836e59
7386f61a87c414861970f0ccb35b4004,7879d64add8cfbc45ff5da818bd05e35,cd70d5557347222a10b28f058b50f1ef,dd56c5b1fbe8cd43655e29ea179ffcd0
f92a779b4f35c23908e124ed4a2d9fdf,ff08bed8ecbf2eb375d8fe89932b149e,2fb5b0c03f2ba40df6cb83c3b0f459ba,5bf963281dab7992ccfd10f919b1c65d
bc48705109a9c69f403371d9607caeda,3b8bc8d4635cb113d417a7e9d2022203,c429495a86b26de36df0b2e93aa90eff,840f0da2ed72d2542c6f1baa6dc0a4f1
bc48705109a9c69f403371d9607caeda,1d4a0fbbcdfed0e5f75dfed4c571482a,c429495a86b26de36df0b2e93aa90eff,1d1dc0af68caf0d84dc5753f8f21e69c
bc48705109a9c69f403371d9607caeda,73a1f21727817ebdcdcfe7b2785e9d6f,c429495a86b26de36df0b2e93aa90eff,76bc446d8014910a25466b3faff67b0f
f92a779b4f35c23908e124ed4a2d9fdf,43867efb66906c26856c1f559c276192,2fb5b0c03f2ba40df6cb83c3b0f459ba,cd351e710e4f303dde1ec683c8c50dbb
e815282a5b9d287d87b36c5c28f6ba89,0c2e071e831777cf57e5617df0c8d780,7bf45c701bb29d91676c56429b41675f,130795051991a97852f0fb2a607914b8
8100a87be3dd6cd2fcbd11d17df063bd,658cf4d15c322bfe53e960aa9ab2b46f,19d5fa2496c23e37edba69102f29868c,dbdba30fec3768f14ecab92fe126e1f9
bea18d94d82e3183fff09b58e063a34a,850318e47134342f5c1cb1830415de8f,2a4b614baf4f44f55167bfb1284c8ad4,6f3f3caa0cd8f194d862896e9c9e7adb
92b3677f69817487a08d82f874b6a2cf,f1c6d1b5530865041676fc86615851f3,cfa7c4cf294db0c3274c44724de617c8,cf249ab8cd5c1155a714e73b3a5f232a
92b3677f69817487a08d82f874b6a2cf,0fa65f1a4fd01f3ed528e67397f5cd23,cfa7c4cf294db0c3274c44724de617c8,bf9da8c30e2d70c68d72f65be2e89087
bc48705109a9c69f403371d9607caeda,43866a5db84788eaa6ca9eaaa12fb591,c429495a86b26de36df0b2e93aa90eff,07c7fb15c144d81fe69fe434826a2ae7
bea18d94d82e3183fff09b58e063a34a,184c81ba534c28561fbccd6ce9711734,2a4b614baf4f44f55167bfb1284c8ad4,5227e390a2d93cb81a797444e229044a
4ee8f43f3d2a9396fbbff10295045b05,87fad2e9be4e26da7e144a59053ea89e,1d2e6434bfd3bc0893a0d06cd2bd850c,179ba81cf3e2eef3d9b30d54259dae1e
0d15c76a985c1cc2a4f87cbfb5256408,6e3b33ccd10fc3bc622c0fb5791c29cd,4dfd0603d6a21d6506a89fee3e46a6f3,0660cc86d9195b37b366c7a96a4347d5
965e79dcf4874c4ab886ec00e9c12a7d,6731f13091c01261579abd15cbddaa92,256d0b35f424fc4e6e1364f7c2ab7c8d,b62f5db4577a723639c28fc0b75efaaf
7386f61a87c414861970f0ccb35b4004,a3c1a2949bbbdcc5a528503f9bfc9337,cd70d5557347222a10b28f058b50f1ef,f0741ec76166392d1493889bbcd34bf1
74d1cae9d00673f6f27d8cc0d86dde3d,005e725f38df8f133e9546574c2b1636,bb6d7a4f09c57d945f6280c8d7c05834,a3ac78e23c46149b3e1cb01b7bdd2138
965e79dcf4874c4ab886ec00e9c12a7d,743bc82bd2c6d5752f23816c53a682d0,256d0b35f424fc4e6e1364f7c2ab7c8d,3326c6cfe87ff37e303fb89c54077e92
f92a779b4f35c23908e124ed4a2d9fdf,3ef81597f3efd9565cb647f5e179a089,2fb5b0c03f2ba40df6cb83c3b0f459ba,8865ae3702212d91081e98bcc0af0419
2b316ff25eb16cbf8f8d6791ac570f5a,bf55967fd7bd06abbb34e234c802298c,05d5914561e9f02968d3a7c3a35ea8f1,fd5f8d1c5bfeb433eee545a5b57d56a7
7386f61a87c414861970f0ccb35b4004,79dc5d59ed8b766d21f5af2ab97eafeb,cd70d5557347222a10b28f058b50f1ef,57d0da70a43a1fdffadea064d8df4deb
965e79dcf4874c4ab886ec00e9c12a7d,65d8171ccc5a61932868e4906a0511f5,256d0b35f424fc4e6e1364f7c2ab7c8d,4c6eecf541dc70f4ca05958effc0582e
f92a779b4f35c23908e124ed4a2d9fdf,14d6478613638d4d62f46846b3427437,2fb5b0c03f2ba40df6cb83c3b0f459ba,a715d0292ab078a84e71fee9552bc58d
8100a87be3dd6cd2fcbd11d17df063bd,c859909adaad2f8e3d589422a4255f9d,19d5fa2496c23e37edba69102f29868c,c39e8901017bb3aa074c11fcaa5d0692
f92a779b4f35c23908e124ed4a2d9fdf,2d9505be22ce40a288aa7d5f8adc41bf,2fb5b0c03f2ba40df6cb83c3b0f459ba,24d628a9fb84b3427dbff4d9b6db2781
f92a779b4f35c23908e124ed4a2d9fdf,77332b0420bcd2447a15913730cf61f3,2fb5b0c03f2ba40df6cb83c3b0f459ba,7f08adccd7558e4deb3c36fe8bf26309
fb9ad5919473671a1a7db61e683373e9,1cb5f171d013033bafb99e04c5dd2a6b,b44625c0d5f1e2023683873822fbba02,c5a9b66ee91914183d765df266fcd929
c916e738ceee21e1c1a16efd12911570,f31aa2f5d22be0f9b4bdf0f58f300ff2,7b2d0d2a50c779e6b71077f1f8c4b15a,5aa75a56e85145c28aab476fb14c5b26
e815282a5b9d287d87b36c5c28f6ba89,12a91c520e40d13dedb243b9846c70c3,7bf45c701bb29d91676c56429b41675f,1a715e3b4bb32ae5d1b5fff6e0c4ccd2
16f6f7be5e5d0cd8a02d63c2dc578c21,3471457912d00416b7aec71342900f56,2aaedca3ef60a4aa4ac71bdc27926e36,df1a73d4f69bcdb40cf9d30d19093890
9d9cc2f7970ad0118016057893444262,47614f941eb285c30b214ee0ac7e17bf,fee28290db1dc4024c82374fa26266b9,4c4e20db2e1ec3310ddcf715f521a16e
7386f61a87c414861970f0ccb35b4004,c238773bd591ae6f7d6f7dd16d146282,cd70d5557347222a10b28f058b50f1ef,db162ec5f02be025291222a77d090d77
d85b2e48d2e6698da6be86f7cb9f545c,d12f7852f9595fa559dfc90d5fc36d95,d2002ea8647bcec63917667a6f21a480,b615e5b79dabbb6bd0815b52cbd06d15
ad691ac1c0c0aba3aa283c0134a1de1d,d421d9ba9b7ce92b259619b10f473ce3,65c2c66d1507fd53dd24e2a6bc41ce27,a29bc6adc797dc319e233929c57e316f
e815282a5b9d287d87b36c5c28f6ba89,65db3db1cdc04142a44223709a06f2c3,7bf45c701bb29d91676c56429b41675f,4b8dbfd3e14b6210bd44994bfc23d95d
7386f61a87c414861970f0ccb35b4004,a10e507f97401de51a3b5cc814d81a63,cd70d5557347222a10b28f058b50f1ef,1cbfeeaebb7e558efe52634c4a8f42b1
2b316ff25eb16cbf8f8d6791ac570f5a,7d0d3e797ec49aeb43470f4984ae3366,05d5914561e9f02968d3a7c3a35ea8f1,2269ec1cc1b7f255ee18715e378526cf
965e79dcf4874c4ab886ec00e9c12a7d,cc9adb204bea2884368ba8a9d44b504f,256d0b35f424fc4e6e1364f7c2ab7c8d,778d176833866fdc266e07dbcbbcc2df
bc48705109a9c69f403371d9607caeda,23e4f538303871f32bc3a7a815217fa0,c429495a86b26de36df0b2e93aa90eff,5e450c7178224b700cbb89ea1415eb11
7386f61a87c414861970f0ccb35b4004,a860ac13c55576d579c65c28294b6938,cd70d5557347222a10b28f058b50f1ef,008fc66302e7c419c31383394cec7a04
a521df54c64e26cfcb785da9974d700c,3bacdcffce22863c9ddf0bfe3d69afcd,c5efd5c0cef94c37b58d0fc39715e612,2a1dd89a983573dc62c598e974b6d6ea
9d7b1c2521e73a2b8744156b5a5b14e7,e375002bfca7aa9ed028ba60b57a45bb,e1189046aeb9ae4af0e4a924ca5e9693,50fd8308cdce9f4db276de347ad4cb3e
c916e738ceee21e1c1a16efd12911570,0bc7b08fd15a95576b39188ced885400,7b2d0d2a50c779e6b71077f1f8c4b15a,59f481497578abd8d0a6fb2dd2311a65
ebde420b1aac5334d30ff315acc3168b,58550ab0189d501ed88b3b2a42e9a157,e8140faa7946610f54936f2f06fb439b,54ba3065ff5bcdd5129af05c1edbfac4
f92a779b4f35c23908e124ed4a2d9fdf,72a657ca33d72fc4fa76f413a88764ab,2fb5b0c03f2ba40df6cb83c3b0f459ba,2c37cd30b776a741fa0d87395aeff469
965e79dcf4874c4ab886ec00e9c12a7d,4b4ff37b8303f48ded2619aad13c4b0b,256d0b35f424fc4e6e1364f7c2ab7c8d,23d5e29ddc20aca3a1cd285342f411dc
7386f61a87c414861970f0ccb35b4004,198c71345efc97582a4a15e2802774ac,cd70d5557347222a10b28f058b50f1ef,37346c97d6a523474c760bbfdeee37a7
7386f61a87c414861970f0ccb35b4004,1c4b57b74fb2c42f0d90c4e204367b19,cd70d5557347222a10b28f058b50f1ef,fef71b8df708ce1914d5bb81b9afc713
965e79dcf4874c4ab886ec00e9c12a7d,2b30d9899d5da0796e04cf77c72ec18d,256d0b35f424fc4e6e1364f7c2ab7c8d,41a2b77a1b3ceafdbc0bd3a876f2ebe6
bea18d94d82e3183fff09b58e063a34a,fca34f9e0bedfdf1972eba7dced3f884,2a4b614baf4f44f55167bfb1284c8ad4,a45ca388dfd6a7e38f8de570dd1bde5f
59d675a786f3030402aa277d70c6082d,6cbef8a7705100f463d2001dad509135,3bee551a4c05b3072ab68bd9e4ec128d,beb00c5588e30ccab0e63ce233a29321
4c90cd97858325fcbd5564695eefa482,8827eb34725bbb88df8ab3fb2f224079,b71d9256f93c1067c48980a61d3de152,2a5cb9abbc2e8862d6665d1a677d5f81
bc48705109a9c69f403371d9607caeda,0436ee0ba5959a0479bacba5c6846a90,c429495a86b26de36df0b2e93aa90eff,4523c949448b4e9f8a7c0e26d4ca940e
8100a87be3dd6cd2fcbd11d17df063bd,040c9a9aa5b7e24b06857d23357170c7,19d5fa2496c23e37edba69102f29868c,5433d24874c820d391189ad29105ca21
bc48705109a9c69f403371d9607caeda,e1842922ea86b47ccaa42aafdb5bf729,c429495a86b26de36df0b2e93aa90eff,87c0d79160d72cf7ed981c08a4b7ce01
4deb19b54a5f980b363bb564a7ead109,3665423062b07ba242d2a129ba13cfa1,414997102292a143d9fa1e83a06be5b3,aab927be16088dce72710ad2eb6dc181
8100a87be3dd6cd2fcbd11d17df063bd,a3e4a94b3b92fe1ab67fb37da171824c,19d5fa2496c23e37edba69102f29868c,161e0bdc16441fd3d41010e89b669ce2
5b8a88a29c0338ea810165856201b07f,215c6d1e2549415b09e814e576000665,e18c4f0a8ec64915defd91643837ca5a,f89297b2356426a2e56da0204c412988
896ff9440b997cde17b42d99a1c7c405,9145903963b2b8ced8b409dd65a20449,d23a0ae07b5abf14259d92811aad8465,428442654ec9e8cf1b4aec92c6f1b0e5
bc48705109a9c69f403371d9607caeda,02177a14bd50e428a2e79f2b896f117b,c429495a86b26de36df0b2e93aa90eff,0153f411947bcf5d79c6378e79d6ab17
bc48705109a9c69f403371d9607caeda,f4882d93c89d34a6225bbe0cf1c78464,c429495a86b26de36df0b2e93aa90eff,40ad5b3913ccadd8f37023c9525e7efd
eead519f9adf9485e0da2b7147cbe42a,f7bcc8770ec990a393d3e027f6c8aa65,735d49f612c5985a86fefbc25c40e1ca,c800f9f487383ca9715745526e7fe89c
a0738aa2b3905559823fb5d9ab198387,f2f38e82d917422b0c191b0997a2e191,3fef0e953486739883a1fd44288106f8,a565ec40fd44f25432e7605359a15e4b
bc48705109a9c69f403371d9607caeda,f3a3c5555838fb6e4cc173ad87ec62cb,c429495a86b26de36df0b2e93aa90eff,ae1596b8935dcd4a77c9e9ed12a21d8e
7cb6fb7fb92774bfa033dd81ca51da1b,4cb927161d81f934f50ea1e0ce11ee78,771bb5f1f5e39a37e812b8d6f8824c86,10c0b0c7d5570f7ab7ebfdf44a88172f
2b0db34fc1fc752ef05782954a027c2e,8f41efddc8e70a1292e01a989e35e4e0,d75b63e9334fba5cf17befac75230f2e,6ca810e9673416c21cba40667fb7fb6e
2f0ad16b4434ac901acd6c6c585c0ead,98311d3cbd51da9a58d387c910046b00,008433b937f2512f53958531950df158,c83895f903bd44c16fc9cf68dde1a1b6
8100a87be3dd6cd2fcbd11d17df063bd,1a3405bfdaf3da576fe422d8168bc24e,19d5fa2496c23e37edba69102f29868c,76a6a03000f1fbc7b85ef7ec7761524a
fc31981f05e76956d13efd0eefb1f770,afadcc84e6aa06431fc3115893befa09,5c2d685aeaa92b376c5021355b3a62ac,8e2c9661d74fe095b2aedd941405aadb
7386f61a87c414861970f0ccb35b4004,de759e6248ee74945d5b381880392218,cd70d5557347222a10b28f058b50f1ef,7fd6718fe18dcce7acf189f42768918b
8b1ae8e6c1bd632fcf4bb0cb710f82e0,99e097dc04b0d85e6d0c5840fe4763bd,ea4670731529e19b132844eb138337b5,4507a392806028f68026db9708bf5b73
7386f61a87c414861970f0ccb35b4004,5f9e28e8618600b80f2eec824be10e9c,cd70d5557347222a10b28f058b50f1ef,6de4c78e1e18428e2bfc61897709b669
c1c1ea5c2a4ff18ec35b2869bb54f67b,d55b03d75765e8fc06896299f82b6431,6549e87eaa0778c9e40f3fd85188ab86,774d26dc095d336515a6b5f2289b6a8c
d3abca69fa7c157c6c060b16b96d6771,cc2e3bb55fe442c966746635ef17ae2a,b597485d99faeabb0cc8a894af9a31ee,ea311ab790fe7f5ecb4f37c16a9fa6e4
74d1cae9d00673f6f27d8cc0d86dde3d,f8616c60ce2f93992899e5663ac65afe,bb6d7a4f09c57d945f6280c8d7c05834,f3ad4356bd5871090303dadd181419be
d7514596bc0be7b30e2db1b5285e5a17,4ea071345d65cada7322564e93d5f30c,45957943abdbc8e75ab0e79bd299cdbb,cc4ff28962048f4b4d4c8cf4fbc001ef
63e750a3f3da6cb349f57ebfdaee5202,879b6e7bf915111d89431989ea9c604c,61141bac00940db9dbc0da0be6b39b1b,069b9d972eba7d643c03ef4e1d558078
92b3677f69817487a08d82f874b6a2cf,d6af048679069e9168d6ee70e37d9000,cfa7c4cf294db0c3274c44724de617c8,b54ce2abc2604f466d8d5ca45036c9de
a0738aa2b3905559823fb5d9ab198387,22244e581a9b8261d7754c94b87b1334,3fef0e953486739883a1fd44288106f8,ba933c06acb829e7318302c8af62be0d
6dd0ed3132b6b8f0d1b70dde8ef1c12d,ca9875cca6023e94738ebc15af10465f,252dfd5fd81fa7a5eda0702dfeaa5e75,13d00f974e6af83fea84bed6d5723abe
7386f61a87c414861970f0ccb35b4004,260d28db2af64e3bdaef4b361ae8905b,cd70d5557347222a10b28f058b50f1ef,8e92ee353b72eb1c188714946bfb1719
0ccd0107eddee968c1f6d7fcfb7e5f3e,f1cbdf923b028fbcc7ea1fd0ea7e0814,11212ef42732bc43739cb4cdc57a01a3,d766a2f5c6c8c4a8c208f64db5849a77
8100a87be3dd6cd2fcbd11d17df063bd,859c83cd29c8d111e826bbbd6f9647cb,19d5fa2496c23e37edba69102f29868c,9cbe11835e1e765b9ba0635d278ad519
4deb19b54a5f980b363bb564a7ead109,04a7f6b2d657b717a3f3a4dda2f0e7c6,414997102292a143d9fa1e83a06be5b3,d29befdc58b2f0dcd6549cc3098f1941
893799181e27658e52be0f9a0280825b,9f63e2bdf3fdb24e420334f37694b1eb,8bce384ae9bca5d6b4d773b5ddf52c2d,cd1b0e19bc8d864ed269d0700abe994a
63573eba04ba719263a54db4ae2a7a6a,c41b3869bf80753627f6db7587cf2b90,e6412e716b2421cfbc35142de994bc22,951bf5bd872ea48d009932f507743eda
f8a1c258886e044e3a0e7a7d9a424793,894cd82c855721b542ac840a1389b1a0,b8872253069abefd40118985b2df6bf4,85d845f348c540356106db2548f5f00c
893799181e27658e52be0f9a0280825b,8cbaa00ec981d0baeb5a7452ce6b537e,8bce384ae9bca5d6b4d773b5ddf52c2d,6067f2745e11010141bd925f73258edc
92b3677f69817487a08d82f874b6a2cf,41ba7dca3eae3f4d2d96e7f768a3aa1e,cfa7c4cf294db0c3274c44724de617c8,2a464283d961e3647cbdb57fe1bfb298
d61f917db591098be32e19c61ed3cb11,e9c3f85ae342b957f534ddd3156a64fc,c77167c60f37811515803f37d7e127a4,a491c4862213835deedce6f0465ff512
bea18d94d82e3183fff09b58e063a34a,dbbb19aa3f65c93cc02ddf078d84959f,2a4b614baf4f44f55167bfb1284c8ad4,fe1bfeebcafd0566e31d9cfc0dfe2937
965e79dcf4874c4ab886ec00e9c12a7d,107a395d65b8cb16fc78f4ce7dacd9e8,256d0b35f424fc4e6e1364f7c2ab7c8d,d1eeade5b13bc6f557ee6561e1d856fe
bc48705109a9c69f403371d9607caeda,fa51345d51ca92beeb8ffceb87600b14,c429495a86b26de36df0b2e93aa90eff,3b793a4a4ae2a72d37c97515d497a306
8100a87be3dd6cd2fcbd11d17df063bd,37c43c382ddefaf68633393453c76b31,19d5fa2496c23e37edba69102f29868c,17fcde9291080984e8e832b16061919f
59d675a786f3030402aa277d70c6082d,2ca95faffdeb50ccb9063125d883cd84,3bee551a4c05b3072ab68bd9e4ec128d,c2542962fa83673b3e2fe7b7bcec164e
bea18d94d82e3183fff09b58e063a34a,c7d3a30fa0017281d0f2f72ad6dd4a4d,2a4b614baf4f44f55167bfb1284c8ad4,0508882f643ec48bc5749e3a29c14702
f92a779b4f35c23908e124ed4a2d9fdf,5ede95238533e16c12ea6cf735c4cd34,2fb5b0c03f2ba40df6cb83c3b0f459ba,5a0c7ea051a95264e96885d50d9e36c1
0244c69f3bd26996b5ff011f9f0b8318,431ad6f2d7d8d245728dae04823b9832,0b6e0b5c9ca0c40528355fbf09b05bd1,6babde9d59824be475aba699bc005e54
965e79dcf4874c4ab886ec00e9c12a7d,1549311b608ce93be4df6a79ac3e3202,256d0b35f424fc4e6e1364f7c2ab7c8d,86ebc26a00d8083bc767aab2fc2b66bb
51cb09db41697a03cda1290bb06246b6,98a50966e1134d4befb27d02a54b082a,de4c83bab8a513b6cd10895537d8b1a2,c502368a9a919f9797abd3f274554895
51cb09db41697a03cda1290bb06246b6,c577921accb4369243a02c9ce9fc1aba,de4c83bab8a513b6cd10895537d8b1a2,1b9d9bc157f18aa3bda69e80e8b4bb07
bea18d94d82e3183fff09b58e063a34a,b734e95c96d1a602e6e60ea3b4fb410b,2a4b614baf4f44f55167bfb1284c8ad4,ccbadb486456caba323868b60c9ff2a5
3d80eda594941a314a96f2f1aa29480c,624f43ce235d044c7f7a5a5f8d98c8d3,857de1acc8e8023c7312ac1f0055df2d,7ad6054ac2ecab0d6688bc1e9c144c3a
7386f61a87c414861970f0ccb35b4004,85f2d91c12b8e53d2216af274c58f893,cd70d5557347222a10b28f058b50f1ef,094050f0415b2a13e7d22ff191b201ba
7c13f3473485daf4b5c9396e632b9413,9f4848eeb7da6cc5edc455c2ed420b1f,60b0c43f7acbb9a34350e3aca180a79a,6fb53e068a72ad7af6c7121434b1f02a
2b316ff25eb16cbf8f8d6791ac570f5a,927880cdcde023b8ddff716cadad1b8f,05d5914561e9f02968d3a7c3a35ea8f1,63593b56a4f3e0ada5ac492353ea5b2d
f92a779b4f35c23908e124ed4a2d9fdf,e6ace7a7887868c08462cf5ef54842a2,2fb5b0c03f2ba40df6cb83c3b0f459ba,d947676ab314c7185735c0535a19847c
89a46bfaee9d939198256eee3b7485d4,71e12e337b3f8974ed52750bfb6214c0,c705d217752dd50bf1d1ffdbf66971ed,7568fd1424a9e4d2cd78812280d47abe
d7514596bc0be7b30e2db1b5285e5a17,e95a93a4e83008a0aee62bcd72c3ea8e,45957943abdbc8e75ab0e79bd299cdbb,9c075a31f25bd9d4e96f9e09ec1a2d55
3d80eda594941a314a96f2f1aa29480c,21d541cda6384435a9d8ede8b305829a,857de1acc8e8023c7312ac1f0055df2d,1fb033feec0e5fe7a20213761333350b
f92a779b4f35c23908e124ed4a2d9fdf,4cca1fe6452e4a04cb2e5572472b6b50,2fb5b0c03f2ba40df6cb83c3b0f459ba,002253b181089c8bd55a705a0939a0a8
fac4bd53746abb34f7729d553eaa44c7,150b79b379b39535eac7b2f6a68f36d8,5b67802568f2295acbf369d66652e2db,fa3ed1a9955a2aa7a9f080c4c9412bb7
7386f61a87c414861970f0ccb35b4004,decec1d5b67598433bc3988fabf84725,cd70d5557347222a10b28f058b50f1ef,6f24d5fb9e0fb609cce81a4d9d92a411
37239a9a6a18f9e25a00fa70e907f372,cbe9bd832fca45d2fd174832e61ef9e7,671631055c85925baf8bd4b357d6c258,92b19b2bab39edb747cdc2dc29f844b3
f92a779b4f35c23908e124ed4a2d9fdf,977a7726375110b0e31d8aa8cf71bd96,2fb5b0c03f2ba40df6cb83c3b0f459ba,56fc76f7794d124a97fe9d274abf66cc
965e79dcf4874c4ab886ec00e9c12a7d,b911a183f12660a8b63741d2ca2cafe7,256d0b35f424fc4e6e1364f7c2ab7c8d,4800a76871565b87fae1587c934e6217
fb9ad5919473671a1a7db61e683373e9,5326249dbabc1fa0723a454ce86c4140,b44625c0d5f1e2023683873822fbba02,4d723cd8c340428d7a24fb542b2c361b
16f6f7be5e5d0cd8a02d63c2dc578c21,b5e1e35009a3fff66666fabf9f388393,2aaedca3ef60a4aa4ac71bdc27926e36,cf569cd4fd85cc067ab2f80b696b8671
904723a2274679aacc133bd34c0c436d,fb6bd47cad109ec0a4283acfe909711f,ae45ae406ae9b350adfd4ef974922dfd,b556e806e4b4fe217179dff49ad1e523
db3e298f81b505c43239c3b7300363b6,c708b2bf645a97a59e4483306b7ba27e,9a88d70a0e8fd7151f1dbf52a25d9689,6f5426175272de16853926ebdb0d03f6
ea72c6073a3fd06ed442e19c1b1f6ac3,369d356533158dd48785e894285be47e,81dc05f168bfa24b1f9c3e2fc690963b,b65a5ac5bd9ecd775f60c3a42bbd94a8
63e750a3f3da6cb349f57ebfdaee5202,23ad3bcfaa203e51faad56efb5ebd0fe,61141bac00940db9dbc0da0be6b39b1b,82b7672a146769bf6f52f809a89e5c95
bc48705109a9c69f403371d9607caeda,dd851f9b64faf9a1a2da609e10664517,c429495a86b26de36df0b2e93aa90eff,bb3842b958c10755f7765747ef544b12
94abaae614fb23a48b9ac8de3ec35499,970a56224346aff86ed720cd86ba565a,8a83f9bad296097c4709a09232f9aaef,a70efe0903d332570cd401635f249cda
e815282a5b9d287d87b36c5c28f6ba89,47e706c42ba0d779751fa5dc91ea6b13,7bf45c701bb29d91676c56429b41675f,a5e01991b73f46319ffdf054cda1c993
bea18d94d82e3183fff09b58e063a34a,3fe4ed9856ab8aa29e5e8135c422a5d1,2a4b614baf4f44f55167bfb1284c8ad4,3c7952e9c6570025d44aa43fa6dd126a
db3e298f81b505c43239c3b7300363b6,ea4b5f5641052a12f33fb8bade5748ea,9a88d70a0e8fd7151f1dbf52a25d9689,4f909ebf4f6a2751fc926a1601ed9602
7386f61a87c414861970f0ccb35b4004,c0ff1fae34c9622221bef39c10d38927,cd70d5557347222a10b28f058b50f1ef,9be93f353b7d30c347da3ff527106cc6
9d7b1c2521e73a2b8744156b5a5b14e7,c3ff7c068b8fe7d7f3c477e9322886f4,e1189046aeb9ae4af0e4a924ca5e9693,71da4854cedcaa3547e72d667e241f14
7386f61a87c414861970f0ccb35b4004,b1e31beaff3fc2863db06fe37eb3f75c,cd70d5557347222a10b28f058b50f1ef,7b5c48d5ab7f7a15b188ef6185ab2c3d
9df3224af76954b3438e2f17aacc4e27,8eca2bb0ad00b9325af76c62acb026dc,6f91fe230c9b1e7a14082312a0fd2aea,ae940a61f677f6d8723cbdec8cb5e879
44c3256113ded0c910a9b836be0d9d41,20f93438c983d8aa21624fc7efcb455a,df90f7b21316b0f5961a9130f2600184,b1c750e8cb904e7d34b8830023dce89e
d85b2e48d2e6698da6be86f7cb9f545c,d1f3bce859a04b9e974324e6acdcf20e,d2002ea8647bcec63917667a6f21a480,ce36bb54400e6ae6d8f354e34dad3323
f8a1c258886e044e3a0e7a7d9a424793,62c712f3fa6604ebd147cccf9afbcd50,b8872253069abefd40118985b2df6bf4,4c3609b557d4b63dad59ee976f2fc6e9
0d15c76a985c1cc2a4f87cbfb5256408,d5d16047dd9b608cf2594349c8cc7e9f,4dfd0603d6a21d6506a89fee3e46a6f3,8755b43c0d6d7a3109db85b0e0cdde93
893799181e27658e52be0f9a0280825b,562eb6b26e45b9a47185a4794f057333,8bce384ae9bca5d6b4d773b5ddf52c2d,3dea4211e6bedcd9141b862d988a0280
965e79dcf4874c4ab886ec00e9c12a7d,2cacb5505689f329651baf7e086b2eb2,256d0b35f424fc4e6e1364f7c2ab7c8d,87297881655b3f8908fc8d5efdc1afbc
965e79dcf4874c4ab886ec00e9c12a7d,e0cdd8d787d10df1c3c815e91da59247,256d0b35f424fc4e6e1364f7c2ab7c8d,160b0daad3e00c47db0349475c27b7a5
c75117202ce7fb72c8fe3c571dd26138,d462fd07f59fb9a98a0f394fd8d177ab,065c8225e6f3850b8f1b4865df755ad1,ea194616011d47d18cd432fbafebc011
9bf76f70d1ac601d17423d7c577ddf5d,6949c4b4b0e04889d9105e271726c4b4,f8c30f634739591ffe37534f963b2ab1,941abc8dab7996ece353dc5871c1f7a3
965e79dcf4874c4ab886ec00e9c12a7d,62274f5cec18067c16a237b44e98e018,256d0b35f424fc4e6e1364f7c2ab7c8d,eac345f7e829e2067e4e8d9fb4293088
0d15c76a985c1cc2a4f87cbfb5256408,bb9f67f039fc8e8180315697bf9fb58c,4dfd0603d6a21d6506a89fee3e46a6f3,14f4fc27ac0e601e193e8c7d47a590d2
965e79dcf4874c4ab886ec00e9c12a7d,445247f78b1f9ad4b7ac577112e6be0b,256d0b35f424fc4e6e1364f7c2ab7c8d,e1c93a7d246a6b313f2c83bce1b24f77
eead519f9adf9485e0da2b7147cbe42a,ffc895db99c80a6752d619560e6b1e2f,735d49f612c5985a86fefbc25c40e1ca,92dcad3d4a8ff865933df9daf1977cef
c916e738ceee21e1c1a16efd12911570,1f7716931875020ada69d66020eb34ff,7b2d0d2a50c779e6b71077f1f8c4b15a,5807a89548bf0440dac8edadb9501c78
2b316ff25eb16cbf8f8d6791ac570f5a,3b7a3b9aa47f89349904d94cbe5dac46,05d5914561e9f02968d3a7c3a35ea8f1,e6c084116592137572f8c14afc2928c7
965e79dcf4874c4ab886ec00e9c12a7d,08ed35a3e09cb999cd7901fc184382e0,256d0b35f424fc4e6e1364f7c2ab7c8d,f226844116dfeb45ad1abdac17e8fd37
78da878662dcf1ed3b939aad3053d20c,91e109208b84e24cec98e5f28c8b6ae7,d8eff8000177c14c30fec90840cd24bc,dc160cb75877c749bf2ae0a783f90d18
ada2a23c16fccfc2ec263839f61513fb,6b88b11de438b8cbd485a78518b85b0c,752eba3f6fe74ad599b1c9b1073207cc,915f4fb351b8eb91a68f2a9beed288f6
0d15c76a985c1cc2a4f87cbfb5256408,30765b03ffbb9a6e8d883fe31ba0a6f8,4dfd0603d6a21d6506a89fee3e46a6f3,3cd048505707779bc6a05760db1de30c
0d15c76a985c1cc2a4f87cbfb5256408,5a23ed5b6f3fe48551579a7dd62ab944,4dfd0603d6a21d6506a89fee3e46a6f3,be5c0e337090a6e6f0d4bff05d536a8d
4deb19b54a5f980b363bb564a7ead109,7d99eb1d4a941f9bf8a31a7266e40e5e,414997102292a143d9fa1e83a06be5b3,a611bb0463316a188b03ea1ae1a09245
e815282a5b9d287d87b36c5c28f6ba89,eb5519c0d3eafcdba5946d4ad69629c0,7bf45c701bb29d91676c56429b41675f,c2666524ffa8ada1cafc3d5f1259e9aa
bea18d94d82e3183fff09b58e063a34a,3be209c5a7540f02b35cbc73a312fd4d,2a4b614baf4f44f55167bfb1284c8ad4,5bd42b42078640360a4582d6477af2f0
904723a2274679aacc133bd34c0c436d,47f8b121d3c7f7fc8012c5dc79903289,ae45ae406ae9b350adfd4ef974922dfd,ab606a98730c0767724ab2717e8064c9
f92a779b4f35c23908e124ed4a2d9fdf,85a0922480cf506c1f859a98cb9f713b,2fb5b0c03f2ba40df6cb83c3b0f459ba,00c989045582779acd112041464f5682
a0738aa2b3905559823fb5d9ab198387,6eec1c0576cf433cf5539ea4e24a7aeb,3fef0e953486739883a1fd44288106f8,bd196016e5896701d4abaeb086c50f9e
ea90ceb208bab353d3271132a6ec3e28,7283b1092f6d0227986213b2b059affc,7d0fcfec2bdae8ac6b5b92415d8053f8,6977abac8bdc770209c22be2e707075d
f92a779b4f35c23908e124ed4a2d9fdf,d9bbed2b0407a93b1d69937238a621c1,2fb5b0c03f2ba40df6cb83c3b0f459ba,579b11b284f7cbf9abd647609ec614f6
f92a779b4f35c23908e124ed4a2d9fdf,7233ed4564a5e1eb441c08f907093bdc,2fb5b0c03f2ba40df6cb83c3b0f459ba,71f11b24ce8349d7dd8ed5f96bb4b890
f92a779b4f35c23908e124ed4a2d9fdf,a71ed3a522410f00c95fb3a9f1ed0735,2fb5b0c03f2ba40df6cb83c3b0f459ba,b6c3941af01f7e96ea18a493562c2fb9
27c18dff5cfe43acf772739cf56d2962,11f50fc0317d2322fbad9b04442e2839,a74178c504fec5fef28bf2d1a3af8092,becdab548654924c8a3ce10fa4526e34
ee95965f20d626fe25657501608d01e4,534b83007d1b5f1f40d14d57dd7f26a6,9b06e290cef806d541063d72e888fe1c,343488776a9aa6b8b77f0ea4398c7089
a0738aa2b3905559823fb5d9ab198387,db21ddf5bf1ee008ff6de25abdac4560,3fef0e953486739883a1fd44288106f8,80c715c646c2a56dd99a612539dbc2ee
8100a87be3dd6cd2fcbd11d17df063bd,57cd10d484f9c6ce3c6152aa8a35dbf5,19d5fa2496c23e37edba69102f29868c,b0ecfccd7ba56d5c790e29c29acd5467
f392703093e29cccf032614512f67fb0,e093c27d6869c1cf49d4834b404cf77c,56faab3a6ffcfde008e90ba0b110b098,3867b19498545d0fbfca488151d6ad42
fbc704157928611aa6fdf84c020d21f9,6b2c4cfb09bd65e013f2ffe5edd22e02,c4de5b749b790bbe4cae89770f38eee8,980bfa06c750a6a8e89afdc34ae4eb38
bc48705109a9c69f403371d9607caeda,bda5ea87c528f9610e96c573ec16b55d,c429495a86b26de36df0b2e93aa90eff,605c7155ab22e19fcee7dfddc709b466
7386f61a87c414861970f0ccb35b4004,0b0e619621b03337a56cc5d8b6715c6e,cd70d5557347222a10b28f058b50f1ef,1bbdb74112dca9597ace57132dea330c
74d1cae9d00673f6f27d8cc0d86dde3d,3e5f0aca02a3de2e8dc35f3cbd38f5ba,bb6d7a4f09c57d945f6280c8d7c05834,4ebf175370d3f222bf696ab8bf7db179
92b3677f69817487a08d82f874b6a2cf,5585121be404e5f7d1b6b898f80d732a,cfa7c4cf294db0c3274c44724de617c8,6569706ad86d6344cae6f1ab0319c021
a0eaa63505d030ec353b50a8c3ae7028,d67bb642e89649aa285058e51db4d1b7,dea39c6c320a72006a03496ccf8bb335,19cc106b958cd56533c75ebd4ce255b4
a0738aa2b3905559823fb5d9ab198387,237b54e843b6e859e11b32bc580f23a0,3fef0e953486739883a1fd44288106f8,ebdad30809c019d3334ea32f798b610c
92b3677f69817487a08d82f874b6a2cf,edbffe5bfdf4e792647049d270d359e5,cfa7c4cf294db0c3274c44724de617c8,7710e0945a4cd9ac1ee9fd72d4ceeb24
c1c1ea5c2a4ff18ec35b2869bb54f67b,6cce6d22b269a4d9e2a1f0e36cfcb12e,6549e87eaa0778c9e40f3fd85188ab86,1b2f1b1f1a8313edfeb0cd6277cb74c6
a0738aa2b3905559823fb5d9ab198387,e4ab736b6155aca48a3bbfc2a25edfbd,3fef0e953486739883a1fd44288106f8,580e4793b422488f76a79f0bb44b86ea
f92a779b4f35c23908e124ed4a2d9fdf,468e2b6631a7d6208391e943bc710511,2fb5b0c03f2ba40df6cb83c3b0f459ba,30f38f9e9e8b55e7aa0fa9cfcc7f2a14
f92a779b4f35c23908e124ed4a2d9fdf,5b42488ac5f8e7ce543c1771a2990fd0,2fb5b0c03f2ba40df6cb83c3b0f459ba,b2e352c152d736a7f5fe677b117100ed
f92a779b4f35c23908e124ed4a2d9fdf,9af892713fec7bd0ade5ba96a32edd93,2fb5b0c03f2ba40df6cb83c3b0f459ba,a560f95427f9e5089d12f2ef9591a879
a0738aa2b3905559823fb5d9ab198387,dbf7f6f6886575fb6ef9676e4aae5323,3fef0e953486739883a1fd44288106f8,e6bbf7329ac864ca1d08630c899d7065
43c8eb47b81d23d295c51b4d3799eba7,9d23480b2af0595abdcf3f5e0a7b4a8e,b4b4f89c81c3412381672a582919478e,006b4e953e2bba08776e73372cef9382
0244c69f3bd26996b5ff011f9f0b8318,78f835251c8b38d6f029a05e2cc4d518,0b6e0b5c9ca0c40528355fbf09b05bd1,448c125dc0046834ee39e1b88f1d34ae
bc48705109a9c69f403371d9607caeda,be76e59115db46e959c18b02f172a5c3,c429495a86b26de36df0b2e93aa90eff,92812f37388d619680cc27b189d34627
fb9ad5919473671a1a7db61e683373e9,5a13730efa7b144edab5610fa486b0b3,b44625c0d5f1e2023683873822fbba02,4da143db464b0747c122d8407072c52b
59d675a786f3030402aa277d70c6082d,ebb4a1eb50dc2f039fb1b49031e3b692,3bee551a4c05b3072ab68bd9e4ec128d,bfaf0a2e686e80c7d2846de48d02fb38
f92a779b4f35c23908e124ed4a2d9fdf,5ab55bea8cb205f2d3fe3a967002cd6c,2fb5b0c03f2ba40df6cb83c3b0f459ba,abace2aa67926786df3e0eab7e950309
f92a779b4f35c23908e124ed4a2d9fdf,be52078025b31e516792217bec12dfd3,2fb5b0c03f2ba40df6cb83c3b0f459ba,a022b731139015ae4e96589ce5316bfb
f92a779b4f35c23908e124ed4a2d9fdf,d4e4f233abd56d4579197141ceeb81e6,2fb5b0c03f2ba40df6cb83c3b0f459ba,17bb1c5d948662030efe1b2c2218ad9c
649e17afe78da00714f1c27580aa3e49,5ed83ebed8a6dba21ab5b9ea01664c40,385e2bb0d3705ba50aafda47faad4ba8,ebfdac56a6718cae8d1a2c698fc60ba7
f92a779b4f35c23908e124ed4a2d9fdf,092a170c6e059f34a79d4d48a764bb1a,2fb5b0c03f2ba40df6cb83c3b0f459ba,841d487c101eeafbb3a73e9dadf995e0
eead519f9adf9485e0da2b7147cbe42a,372b1c8bcd4691eabf41ea006d6ee4d2,735d49f612c5985a86fefbc25c40e1ca,c062aa0bb49dacbbbe6f27c61f45a4f4
92b3677f69817487a08d82f874b6a2cf,3fb9fb1c287954a7abfe9a2e0bbdd942,cfa7c4cf294db0c3274c44724de617c8,a13eff8d7ee1646968c002803deeed7f
bc48705109a9c69f403371d9607caeda,30ba5ed566a55a2a0b55f73b4f3f8bc7,c429495a86b26de36df0b2e93aa90eff,00f3c51ca5d9e84dd3e56b2dece5139a
8100a87be3dd6cd2fcbd11d17df063bd,5133c7f7faa4cbef57e85e2a2820ca13,19d5fa2496c23e37edba69102f29868c,ec87c1918d37b23ecd80fdeb49acccda
c1c1ea5c2a4ff18ec35b2869bb54f67b,07efa1ee24bb4e86fc070e64f0051b7b,6549e87eaa0778c9e40f3fd85188ab86,e0469cfb45cf262e57ff765778ccc064
8100a87be3dd6cd2fcbd11d17df063bd,75fac1938c6a898d9fbc74da25b76258,19d5fa2496c23e37edba69102f29868c,696819c1e27021b69024504353e7cb85
6f76955c53f54fc142a08926b2b2e7c2,1f9e6487a2eca512dd1bc633a54940bb,0f005c659d50743ecf8d75384fc607c9,c5474301a7cc963d59baac80dcf616a5
e815282a5b9d287d87b36c5c28f6ba89,e8f6a8dff6f72820cc5e5c2d74ac66a1,7bf45c701bb29d91676c56429b41675f,51622e2542ef03e8309332ca679520be
eca6b6554875ab52c403c06cd73fa713,c2c59410a1b20b53c26a20f67691381a,b47ecfff1a1ab300e57d8dcb470633a5,567faa8120a2cb355aa187581933ecac
63573eba04ba719263a54db4ae2a7a6a,aaed9ed80d36c3273ff69d1d99e26011,e6412e716b2421cfbc35142de994bc22,4e660fd6fce9264f2a5dcecea1f28e98
965e79dcf4874c4ab886ec00e9c12a7d,800a946174899a860d1d8d4cdf259eb8,256d0b35f424fc4e6e1364f7c2ab7c8d,fe27cfb29baa0a72ecc113535254582b
8100a87be3dd6cd2fcbd11d17df063bd,c54ec332f2145410f657b492f24001d7,19d5fa2496c23e37edba69102f29868c,f1b97fdafe00968ba4437343b4fd36cc
133ce8d73ac8c3aa0c90c113c2799ef1,d4822f98f1ec2c0910e5e82d911e52e1,7f11905823169f31dbd3ac100209c7c9,454cc802d76a5b561053bfd7225823e4
37239a9a6a18f9e25a00fa70e907f372,26cf4f5c85e7883aee7203c28f01f0db,671631055c85925baf8bd4b357d6c258,3f55d0eb92f6cccf825a3ba65b3494b1
d61f917db591098be32e19c61ed3cb11,3a3f4ac64f1297fa3bc996520b0f299f,c77167c60f37811515803f37d7e127a4,8aaeee463858037f00430fe334899a62
bea18d94d82e3183fff09b58e063a34a,2a8cfd074e469377e3bcda2df8ea4c27,2a4b614baf4f44f55167bfb1284c8ad4,0737e9d58573ce162a8d1309bb2d0086
8100a87be3dd6cd2fcbd11d17df063bd,ac1ece449c6567638ed1e1c82f91fc8a,19d5fa2496c23e37edba69102f29868c,a1e01bb509261fdec50b2ec6c8a25c45
fc31981f05e76956d13efd0eefb1f770,a2c707df99106e7d92757eb2369007e3,5c2d685aeaa92b376c5021355b3a62ac,df26e5402a5807678c70716696c729f1
f92a779b4f35c23908e124ed4a2d9fdf,9677974e0b974bb129840bf7bc0b11da,2fb5b0c03f2ba40df6cb83c3b0f459ba,f6fecfdcfefa18728da5c96ad4b3d210
8100a87be3dd6cd2fcbd11d17df063bd,b8faeb03a0cc71d804762c904882b26b,19d5fa2496c23e37edba69102f29868c,e771325254386b584f4b519a70c02ff3
4c90cd97858325fcbd5564695eefa482,9d8d9e61731f55e8e6c680187e20e9d8,b71d9256f93c1067c48980a61d3de152,54298615b2a62ddc1b740f8fd6e2cffe
bea18d94d82e3183fff09b58e063a34a,67a0b10ff6353b2fbfe05eae74f99b0b,2a4b614baf4f44f55167bfb1284c8ad4,6793b4366661d881ee3a75c0f002f258
bea18d94d82e3183fff09b58e063a34a,149cb7412707ae24995cdf65579d515a,2a4b614baf4f44f55167bfb1284c8ad4,562cb5dc69e73b00db6b5921ea83219c
ae37a7212ded268bb50aef45cd693297,aa7d3f6353dcc18692c3daffe7709b24,96d53e0dde3fcfc6e3136299e9c9246f,540fca386bfb0f38afc53cc7499662f8
59d675a786f3030402aa277d70c6082d,033aceea81b54b72f63906c536c3adcf,3bee551a4c05b3072ab68bd9e4ec128d,c11232b817bb492651a68178913ef385
3ada95d67d6103dacf63bded3f5e4f05,e247014475598fec9914c9fa633b3262,da8e5b441d9d4a8909fe1f32e90473c1,0e6c2a5f94e133fecd8cdc013340bfe7
92b3677f69817487a08d82f874b6a2cf,3eee0519e66ea753ada275fa0a3796f2,cfa7c4cf294db0c3274c44724de617c8,5f67677d5738b1fc0da9e5512b35fe99
59d675a786f3030402aa277d70c6082d,64bdb5276c320121feb29e4b75d60fbd,3bee551a4c05b3072ab68bd9e4ec128d,cdd238989a9ed3f2c579044d8dd797c7
4deb19b54a5f980b363bb564a7ead109,b38cb1720bda389fadc511ed79a27a64,414997102292a143d9fa1e83a06be5b3,caa17d9705fd9f6d0702bfd660e4c04a
ada2a23c16fccfc2ec263839f61513fb,636ef6792a201d3122b43ccc19e77f44,752eba3f6fe74ad599b1c9b1073207cc,f1c0704161db55f0ebb2eba43d3c8f9e
4c90cd97858325fcbd5564695eefa482,f450f8b83cb38fcac4d9ac0bed41c458,b71d9256f93c1067c48980a61d3de152,0d94a9a258ae1c6308fbe934364459fa
92b3677f69817487a08d82f874b6a2cf,d5ca1a1aea1518ce1eb4da40c3ce6fa8,cfa7c4cf294db0c3274c44724de617c8,cb548cd1e6245f85764ab16ed6b82802
bc48705109a9c69f403371d9607caeda,bf741e3116adaa4aa671f21d2ed26548,c429495a86b26de36df0b2e93aa90eff,07d9ba72919ef1a7c4bfe24cdcf1f04b
965e79dcf4874c4ab886ec00e9c12a7d,87df21288c29f32a1c960e4547628d36,256d0b35f424fc4e6e1364f7c2ab7c8d,0ef902ab859c323d6f1d6d2777bd5f63
f92a779b4f35c23908e124ed4a2d9fdf,d5805d15ad376806cc584f3bb03fc16a,2fb5b0c03f2ba40df6cb83c3b0f459ba,f387758cc89988a4e5c52a909bccb63a
0244c69f3bd26996b5ff011f9f0b8318,644738c86c8063fe4601ed52ecb103a5,0b6e0b5c9ca0c40528355fbf09b05bd1,fa9504ad7725527a1c998ebfa278ebc7
7386f61a87c414861970f0ccb35b4004,0931e75b34b52a534e46d04d0cc8d07c,cd70d5557347222a10b28f058b50f1ef,53f71deaa463a5b2c688d5f68e541ede
fb9ad5919473671a1a7db61e683373e9,346d6ac6502dfded1da7b1710ba525e9,b44625c0d5f1e2023683873822fbba02,b6b1241bb157d0a3da1c0e672954a3fd
bc48705109a9c69f403371d9607caeda,615d2972d1744d8eeb2e3fab35bbd5ee,c429495a86b26de36df0b2e93aa90eff,f194f27b34144398ac7d9c75f45c2002
bc48705109a9c69f403371d9607caeda,24099cf8b3e682ce6cb840c38adaa1d0,c429495a86b26de36df0b2e93aa90eff,97911a9b7ea3bacee64e76e2e7f8c17b
bc4227453dfca268bf45c524dff6921a,de73228b11d9aab5e78da193a1808709,1f5b03dcba70580fc87fa763f248fa44,1992dabe6656edbb1a4b2180ffb4ee37
bc48705109a9c69f403371d9607caeda,c7a87f5c97bd60da6c44036514c1c6ea,c429495a86b26de36df0b2e93aa90eff,3d4bf2a940b929f61aaefce300305075
893799181e27658e52be0f9a0280825b,645aebd1e095962c7b45623666ee6737,8bce384ae9bca5d6b4d773b5ddf52c2d,3bf65d016d769c16517736f4db41f3b0
f92a779b4f35c23908e124ed4a2d9fdf,3f8aae90a92b607cc045fc701fa36094,2fb5b0c03f2ba40df6cb83c3b0f459ba,822440fd424f36e02f6ae77eda228729
965e79dcf4874c4ab886ec00e9c12a7d,f4ee7c60b9b75faf2b1d20f20f142373,256d0b35f424fc4e6e1364f7c2ab7c8d,b3e316e6fa5caec1b262ec183b6e3ec9
f92a779b4f35c23908e124ed4a2d9fdf,bdeaa015f817ee959aa232efd8f13da3,2fb5b0c03f2ba40df6cb83c3b0f459ba,abc234d2adf1e9c8f83d9338258fb4ab
0244c69f3bd26996b5ff011f9f0b8318,2c8aa96ca274bfd9fe53d6f3599b6125,0b6e0b5c9ca0c40528355fbf09b05bd1,2ef132d62383d3bf504223509e1f1533
63573eba04ba719263a54db4ae2a7a6a,daecf63699d482067d8dbb212e24d7c7,e6412e716b2421cfbc35142de994bc22,3f42d7e5c147d29e6572773ce7e7a303
f92a779b4f35c23908e124ed4a2d9fdf,4c882b867e9ef8647805ba194467f3af,2fb5b0c03f2ba40df6cb83c3b0f459ba,4dfccd179fd6149af9560403082e96c2
2b316ff25eb16cbf8f8d6791ac570f5a,e1f5d08fb4d5f138ac6f73b7fb2c0bae,05d5914561e9f02968d3a7c3a35ea8f1,6e2c469e1bbc1a91d44fe07a11123176
f392703093e29cccf032614512f67fb0,b550c1bf64a17e62194e5665ee777d96,56faab3a6ffcfde008e90ba0b110b098,715400aaa81ba9dd6c369e7d9e50e950
fb9ad5919473671a1a7db61e683373e9,f1968b933dcb2e992cb27a8b054a635e,b44625c0d5f1e2023683873822fbba02,a9a9d14d5929890ae9a13b57badb9bbb
c916e738ceee21e1c1a16efd12911570,9df8a35487bf8003d429f8fbdc82c0a6,7b2d0d2a50c779e6b71077f1f8c4b15a,cd02432e6a25c4e790ab5594f8f10f03
4694688fc13bfd094991584149367cf7,e84552612b32f5e983671c0e32009d1a,1200380321abb10f44bbb6da7196fdbf,d83f94bf4b8adbe32bf84e8188823b57
7386f61a87c414861970f0ccb35b4004,736246eba265e511f0ba1cd5bdeb0a9a,cd70d5557347222a10b28f058b50f1ef,72ed866edd70e41c9991dffb27fccc52
92b3677f69817487a08d82f874b6a2cf,5a94259219729131734b23bfa6247ae9,cfa7c4cf294db0c3274c44724de617c8,f552325cd1f11b470ff61e61b5dff968
92b3677f69817487a08d82f874b6a2cf,9ce91447293ae33b77173f4ac5bc7de0,cfa7c4cf294db0c3274c44724de617c8,19e50bd0d1deabae1320c3810c4a36e8
f392703093e29cccf032614512f67fb0,901e9e8e6b4e5eb4c244a9c4f15ad21b,56faab3a6ffcfde008e90ba0b110b098,210570ed10c02b114bd59002278f9e39
0d15c76a985c1cc2a4f87cbfb5256408,c4c5ae3c780a3de440def6f93131ff90,4dfd0603d6a21d6506a89fee3e46a6f3,2816dcce24e30708b20807dd73ecd80e
904723a2274679aacc133bd34c0c436d,2d212e1205ed229da0b5551cac029ca3,ae45ae406ae9b350adfd4ef974922dfd,5069db2e729417c3663e8ad87f9b7288
92b3677f69817487a08d82f874b6a2cf,ab0165e01a4054d71bc04a5273f7f7f6,cfa7c4cf294db0c3274c44724de617c8,f529f2c0d67f35a8768b9fd10beed81e
e815282a5b9d287d87b36c5c28f6ba89,60fd4a860baa18892106373ddfa0e5e6,7bf45c701bb29d91676c56429b41675f,333e371ef0af6429cdff5fd9e5b4898b
8fca60a67791f3aa47a403198fa76f05,31ad54b3d21612463ab97dce9888747c,3c04f322775119fd3919eb85c7c67509,adfec38171285c9f650bdf55d7ec91a0
57394a69a5063ad0f8c22b4f4f3bfdde,f3ee142ec881043506f0731e5106f3c9,eca33e3ef01265f6b4dcda8477b966e2,01dd3ea5a266f240f18c00043226c9b7
d3abca69fa7c157c6c060b16b96d6771,d1567eb970480fea8d2d9ce4ef9a8ff3,b597485d99faeabb0cc8a894af9a31ee,ca61347af42823bf80e0b82f04a191b1
d3abca69fa7c157c6c060b16b96d6771,f9fd51eadf19f1c0b5caeb61afa608a5,b597485d99faeabb0cc8a894af9a31ee,88f3b8d7af4d924d9aada5e258ce4f51
d3abca69fa7c157c6c060b16b96d6771,4c15f1c77bb843c678bd8dd50ebd3822,b597485d99faeabb0cc8a894af9a31ee,6625169d32a86f3cec2fa6b6b9e6421b
e815282a5b9d287d87b36c5c28f6ba89,5c4e15d428554211f99368f273bf3026,7bf45c701bb29d91676c56429b41675f,e2f1c9fd0fbbb2d7ef969c7802e1c5fd
6f76955c53f54fc142a08926b2b2e7c2,962820fd373b3ceed74f38a0f2c3a4b6,0f005c659d50743ecf8d75384fc607c9,199e91d95e1b544ef3e6dca426254ba8
8100a87be3dd6cd2fcbd11d17df063bd,a46c96491322a8c4b7cce9d86422e638,19d5fa2496c23e37edba69102f29868c,a889224949a94887004864ca4f4215ec
d3abca69fa7c157c6c060b16b96d6771,1d485f6e1f7ab7f4640dc2beb93718ad,b597485d99faeabb0cc8a894af9a31ee,0b577bbcc55eb408c15d9da560a611f6
6de7f5e08d74ba5d0772afc58373f6b3,d97f0e9ddd869b780777c8810f7d2a2f,543f7361b9310b3e55a10c9c4569158c,0ddd6184401e8db0f63b169e3d0500a2
bc48705109a9c69f403371d9607caeda,f4f74ac757e461826c1a12510540ddc5,c429495a86b26de36df0b2e93aa90eff,61f07a80036547f88654a3896bf77185
2f0ad16b4434ac901acd6c6c585c0ead,a4f9d85404cb74032c577c0df50a8a42,008433b937f2512f53958531950df158,460f9ad3cc5d32f17d54e526b48f8bfc
c916e738ceee21e1c1a16efd12911570,250a361a8c5e167784866576af8d6522,7b2d0d2a50c779e6b71077f1f8c4b15a,acd72e14f757796fd4a8faa3b40e1805
1f21ebe48a00d5bb31ca15289019481c,92799bfeb161333419462c8463376765,7936c28af644536bff9bd2c36391a507,d6139859d082408bdca89f289e79bb62
2b316ff25eb16cbf8f8d6791ac570f5a,33cca5a41d7e281fa9234d3948b2b4ee,05d5914561e9f02968d3a7c3a35ea8f1,381ddce0e1e6b326a2ea75d037ff16b3
ebde420b1aac5334d30ff315acc3168b,26ba97531db0650da67001679c610efd,e8140faa7946610f54936f2f06fb439b,f850fe0d38257b176bdfeaff89254c87
8100a87be3dd6cd2fcbd11d17df063bd,4789525c88d3d492f0ca199ad9759167,19d5fa2496c23e37edba69102f29868c,1f4e588f929867e7478dd0cf41349e6a
a0738aa2b3905559823fb5d9ab198387,633bddb6261756f9c317932d24a93b86,3fef0e953486739883a1fd44288106f8,6e92522a8950944a46f4917b23967c25
7386f61a87c414861970f0ccb35b4004,d5cfbc202aa16dfb03fefd3f73486195,cd70d5557347222a10b28f058b50f1ef,29530c1be062c6d514bac440d5f99b0f
8b1ae8e6c1bd632fcf4bb0cb710f82e0,600dd23cf64005959db9468867cab750,ea4670731529e19b132844eb138337b5,af499ed9fd68001e75b683d2490a6263
664a023ca09585eb7fa49a9bfa530fb9,f31249645fe4c8c7f05559658542a663,54aee472348fc0b924d1439b8bdb2499,ed2dd3bfdebf1e238d40b18bc9b0bbd2
89a46bfaee9d939198256eee3b7485d4,e927cb6432bd85b7d6fd57adb35e167f,c705d217752dd50bf1d1ffdbf66971ed,a19f5ce78c792dae6f2686b5f8dbd10d
fb9ad5919473671a1a7db61e683373e9,d15957081f128e915ea8d5f43fc456dd,b44625c0d5f1e2023683873822fbba02,3073ffa9e6fa5c1f4d478b8b3b61502d
e76c4d7b39330f505a458e82b7fb0623,452a8e26fe50070d357f556f7aa12cf0,ea6a72738d81a9eeac44d1947e5fbe22,19b94aeccfe8bfa45d24e366b227e4fa
ab53df9617393558d5c2430c057010fb,12a07804bc317a33047b4a7bc105a869,4960f59e98b15759c7b94812902a5536,ccef358171397562d207e75aa4ee6df6
4deb19b54a5f980b363bb564a7ead109,3166708b31aea567adf3ccb27bda323f,414997102292a143d9fa1e83a06be5b3,252857284cad1f3f61418fc55d108021
3ada95d67d6103dacf63bded3f5e4f05,f7208215085835b5b1aa08b0e0463b33,da8e5b441d9d4a8909fe1f32e90473c1,55d82a97e6cb0d3766e33d93386d7eb5
4deb19b54a5f980b363bb564a7ead109,749ee2d461b8b366e613c1a89d36a4e3,414997102292a143d9fa1e83a06be5b3,c0f4989772df948ac2b4b016a9391f25
8100a87be3dd6cd2fcbd11d17df063bd,dcac3778758383d22b26a51f39c84d54,19d5fa2496c23e37edba69102f29868c,50d072b64d0b20a0bd4600814e893029
965e79dcf4874c4ab886ec00e9c12a7d,875977eab67ff0a86d29c03fd398ce44,256d0b35f424fc4e6e1364f7c2ab7c8d,2b8f7592b042b2327cc97adbc04b5cb6
f92a779b4f35c23908e124ed4a2d9fdf,a3670b03a606717821ebe74fef8e38c8,2fb5b0c03f2ba40df6cb83c3b0f459ba,c5b2954ec7005edd00af667b22b413b6
4deb19b54a5f980b363bb564a7ead109,26701c1f7ece3b534636b45d95fd46f4,414997102292a143d9fa1e83a06be5b3,5ae866e0bb8293f3d56ea5480c44ee65
59d675a786f3030402aa277d70c6082d,2a73f7d0efe3e7c3645cb5ffcd1ac4b5,3bee551a4c05b3072ab68bd9e4ec128d,3a992f41295ca2296ac2899577a21231
8422b14bfc3eb6e8d92f438616b08640,8ee4d61c408a2db6d4740dc64906f806,77645ad407267559c9646b8d2432996b,90b46b77eb1c55c8151cc40aeb97f41b
63e750a3f3da6cb349f57ebfdaee5202,83bee89710fb2640087349065aaead9e,61141bac00940db9dbc0da0be6b39b1b,cb05553f2e1039bfd54c0ff13f962b23
4deb19b54a5f980b363bb564a7ead109,8c73018e725134564a945c5515658315,414997102292a143d9fa1e83a06be5b3,1990052bc7900cebc4e59360eb25391c
4deb19b54a5f980b363bb564a7ead109,2bb91905b9d57cd6e0b31d3c50a67be1,414997102292a143d9fa1e83a06be5b3,a8497708fd68e76fcf2342b882d51cba
c916e738ceee21e1c1a16efd12911570,d8d57f66727fb3f70db61e6127b10ab7,7b2d0d2a50c779e6b71077f1f8c4b15a,42f75084c0baba9b40624eb1d2066cfb
c640d55738ee853595330a87718150df,6177f01bdc13a43cb8d096ebf4c9900f,e9f928cd473b8c1812c5e14a6f32d350,d485dcb708dc48cf85f03b74c4f9060e
7386f61a87c414861970f0ccb35b4004,1d30e207240bd84c7c747dc38e6a7060,cd70d5557347222a10b28f058b50f1ef,738fa6e15438a82f1c0e43d3b97fdd93
a0738aa2b3905559823fb5d9ab198387,ce4bc7cdfeadc99a349ec5bd2314d908,3fef0e953486739883a1fd44288106f8,b38a336dac0ffa4400018f7651f7c2a9
55eab3f51d3ac5db55d5fbd1acc0ed04,f74841c3b4725496a50c94835d5e215a,7110c331829e3a4d12c820e1364957bf,2782b991af5f49726223c4d85a090ef9
fac4bd53746abb34f7729d553eaa44c7,4d6095147f31515a0d8bc259d7b4adce,5b67802568f2295acbf369d66652e2db,2587c8e1eb7e2622a09d57a97a819691
bc48705109a9c69f403371d9607caeda,086b111ccd53fdebddf97be89f2443e4,c429495a86b26de36df0b2e93aa90eff,d5750034a1644cf77743b2c0211969cb
bc48705109a9c69f403371d9607caeda,6c6816273bb77a508078c7fc49b4549f,c429495a86b26de36df0b2e93aa90eff,501d76ae14417b079d82ebc5c1fb72b1
bc48705109a9c69f403371d9607caeda,4cb23164701a110f743e5633b7ae3bd8,c429495a86b26de36df0b2e93aa90eff,e09bf44fc111452a770fe8d65c7d5e91
c916e738ceee21e1c1a16efd12911570,cceaf127529659766930bc82a20f18ba,7b2d0d2a50c779e6b71077f1f8c4b15a,67b6c24019cddce66fdebd3055019a62
16f6f7be5e5d0cd8a02d63c2dc578c21,74d3ccf7d9102a80c13d32ea6b7a6850,2aaedca3ef60a4aa4ac71bdc27926e36,07eb3bf5439435afba70e4f6e6dcc8b8
bc48705109a9c69f403371d9607caeda,44a28e94d344a37b7884545d67a51654,c429495a86b26de36df0b2e93aa90eff,6bf2ef67380ba98805286b533778e363
bea18d94d82e3183fff09b58e063a34a,a1bc9c98a394b080ce1cf6c87bcf48d4,2a4b614baf4f44f55167bfb1284c8ad4,59133c3cfa95ffc43d1b1b0c345924a0
63e750a3f3da6cb349f57ebfdaee5202,70b8eee3ed11cda61b52e1222ac6f27b,61141bac00940db9dbc0da0be6b39b1b,a5317edf0d7e8a9a3cf0bb3818b70a06
896ff9440b997cde17b42d99a1c7c405,c44a584909a009d97b24eb1c00d0c389,d23a0ae07b5abf14259d92811aad8465,c66fe358ec25d03f3a24beb0a7c65412
896ff9440b997cde17b42d99a1c7c405,0dfc39f88fc8595acdaed9534570e4a7,d23a0ae07b5abf14259d92811aad8465,423c13eeec046307c02dc2cacead0488
72cf8655a13c630913c2b316699245c3,aec835db2a6bc3de28a49a14f23c89e8,e5ab27de80093f61db1355b071a8ea05,3dc91546f4adc8130b0795a368742de3
63e750a3f3da6cb349f57ebfdaee5202,09f2d29c218fc82618ef96178b4e3f2d,61141bac00940db9dbc0da0be6b39b1b,9482b0412986cd747d8224cf8620ba9d
965e79dcf4874c4ab886ec00e9c12a7d,cbe22b4946a28b65992b1eb28710d89a,256d0b35f424fc4e6e1364f7c2ab7c8d,ecd7ae63e495e6528f0464558573b247
4deb19b54a5f980b363bb564a7ead109,b4a654c010a3f3e92f7ca169cfd73ca4,414997102292a143d9fa1e83a06be5b3,114ce041e90bef65670cf00f2b2b565e
74d1cae9d00673f6f27d8cc0d86dde3d,9922f896d6cf8d2bfecd2e8098b8b3c6,bb6d7a4f09c57d945f6280c8d7c05834,c0502bbe9fbcc552199e8e3ae2d84b4d
f92a779b4f35c23908e124ed4a2d9fdf,480afebc84538d0a7ebe9e44cd4d9396,2fb5b0c03f2ba40df6cb83c3b0f459ba,23e52eb15a3ac0cad92ebf87dbaac065
8b1ae8e6c1bd632fcf4bb0cb710f82e0,90fd71105e875edec31908d1f06ffb0f,ea4670731529e19b132844eb138337b5,e3f5013d4da3a0da35efc79b855aaf7b
965e79dcf4874c4ab886ec00e9c12a7d,22fe6097cb98b414f01013270c3f3e89,256d0b35f424fc4e6e1364f7c2ab7c8d,911cf58437d061de997d2c526cc07bb3
16f6f7be5e5d0cd8a02d63c2dc578c21,ccd051d005b524a8af15b083ea436f90,2aaedca3ef60a4aa4ac71bdc27926e36,747540000503f1b48cb57ae4be2f3697
f92a779b4f35c23908e124ed4a2d9fdf,6095cc4aa3799e07d850498b92fcb90c,2fb5b0c03f2ba40df6cb83c3b0f459ba,d175295338b0575bbf9d01e8a7809bd3
965e79dcf4874c4ab886ec00e9c12a7d,f45c6ab9fa63ee1b786c5cbb42b098e8,256d0b35f424fc4e6e1364f7c2ab7c8d,fe7ddf3addf5db224496bfa3e5860f37
bea18d94d82e3183fff09b58e063a34a,22a5464fccc8c53cf6a59edd45cdbd51,2a4b614baf4f44f55167bfb1284c8ad4,d685241ca09a527b64f47ed77ffcfdcf
c916e738ceee21e1c1a16efd12911570,228d9f8d5b79d2b4d2cdd3d1b17adfde,7b2d0d2a50c779e6b71077f1f8c4b15a,e1db1b759797f41bf0085788778a0dfc
7386f61a87c414861970f0ccb35b4004,1cc80513ba32d3f479f5666976c86f83,cd70d5557347222a10b28f058b50f1ef,7dcf4f7209b45278649a8220eeb6358d
f92a779b4f35c23908e124ed4a2d9fdf,18543dc92cd446d20b820172c07dabd5,2fb5b0c03f2ba40df6cb83c3b0f459ba,66cf080c7db037264fda6c2c604b9ee7
056467612704ce35ee9fe65b1bf3b459,ed5a0e1da6cb29fc0a70c9cc8568166b,bf4a8f08c82f7ac6c294a69844f53c36,d3c9b771ade8561369d1c5066bbe669e
f8a1c258886e044e3a0e7a7d9a424793,a07ff922af9330ef754e9c07c808d776,b8872253069abefd40118985b2df6bf4,701ab38e432e44881dc141aafd63415b
f8a1c258886e044e3a0e7a7d9a424793,a8849673426679ca9560ea92f8046b5a,b8872253069abefd40118985b2df6bf4,ec609cb62670dc14d31de697f5010853
bea18d94d82e3183fff09b58e063a34a,92a63d2113a32659ee413915c104db0c,2a4b614baf4f44f55167bfb1284c8ad4,3f2c6ca381742663714fb24f64e68870
f92a779b4f35c23908e124ed4a2d9fdf,6a146ae431f39f07cc465fc60488e312,2fb5b0c03f2ba40df6cb83c3b0f459ba,00639105ec7f87a714e362570664b9a2
eead519f9adf9485e0da2b7147cbe42a,81cbaf907df86c98502f055bbd227091,735d49f612c5985a86fefbc25c40e1ca,899e851a08ed369fcbf98c1fc2af103c
f92a779b4f35c23908e124ed4a2d9fdf,35256e976d589374788e9eb26969c329,2fb5b0c03f2ba40df6cb83c3b0f459ba,aa8c604d6a03f286bf30e7f8c900fe28
59d675a786f3030402aa277d70c6082d,a34fbfd9c18b16824f44d4f7c4f83994,3bee551a4c05b3072ab68bd9e4ec128d,3d0742a7a955811225639a8d941900ed
f92a779b4f35c23908e124ed4a2d9fdf,a54bfc6a46df2d7becb118dfb166db6b,2fb5b0c03f2ba40df6cb83c3b0f459ba,c398bbaf0801c0d4c80c373c816ce2f3
92b3677f69817487a08d82f874b6a2cf,5d977fcdb98fe80ef5682279066482d3,cfa7c4cf294db0c3274c44724de617c8,27ed10447c977670aad388d16d21f112
93b6caef6875d9f216aa4188ead1476d,db867a530cce377bf1aec992813b5067,70f0aeadf475714a6648d5bcc04320b4,edea502774dc75f5ece47f04f483d022
db3e298f81b505c43239c3b7300363b6,209e37c72313df878e0db601237d491e,9a88d70a0e8fd7151f1dbf52a25d9689,0a5809eff6a7871d30819bc8f6746092
92b3677f69817487a08d82f874b6a2cf,ae84224c026684263e674b0b37c7b24e,cfa7c4cf294db0c3274c44724de617c8,b9a9a55e8936ade116a764b6c9fa9c78
8100a87be3dd6cd2fcbd11d17df063bd,518fbd0048112579802d71b5648dbcca,19d5fa2496c23e37edba69102f29868c,996782e7140ac19eff648698b70d76c3
bc48705109a9c69f403371d9607caeda,192a64f9d6cf37ad6e229cddbf88a2e0,c429495a86b26de36df0b2e93aa90eff,6aa1ee9b4137aa30efdfe9c141a64e50
63573eba04ba719263a54db4ae2a7a6a,011a237ce49dbcabd4ce7d63ee088e2b,e6412e716b2421cfbc35142de994bc22,4a3199b72d27ba208b766062d6126838
6182d992025900317513f31270fd14d8,afb92093412b4950382d5f6273529ee4,a885a289c04769ff03ddeafe20148688,adcc7556ea64fae53f82413a6057d544
74d1cae9d00673f6f27d8cc0d86dde3d,6da612169874ebe8ad07e2c11e5983f8,bb6d7a4f09c57d945f6280c8d7c05834,1e77cdcfb9a643f4279c5473a3112d53
bc48705109a9c69f403371d9607caeda,8749bd75140ebf7ab5a4799ebc6d087e,c429495a86b26de36df0b2e93aa90eff,4af88a9622cdbec3d61cf27648dfd312
bc48705109a9c69f403371d9607caeda,a72f57bf10ffca0c6f9800e3cc5c0d42,c429495a86b26de36df0b2e93aa90eff,f00fbc0caa5e038f3464a5ae9b7fd4ab
bc48705109a9c69f403371d9607caeda,5fbc6f4757e3e8e10addb359e6064a34,c429495a86b26de36df0b2e93aa90eff,ae58815034e312fc2b0124c150cfa91e
bc48705109a9c69f403371d9607caeda,8fe38092ca174b87e65611ddd8d638ce,c429495a86b26de36df0b2e93aa90eff,a02f95d5a6e2d2e923805dfc4731f500
f92a779b4f35c23908e124ed4a2d9fdf,f3025e74f995bb3678f6e16b98a536b1,2fb5b0c03f2ba40df6cb83c3b0f459ba,861c697c27ae01f87eb43be1861e2a33
39c57d9436561ded73cb008497f0e2e0,703df0249c9b58be0024630193d1c823,26d4ed8a73c9574d4427aec797dc1f42,fd5d875fa908897187e9fa454a11f1e8
bc48705109a9c69f403371d9607caeda,7bf67e1419520aada1346f3b9d5fa007,c429495a86b26de36df0b2e93aa90eff,9d65e72296949bd4c7d3dd7f90152572
aded4a0a85c0c44a2ea8cb4a8f3b5a8c,83d2b3cb8209232f40f73727e6149a66,52aa8304d0eb5755c468e51478b78d68,6f607600646ad35a42d4338d7b285790
5897223ac92ddcc6c2b7ad0e4ba1883f,296219644c8e794588c469f075fdfdde,9ac347c3a1eef7e456eb2026ae11a384,653a786a3971cc9d90254e85fb300e2d
bc48705109a9c69f403371d9607caeda,ce3a370b05245cff8f3209c5f5f0070e,c429495a86b26de36df0b2e93aa90eff,e1afa5d4a28ffd821262889671daefef
bc48705109a9c69f403371d9607caeda,7cf4cb39a3006715618c4192888f35d8,c429495a86b26de36df0b2e93aa90eff,d9aef2d7c237c511323b50d64a37aabc
d3abca69fa7c157c6c060b16b96d6771,21c819b38decfb61167d42c16f4ee396,b597485d99faeabb0cc8a894af9a31ee,ca15d70af94dc7bc3f3417d8cbc93d23
bc48705109a9c69f403371d9607caeda,ecbeb7cb9d38383ee94ba10c93d81d1a,c429495a86b26de36df0b2e93aa90eff,57b4d58944f39523f213e6b57691a63f
bc48705109a9c69f403371d9607caeda,d1c07359643c57bacb0aa70c591cce3c,c429495a86b26de36df0b2e93aa90eff,253d0c396d3289b048fd31eb4a9c2fa0
bc48705109a9c69f403371d9607caeda,16dbcb5d1c5163553463541fbbbd205f,c429495a86b26de36df0b2e93aa90eff,cb770dfcdfc236c294e6231da1bb561f
89a46bfaee9d939198256eee3b7485d4,61bcf6d85bcbba54376c85460a6032b3,c705d217752dd50bf1d1ffdbf66971ed,55c01d4c04f4b8d712b7f065b3811116
bc48705109a9c69f403371d9607caeda,e470779feeb7a139a9feb7882953a3fe,c429495a86b26de36df0b2e93aa90eff,511137a9863e1b1cb68cdd15eb3b20b2
bea18d94d82e3183fff09b58e063a34a,edfb7008f2265175b35b8c5fa46d375a,2a4b614baf4f44f55167bfb1284c8ad4,97a6d28575211d2025cc1fffa3c8b0e2
0d15c76a985c1cc2a4f87cbfb5256408,6e1c48ce4b6ee255822d4f125dca8bfa,4dfd0603d6a21d6506a89fee3e46a6f3,bd4a3fd8447c9eb06af4802e44094b07
7386f61a87c414861970f0ccb35b4004,0d9c679d31dc4c09c7a0983283894a76,cd70d5557347222a10b28f058b50f1ef,d64e74b22bdaff1b2d2ea8a42a2dca3b
ee95965f20d626fe25657501608d01e4,3765e07825c578e1cacc6a52967599ad,9b06e290cef806d541063d72e888fe1c,e906dc82b7489f3d5a7aa6e9568df7b0
bc48705109a9c69f403371d9607caeda,072aae1b2e0f0a5caeb2babd7cce84ff,c429495a86b26de36df0b2e93aa90eff,051ce298aef64d767d1c7bcf4defe08e
d62e7d73af9d14d92b79b22374b3098e,37db2b1a3605e5d0afbac33fe5346903,8631cf5c0122c3ed462e0523800c37b6,3b2c9db81a556b9a0c55af34ae067738
