b61e3dd11922b17192c04a70193bbee3,092f6486549ed3efe1acdbafeff28008,e975f761ed84e98f401b1dd95bef4575,89433dea223451db63ca3d28e5d854de
92b3677f69817487a08d82f874b6a2cf,8a83f9bad296097c4709a09232f9aaef,cfa7c4cf294db0c3274c44724de617c8,e8cb79fd025359ed06b4890881bde250
c14a8f12b114b8a3c8d20fba1adea7c3,fa41b433ce291e3e9f180ab834520365,b1f593011b2d8ea84ce85aff6e43c7e5,9c6abb674f46ff6f78a7d769ae148339
55eab3f51d3ac5db55d5fbd1acc0ed04,d23a0ae07b5abf14259d92811aad8465,7110c331829e3a4d12c820e1364957bf,f1117ccad3d37361babd60aec79d93b6
d3af443f952babd35ae24017c2b03bae,699762538d11edb282b6063e3ae00d6b,2103d5c31c07be69ab2e2894d2e0ba35,ecca3a6e778fca650364b25c11892bd1
ada2a23c16fccfc2ec263839f61513fb,e49f79aa44f2d47bcf5bd3ae8ccbc0ea,752eba3f6fe74ad599b1c9b1073207cc,926d759282068dcb01f7537082ee7e4c
8100a87be3dd6cd2fcbd11d17df063bd,3ede5f89d96d075181c438970f16ebd0,19d5fa2496c23e37edba69102f29868c,d701e75a897829b101b0d50ffd0f58e9
965e79dcf4874c4ab886ec00e9c12a7d,0df79b32418303409f35147a0f6ee9be,256d0b35f424fc4e6e1364f7c2ab7c8d,3be6b941455ab39eb7b732c419c232d8
5b8a88a29c0338ea810165856201b07f,70f0aeadf475714a6648d5bcc04320b4,e18c4f0a8ec64915defd91643837ca5a,d8064e4a63991fc3e690bb30ac3f166c
7386f61a87c414861970f0ccb35b4004,db162ec5f02be025291222a77d090d77,cd70d5557347222a10b28f058b50f1ef,c238773bd591ae6f7d6f7dd16d146282
f92a779b4f35c23908e124ed4a2d9fdf,24d628a9fb84b3427dbff4d9b6db2781,2fb5b0c03f2ba40df6cb83c3b0f459ba,2d9505be22ce40a288aa7d5f8adc41bf
6182d992025900317513f31270fd14d8,adcc7556ea64fae53f82413a6057d544,a885a289c04769ff03ddeafe20148688,afb92093412b4950382d5f6273529ee4
f8a1c258886e044e3a0e7a7d9a424793,417128f1be22192ac47de057011d49f7,b8872253069abefd40118985b2df6bf4,e6f163e9d5afab729a594bee4356e91f
63573eba04ba719263a54db4ae2a7a6a,de6dcb4ef4f09b5046e262014c1822e6,e6412e716b2421cfbc35142de994bc22,460014cdbf64679b8492066aca73ebac
bc48705109a9c69f403371d9607caeda,fa804db3a22baf2322ace15cf05e4844,c429495a86b26de36df0b2e93aa90eff,c8af1654f64b46fbdbebe2a9259b40c0
8100a87be3dd6cd2fcbd11d17df063bd,b0ecfccd7ba56d5c790e29c29acd5467,19d5fa2496c23e37edba69102f29868c,57cd10d484f9c6ce3c6152aa8a35dbf5
0244c69f3bd26996b5ff011f9f0b8318,17c15cc46262afe84f89198a81f79fff,0b6e0b5c9ca0c40528355fbf09b05bd1,7c3a6a35115536a8eb78085736fbacb8
8100a87be3dd6cd2fcbd11d17df063bd,c39e8901017bb3aa074c11fcaa5d0692,19d5fa2496c23e37edba69102f29868c,c859909adaad2f8e3d589422a4255f9d
f392703093e29cccf032614512f67fb0,3867b19498545d0fbfca488151d6ad42,56faab3a6ffcfde008e90ba0b110b098,e093c27d6869c1cf49d4834b404cf77c
4deb19b54a5f980b363bb564a7ead109,ea6a72738d81a9eeac44d1947e5fbe22,414997102292a143d9fa1e83a06be5b3,a3e7ad53e07e803a729bba148d46aca2
bc48705109a9c69f403371d9607caeda,e09bf44fc111452a770fe8d65c7d5e91,c429495a86b26de36df0b2e93aa90eff,4cb23164701a110f743e5633b7ae3bd8
bc48705109a9c69f403371d9607caeda,f194f27b34144398ac7d9c75f45c2002,c429495a86b26de36df0b2e93aa90eff,615d2972d1744d8eeb2e3fab35bbd5ee
f92a779b4f35c23908e124ed4a2d9fdf,a885a289c04769ff03ddeafe20148688,2fb5b0c03f2ba40df6cb83c3b0f459ba,78554abe2577b38c537138a89ec7d084
d7514596bc0be7b30e2db1b5285e5a17,cc4ff28962048f4b4d4c8cf4fbc001ef,45957943abdbc8e75ab0e79bd299cdbb,4ea071345d65cada7322564e93d5f30c
f92a779b4f35c23908e124ed4a2d9fdf,5c2d685aeaa92b376c5021355b3a62ac,2fb5b0c03f2ba40df6cb83c3b0f459ba,fcf73fe7abbcbd201fe53a6305742002
c916e738ceee21e1c1a16efd12911570,1a88b154d717a450d0791eec783f7415,7b2d0d2a50c779e6b71077f1f8c4b15a,aa526bd7da6268456a23da962cdd2e5e
7386f61a87c414861970f0ccb35b4004,1cbfeeaebb7e558efe52634c4a8f42b1,cd70d5557347222a10b28f058b50f1ef,a10e507f97401de51a3b5cc814d81a63
bc48705109a9c69f403371d9607caeda,3b793a4a4ae2a72d37c97515d497a306,c429495a86b26de36df0b2e93aa90eff,fa51345d51ca92beeb8ffceb87600b14
664a023ca09585eb7fa49a9bfa530fb9,ed2dd3bfdebf1e238d40b18bc9b0bbd2,54aee472348fc0b924d1439b8bdb2499,f31249645fe4c8c7f05559658542a663
92b3677f69817487a08d82f874b6a2cf,ee17eb81b6b0605021ba9ceaeec333ff,cfa7c4cf294db0c3274c44724de617c8,26dce959b03e6923d49736671dc5d1f6
bc48705109a9c69f403371d9607caeda,61f07a80036547f88654a3896bf77185,c429495a86b26de36df0b2e93aa90eff,f4f74ac757e461826c1a12510540ddc5
bc48705109a9c69f403371d9607caeda,b44625c0d5f1e2023683873822fbba02,c429495a86b26de36df0b2e93aa90eff,1afb2ef4552a8daae9d49e8aea3d327d
893799181e27658e52be0f9a0280825b,3dea4211e6bedcd9141b862d988a0280,8bce384ae9bca5d6b4d773b5ddf52c2d,562eb6b26e45b9a47185a4794f057333
92b3677f69817487a08d82f874b6a2cf,8631cf5c0122c3ed462e0523800c37b6,cfa7c4cf294db0c3274c44724de617c8,ecc59f4e6f81778883d03b370e105193
7386f61a87c414861970f0ccb35b4004,1bbdb74112dca9597ace57132dea330c,cd70d5557347222a10b28f058b50f1ef,0b0e619621b03337a56cc5d8b6715c6e
f92a779b4f35c23908e124ed4a2d9fdf,4dfccd179fd6149af9560403082e96c2,2fb5b0c03f2ba40df6cb83c3b0f459ba,4c882b867e9ef8647805ba194467f3af
bea18d94d82e3183fff09b58e063a34a,b6caeb1477eb87305309c3e03d9357e1,2a4b614baf4f44f55167bfb1284c8ad4,64d2d039c79b06af638eff67dd8e5cb2
bc48705109a9c69f403371d9607caeda,07c7fb15c144d81fe69fe434826a2ae7,c429495a86b26de36df0b2e93aa90eff,43866a5db84788eaa6ca9eaaa12fb591
bc48705109a9c69f403371d9607caeda,051ce298aef64d767d1c7bcf4defe08e,c429495a86b26de36df0b2e93aa90eff,072aae1b2e0f0a5caeb2babd7cce84ff
896ff9440b997cde17b42d99a1c7c405,423c13eeec046307c02dc2cacead0488,d23a0ae07b5abf14259d92811aad8465,0dfc39f88fc8595acdaed9534570e4a7
e815282a5b9d287d87b36c5c28f6ba89,752eba3f6fe74ad599b1c9b1073207cc,7bf45c701bb29d91676c56429b41675f,7aa10292cb8af6ea19f3de3ea5c07a03
eead519f9adf9485e0da2b7147cbe42a,c062aa0bb49dacbbbe6f27c61f45a4f4,735d49f612c5985a86fefbc25c40e1ca,372b1c8bcd4691eabf41ea006d6ee4d2
bea18d94d82e3183fff09b58e063a34a,60f53d8f94005584f7cc87759a692ef5,2a4b614baf4f44f55167bfb1284c8ad4,f5a5be4fcf16d94337b077fc1a15a821
bc48705109a9c69f403371d9607caeda,511137a9863e1b1cb68cdd15eb3b20b2,c429495a86b26de36df0b2e93aa90eff,e470779feeb7a139a9feb7882953a3fe
bc4227453dfca268bf45c524dff6921a,77645ad407267559c9646b8d2432996b,1f5b03dcba70580fc87fa763f248fa44,c809d3a14954b9c8a92e29229560920e
965e79dcf4874c4ab886ec00e9c12a7d,f226844116dfeb45ad1abdac17e8fd37,256d0b35f424fc4e6e1364f7c2ab7c8d,08ed35a3e09cb999cd7901fc184382e0
965e79dcf4874c4ab886ec00e9c12a7d,4c6eecf541dc70f4ca05958effc0582e,256d0b35f424fc4e6e1364f7c2ab7c8d,65d8171ccc5a61932868e4906a0511f5
59d675a786f3030402aa277d70c6082d,bfaf0a2e686e80c7d2846de48d02fb38,3bee551a4c05b3072ab68bd9e4ec128d,ebb4a1eb50dc2f039fb1b49031e3b692
bc4227453dfca268bf45c524dff6921a,1992dabe6656edbb1a4b2180ffb4ee37,1f5b03dcba70580fc87fa763f248fa44,de73228b11d9aab5e78da193a1808709
4deb19b54a5f980b363bb564a7ead109,a611bb0463316a188b03ea1ae1a09245,414997102292a143d9fa1e83a06be5b3,7d99eb1d4a941f9bf8a31a7266e40e5e
f92a779b4f35c23908e124ed4a2d9fdf,c4de5b749b790bbe4cae89770f38eee8,2fb5b0c03f2ba40df6cb83c3b0f459ba,3c8fe521d5e7150e40b19008006ca036
bea18d94d82e3183fff09b58e063a34a,0f0a1e6a641dfd529b6d069c4390cb75,2a4b614baf4f44f55167bfb1284c8ad4,3e0946cfae50394c7751a6352afcfd84
e815282a5b9d287d87b36c5c28f6ba89,a5e01991b73f46319ffdf054cda1c993,7bf45c701bb29d91676c56429b41675f,47e706c42ba0d779751fa5dc91ea6b13
c75117202ce7fb72c8fe3c571dd26138,ea194616011d47d18cd432fbafebc011,065c8225e6f3850b8f1b4865df755ad1,d462fd07f59fb9a98a0f394fd8d177ab
bea18d94d82e3183fff09b58e063a34a,c696719f53f3bbbcb33a3444d0b70271,2a4b614baf4f44f55167bfb1284c8ad4,5dec92bf788b4e94d2d958acfec6b4d8
8100a87be3dd6cd2fcbd11d17df063bd,996782e7140ac19eff648698b70d76c3,19d5fa2496c23e37edba69102f29868c,518fbd0048112579802d71b5648dbcca
8100a87be3dd6cd2fcbd11d17df063bd,ae45ae406ae9b350adfd4ef974922dfd,19d5fa2496c23e37edba69102f29868c,65f4f562c20edb1a6a442b5a7b6fd95c
74d1cae9d00673f6f27d8cc0d86dde3d,4ebf175370d3f222bf696ab8bf7db179,bb6d7a4f09c57d945f6280c8d7c05834,3e5f0aca02a3de2e8dc35f3cbd38f5ba
bc48705109a9c69f403371d9607caeda,cb770dfcdfc236c294e6231da1bb561f,c429495a86b26de36df0b2e93aa90eff,16dbcb5d1c5163553463541fbbbd205f
bc48705109a9c69f403371d9607caeda,bb3842b958c10755f7765747ef544b12,c429495a86b26de36df0b2e93aa90eff,dd851f9b64faf9a1a2da609e10664517
ada2a23c16fccfc2ec263839f61513fb,bcc4108660a22087df7c2f23982268df,752eba3f6fe74ad599b1c9b1073207cc,d1879186bcc507c7d66fb0e4aab25231
3d80eda594941a314a96f2f1aa29480c,1fb033feec0e5fe7a20213761333350b,857de1acc8e8023c7312ac1f0055df2d,21d541cda6384435a9d8ede8b305829a
f92a779b4f35c23908e124ed4a2d9fdf,ba70b7351b0ce396bc58bbf7df935463,2fb5b0c03f2ba40df6cb83c3b0f459ba,1f1526b2cf38e0cf6dad5d6553abb8a1
63573eba04ba719263a54db4ae2a7a6a,4e660fd6fce9264f2a5dcecea1f28e98,e6412e716b2421cfbc35142de994bc22,aaed9ed80d36c3273ff69d1d99e26011
bea18d94d82e3183fff09b58e063a34a,6a9d494082cdea495c5f10af571e14a3,2a4b614baf4f44f55167bfb1284c8ad4,fe1d8eaf1056075b2ad24ffabb59aa3f
f92a779b4f35c23908e124ed4a2d9fdf,f2f361ecdcc0af2c8e743a3132be0a98,2fb5b0c03f2ba40df6cb83c3b0f459ba,3ba26c2db06eb626929f81209e9d8c7b
eead519f9adf9485e0da2b7147cbe42a,2efb631210b05257eac38462307e98d9,735d49f612c5985a86fefbc25c40e1ca,c25b6207300cd05113ab03943ab135ad
5897223ac92ddcc6c2b7ad0e4ba1883f,653a786a3971cc9d90254e85fb300e2d,9ac347c3a1eef7e456eb2026ae11a384,296219644c8e794588c469f075fdfdde
f92a779b4f35c23908e124ed4a2d9fdf,00c989045582779acd112041464f5682,2fb5b0c03f2ba40df6cb83c3b0f459ba,85a0922480cf506c1f859a98cb9f713b
92b3677f69817487a08d82f874b6a2cf,695b6e14c66910e9b0b2e7b781d69e7e,cfa7c4cf294db0c3274c44724de617c8,36ad17b54549d7b70546b21e8ee1a641
f392703093e29cccf032614512f67fb0,3c04f322775119fd3919eb85c7c67509,56faab3a6ffcfde008e90ba0b110b098,e9252fee8c8c4afbd684806ddfca251f
bc48705109a9c69f403371d9607caeda,1d1dc0af68caf0d84dc5753f8f21e69c,c429495a86b26de36df0b2e93aa90eff,1d4a0fbbcdfed0e5f75dfed4c571482a
9b84cb42e2acadf5c10bb0d317df022c,9a88d70a0e8fd7151f1dbf52a25d9689,97269d4d23f9c7036f21bdfc72853836,c63092037b3e26b6e8dfda29a5f1df5a
c916e738ceee21e1c1a16efd12911570,a3449e03f3650b2f45a979dcbfef4d4b,7b2d0d2a50c779e6b71077f1f8c4b15a,cda90202d14edcb8ce6b76960b0361d1
f92a779b4f35c23908e124ed4a2d9fdf,dea39c6c320a72006a03496ccf8bb335,2fb5b0c03f2ba40df6cb83c3b0f459ba,1a930dddbf474e57206051ca4ae7090e
fb9ad5919473671a1a7db61e683373e9,92f43c12bbee97071926f0f0481802a3,b44625c0d5f1e2023683873822fbba02,979725d5f771e567b611763a66858c2f
0d15c76a985c1cc2a4f87cbfb5256408,90a177556f848c57284edb0249cf54df,4dfd0603d6a21d6506a89fee3e46a6f3,6e60383b456ad29a160e225e9b65046e
8100a87be3dd6cd2fcbd11d17df063bd,77586ad1b370a9107ea6a7a25aa7d7d7,19d5fa2496c23e37edba69102f29868c,469b73c4524b893de1d9b36ab846cbd4
0d15c76a985c1cc2a4f87cbfb5256408,14f4fc27ac0e601e193e8c7d47a590d2,4dfd0603d6a21d6506a89fee3e46a6f3,bb9f67f039fc8e8180315697bf9fb58c
e815282a5b9d287d87b36c5c28f6ba89,7bf45c701bb29d91676c56429b41675f,7bf45c701bb29d91676c56429b41675f,bb94e99b4c91bad2fe858e2c70dbf69a
63e750a3f3da6cb349f57ebfdaee5202,a2ce98541af30013a95b71e27b807e76,61141bac00940db9dbc0da0be6b39b1b,8c1e345a0a8deedfdec80790c225c128
bc48705109a9c69f403371d9607caeda,4523c949448b4e9f8a7c0e26d4ca940e,c429495a86b26de36df0b2e93aa90eff,0436ee0ba5959a0479bacba5c6846a90
92b3677f69817487a08d82f874b6a2cf,bf9da8c30e2d70c68d72f65be2e89087,cfa7c4cf294db0c3274c44724de617c8,0fa65f1a4fd01f3ed528e67397f5cd23
bc48705109a9c69f403371d9607caeda,87c0d79160d72cf7ed981c08a4b7ce01,c429495a86b26de36df0b2e93aa90eff,e1842922ea86b47ccaa42aafdb5bf729
bc48705109a9c69f403371d9607caeda,0dcd4eeaef82525979a6f2660022412c,c429495a86b26de36df0b2e93aa90eff,614fd8a7127085abe35dfc6a2770caf1
e815282a5b9d287d87b36c5c28f6ba89,51622e2542ef03e8309332ca679520be,7bf45c701bb29d91676c56429b41675f,e8f6a8dff6f72820cc5e5c2d74ac66a1
bc48705109a9c69f403371d9607caeda,253d0c396d3289b048fd31eb4a9c2fa0,c429495a86b26de36df0b2e93aa90eff,d1c07359643c57bacb0aa70c591cce3c
d61f917db591098be32e19c61ed3cb11,8aaeee463858037f00430fe334899a62,c77167c60f37811515803f37d7e127a4,3a3f4ac64f1297fa3bc996520b0f299f
37239a9a6a18f9e25a00fa70e907f372,2e49dfe667fbc36391f512301fb67cfe,671631055c85925baf8bd4b357d6c258,2448a23bdfe39cb096b4337c8a380b4a
965e79dcf4874c4ab886ec00e9c12a7d,ecd7ae63e495e6528f0464558573b247,256d0b35f424fc4e6e1364f7c2ab7c8d,cbe22b4946a28b65992b1eb28710d89a
5b8a88a29c0338ea810165856201b07f,8bce384ae9bca5d6b4d773b5ddf52c2d,e18c4f0a8ec64915defd91643837ca5a,98480bb67934793f228733ea84e8e813
f92a779b4f35c23908e124ed4a2d9fdf,da8e5b441d9d4a8909fe1f32e90473c1,2fb5b0c03f2ba40df6cb83c3b0f459ba,08b71928184c5548d9af5307ca80fae6
bea18d94d82e3183fff09b58e063a34a,6793b4366661d881ee3a75c0f002f258,2a4b614baf4f44f55167bfb1284c8ad4,67a0b10ff6353b2fbfe05eae74f99b0b
db3e298f81b505c43239c3b7300363b6,4f909ebf4f6a2751fc926a1601ed9602,9a88d70a0e8fd7151f1dbf52a25d9689,ea4b5f5641052a12f33fb8bade5748ea
2f0ad16b4434ac901acd6c6c585c0ead,460f9ad3cc5d32f17d54e526b48f8bfc,008433b937f2512f53958531950df158,a4f9d85404cb74032c577c0df50a8a42
bc48705109a9c69f403371d9607caeda,e85dd960cb6989a2cd8f165ae29d37f9,c429495a86b26de36df0b2e93aa90eff,6d19ac6b266aa43ea4e91586d9108b55
92b3677f69817487a08d82f874b6a2cf,b9a9a55e8936ade116a764b6c9fa9c78,cfa7c4cf294db0c3274c44724de617c8,ae84224c026684263e674b0b37c7b24e
fbc704157928611aa6fdf84c020d21f9,980bfa06c750a6a8e89afdc34ae4eb38,c4de5b749b790bbe4cae89770f38eee8,6b2c4cfb09bd65e013f2ffe5edd22e02
55eab3f51d3ac5db55d5fbd1acc0ed04,7d0fcfec2bdae8ac6b5b92415d8053f8,7110c331829e3a4d12c820e1364957bf,e71a2688d494731d9d712754addd3fba
f92a779b4f35c23908e124ed4a2d9fdf,414997102292a143d9fa1e83a06be5b3,2fb5b0c03f2ba40df6cb83c3b0f459ba,d75cf58b9888839a988a5f89d775e189
59d675a786f3030402aa277d70c6082d,beb00c5588e30ccab0e63ce233a29321,3bee551a4c05b3072ab68bd9e4ec128d,6cbef8a7705100f463d2001dad509135
92b3677f69817487a08d82f874b6a2cf,b54ce2abc2604f466d8d5ca45036c9de,cfa7c4cf294db0c3274c44724de617c8,d6af048679069e9168d6ee70e37d9000
bea18d94d82e3183fff09b58e063a34a,0737e9d58573ce162a8d1309bb2d0086,2a4b614baf4f44f55167bfb1284c8ad4,2a8cfd074e469377e3bcda2df8ea4c27
ebde420b1aac5334d30ff315acc3168b,dea5196a639fb1f5d91965ace841ebeb,e8140faa7946610f54936f2f06fb439b,270e31458135605046f71e67b3ecc134
7386f61a87c414861970f0ccb35b4004,ea4670731529e19b132844eb138337b5,cd70d5557347222a10b28f058b50f1ef,145d48db5f9312c2228dd4601a27192d
e815282a5b9d287d87b36c5c28f6ba89,e2f1c9fd0fbbb2d7ef969c7802e1c5fd,7bf45c701bb29d91676c56429b41675f,5c4e15d428554211f99368f273bf3026
8422b14bfc3eb6e8d92f438616b08640,50804dd88fd874fbfe9fbc1d63c73b95,77645ad407267559c9646b8d2432996b,272bb7db7a4a1ca0948f0c8c4877ac90
0d15c76a985c1cc2a4f87cbfb5256408,2816dcce24e30708b20807dd73ecd80e,4dfd0603d6a21d6506a89fee3e46a6f3,c4c5ae3c780a3de440def6f93131ff90
7386f61a87c414861970f0ccb35b4004,008fc66302e7c419c31383394cec7a04,cd70d5557347222a10b28f058b50f1ef,a860ac13c55576d579c65c28294b6938
8100a87be3dd6cd2fcbd11d17df063bd,dbdba30fec3768f14ecab92fe126e1f9,19d5fa2496c23e37edba69102f29868c,658cf4d15c322bfe53e960aa9ab2b46f
4deb19b54a5f980b363bb564a7ead109,b187ee8686c805ca65b6eece4c44f9ee,414997102292a143d9fa1e83a06be5b3,07afe55cefb854be509dae4c511f2f7c
63573eba04ba719263a54db4ae2a7a6a,4a3199b72d27ba208b766062d6126838,e6412e716b2421cfbc35142de994bc22,011a237ce49dbcabd4ce7d63ee088e2b
f92a779b4f35c23908e124ed4a2d9fdf,a560f95427f9e5089d12f2ef9591a879,2fb5b0c03f2ba40df6cb83c3b0f459ba,9af892713fec7bd0ade5ba96a32edd93
92b3677f69817487a08d82f874b6a2cf,f529f2c0d67f35a8768b9fd10beed81e,cfa7c4cf294db0c3274c44724de617c8,ab0165e01a4054d71bc04a5273f7f7f6
eead519f9adf9485e0da2b7147cbe42a,da8ea7b897c5ec9a5e170d61c4507732,735d49f612c5985a86fefbc25c40e1ca,cc2e3bb55fe442c966746635ef17ae2a
fb9ad5919473671a1a7db61e683373e9,1dcfffe6499b05366cf523d5fe4780b6,b44625c0d5f1e2023683873822fbba02,7506777ff20035f51d5197e894021b0d
d62e7d73af9d14d92b79b22374b3098e,3b2c9db81a556b9a0c55af34ae067738,8631cf5c0122c3ed462e0523800c37b6,37db2b1a3605e5d0afbac33fe5346903
965e79dcf4874c4ab886ec00e9c12a7d,8e6fc062e6f9af71388d68526bd76de7,256d0b35f424fc4e6e1364f7c2ab7c8d,780b07a08352dc3b7f1b2b588efb16ab
896ff9440b997cde17b42d99a1c7c405,428442654ec9e8cf1b4aec92c6f1b0e5,d23a0ae07b5abf14259d92811aad8465,9145903963b2b8ced8b409dd65a20449
63e750a3f3da6cb349f57ebfdaee5202,069b9d972eba7d643c03ef4e1d558078,61141bac00940db9dbc0da0be6b39b1b,879b6e7bf915111d89431989ea9c604c
92b3677f69817487a08d82f874b6a2cf,a13eff8d7ee1646968c002803deeed7f,cfa7c4cf294db0c3274c44724de617c8,3fb9fb1c287954a7abfe9a2e0bbdd942
c1c1ea5c2a4ff18ec35b2869bb54f67b,e0469cfb45cf262e57ff765778ccc064,6549e87eaa0778c9e40f3fd85188ab86,07efa1ee24bb4e86fc070e64f0051b7b
63573eba04ba719263a54db4ae2a7a6a,951bf5bd872ea48d009932f507743eda,e6412e716b2421cfbc35142de994bc22,c41b3869bf80753627f6db7587cf2b90
4c90cd97858325fcbd5564695eefa482,0d94a9a258ae1c6308fbe934364459fa,b71d9256f93c1067c48980a61d3de152,f450f8b83cb38fcac4d9ac0bed41c458
fb9ad5919473671a1a7db61e683373e9,b6b1241bb157d0a3da1c0e672954a3fd,b44625c0d5f1e2023683873822fbba02,346d6ac6502dfded1da7b1710ba525e9
f92a779b4f35c23908e124ed4a2d9fdf,a715d0292ab078a84e71fee9552bc58d,2fb5b0c03f2ba40df6cb83c3b0f459ba,14d6478613638d4d62f46846b3427437
0d15c76a985c1cc2a4f87cbfb5256408,be5c0e337090a6e6f0d4bff05d536a8d,4dfd0603d6a21d6506a89fee3e46a6f3,5a23ed5b6f3fe48551579a7dd62ab944
d3abca69fa7c157c6c060b16b96d6771,e152b2e6cc6ffe29aa0391e0eca38b3b,b597485d99faeabb0cc8a894af9a31ee,e38e51dacb8e26bdb281414f6a3b2caf
c916e738ceee21e1c1a16efd12911570,5807a89548bf0440dac8edadb9501c78,7b2d0d2a50c779e6b71077f1f8c4b15a,1f7716931875020ada69d66020eb34ff
63573eba04ba719263a54db4ae2a7a6a,45bcf7d4d058c7e990bc2d0d669ea643,e6412e716b2421cfbc35142de994bc22,accb537239b7fc4e767453af62440c36
74d1cae9d00673f6f27d8cc0d86dde3d,a3ac78e23c46149b3e1cb01b7bdd2138,bb6d7a4f09c57d945f6280c8d7c05834,005e725f38df8f133e9546574c2b1636
7386f61a87c414861970f0ccb35b4004,85bdbd506f20b6102c757991dbfc5db2,cd70d5557347222a10b28f058b50f1ef,352009be1faf13efff62c8a73f691210
8100a87be3dd6cd2fcbd11d17df063bd,7e485d8444b55a2276f16bf829b6cf52,19d5fa2496c23e37edba69102f29868c,1a9035db4f0239548497c1510af948b3
4deb19b54a5f980b363bb564a7ead109,671631055c85925baf8bd4b357d6c258,414997102292a143d9fa1e83a06be5b3,febedc8c9c7d043aa1e6c5601ca3cd30
a0738aa2b3905559823fb5d9ab198387,a565ec40fd44f25432e7605359a15e4b,3fef0e953486739883a1fd44288106f8,f2f38e82d917422b0c191b0997a2e191
63e001804c5989ed45f26fc649092051,fee28290db1dc4024c82374fa26266b9,00e9909ef77039a24df0ed2fb080c40d,3adc79095faf541da4fd0baaf4b00135
7386f61a87c414861970f0ccb35b4004,6f24d5fb9e0fb609cce81a4d9d92a411,cd70d5557347222a10b28f058b50f1ef,decec1d5b67598433bc3988fabf84725
ae37a7212ded268bb50aef45cd693297,505767a6b8e84379180c59efc417f3d7,96d53e0dde3fcfc6e3136299e9c9246f,567b46972d91fcb63d732af2aec84674
965e79dcf4874c4ab886ec00e9c12a7d,fced272e51376f2104a9e229878f9355,256d0b35f424fc4e6e1364f7c2ab7c8d,61860a41074a475266f919d52c9c782e
6f76955c53f54fc142a08926b2b2e7c2,199e91d95e1b544ef3e6dca426254ba8,0f005c659d50743ecf8d75384fc607c9,962820fd373b3ceed74f38a0f2c3a4b6
59d675a786f3030402aa277d70c6082d,54aee472348fc0b924d1439b8bdb2499,3bee551a4c05b3072ab68bd9e4ec128d,9ad87b5fbd4d44adfe1db959c51c3082
92b3677f69817487a08d82f874b6a2cf,e9f928cd473b8c1812c5e14a6f32d350,cfa7c4cf294db0c3274c44724de617c8,a0d30bf371c2d494316e6e6ca76afbee
8100a87be3dd6cd2fcbd11d17df063bd,f7df1fc878a18f9b406ce4d8110038b5,19d5fa2496c23e37edba69102f29868c,89d03f497b03bce6f459dcf307945add
8100a87be3dd6cd2fcbd11d17df063bd,a889224949a94887004864ca4f4215ec,19d5fa2496c23e37edba69102f29868c,a46c96491322a8c4b7cce9d86422e638
7c13f3473485daf4b5c9396e632b9413,6fb53e068a72ad7af6c7121434b1f02a,60b0c43f7acbb9a34350e3aca180a79a,9f4848eeb7da6cc5edc455c2ed420b1f
a0738aa2b3905559823fb5d9ab198387,ebdad30809c019d3334ea32f798b610c,3fef0e953486739883a1fd44288106f8,237b54e843b6e859e11b32bc580f23a0
4deb19b54a5f980b363bb564a7ead109,5ae866e0bb8293f3d56ea5480c44ee65,414997102292a143d9fa1e83a06be5b3,26701c1f7ece3b534636b45d95fd46f4
2b316ff25eb16cbf8f8d6791ac570f5a,fd5f8d1c5bfeb433eee545a5b57d56a7,05d5914561e9f02968d3a7c3a35ea8f1,bf55967fd7bd06abbb34e234c802298c
bea18d94d82e3183fff09b58e063a34a,562cb5dc69e73b00db6b5921ea83219c,2a4b614baf4f44f55167bfb1284c8ad4,149cb7412707ae24995cdf65579d515a
ebde420b1aac5334d30ff315acc3168b,f850fe0d38257b176bdfeaff89254c87,e8140faa7946610f54936f2f06fb439b,26ba97531db0650da67001679c610efd
ee95965f20d626fe25657501608d01e4,343488776a9aa6b8b77f0ea4398c7089,9b06e290cef806d541063d72e888fe1c,534b83007d1b5f1f40d14d57dd7f26a6
59d675a786f3030402aa277d70c6082d,cdd238989a9ed3f2c579044d8dd797c7,3bee551a4c05b3072ab68bd9e4ec128d,64bdb5276c320121feb29e4b75d60fbd
c916e738ceee21e1c1a16efd12911570,cd02432e6a25c4e790ab5594f8f10f03,7b2d0d2a50c779e6b71077f1f8c4b15a,9df8a35487bf8003d429f8fbdc82c0a6
f8a1c258886e044e3a0e7a7d9a424793,701ab38e432e44881dc141aafd63415b,b8872253069abefd40118985b2df6bf4,a07ff922af9330ef754e9c07c808d776
f92a779b4f35c23908e124ed4a2d9fdf,be258561a838be9926e9940ba829fac5,2fb5b0c03f2ba40df6cb83c3b0f459ba,69f7f0df9e67c99c140025986cd15600
0d15c76a985c1cc2a4f87cbfb5256408,bd4a3fd8447c9eb06af4802e44094b07,4dfd0603d6a21d6506a89fee3e46a6f3,6e1c48ce4b6ee255822d4f125dca8bfa
bc48705109a9c69f403371d9607caeda,40ad5b3913ccadd8f37023c9525e7efd,c429495a86b26de36df0b2e93aa90eff,f4882d93c89d34a6225bbe0cf1c78464
3ada95d67d6103dacf63bded3f5e4f05,0e6c2a5f94e133fecd8cdc013340bfe7,da8e5b441d9d4a8909fe1f32e90473c1,e247014475598fec9914c9fa633b3262
92b3677f69817487a08d82f874b6a2cf,5d56e6b3c87b37f5b39cf13cd145d25a,cfa7c4cf294db0c3274c44724de617c8,82741f2ed6170e583f5efe792c45491c
ada2a23c16fccfc2ec263839f61513fb,f1c0704161db55f0ebb2eba43d3c8f9e,752eba3f6fe74ad599b1c9b1073207cc,636ef6792a201d3122b43ccc19e77f44
16f6f7be5e5d0cd8a02d63c2dc578c21,df1a73d4f69bcdb40cf9d30d19093890,2aaedca3ef60a4aa4ac71bdc27926e36,3471457912d00416b7aec71342900f56
f92a779b4f35c23908e124ed4a2d9fdf,bed26695b30d978b86e5304788bdc62c,2fb5b0c03f2ba40df6cb83c3b0f459ba,b41c699406d1a28e34f010e8fbabc7ed
7386f61a87c414861970f0ccb35b4004,decfd18f8529361996ce775f305f8951,cd70d5557347222a10b28f058b50f1ef,9d144391dcf9e7e478e5da8eb26da20c
27c18dff5cfe43acf772739cf56d2962,e6412e716b2421cfbc35142de994bc22,a74178c504fec5fef28bf2d1a3af8092,c321645db3af5c46acaaa8a824bc741b
7386f61a87c414861970f0ccb35b4004,7b5c48d5ab7f7a15b188ef6185ab2c3d,cd70d5557347222a10b28f058b50f1ef,b1e31beaff3fc2863db06fe37eb3f75c
f92a779b4f35c23908e124ed4a2d9fdf,71f11b24ce8349d7dd8ed5f96bb4b890,2fb5b0c03f2ba40df6cb83c3b0f459ba,7233ed4564a5e1eb441c08f907093bdc
fc31981f05e76956d13efd0eefb1f770,8e2c9661d74fe095b2aedd941405aadb,5c2d685aeaa92b376c5021355b3a62ac,afadcc84e6aa06431fc3115893befa09
bea18d94d82e3183fff09b58e063a34a,81dc05f168bfa24b1f9c3e2fc690963b,2a4b614baf4f44f55167bfb1284c8ad4,ec8d77452c495174e86d67a08e1a08f9
965e79dcf4874c4ab886ec00e9c12a7d,967aff7f1d812e5e1a2fb309b6b7566e,256d0b35f424fc4e6e1364f7c2ab7c8d,c7fa68fa555af986969e0e75c8325220
f92a779b4f35c23908e124ed4a2d9fdf,9b06e290cef806d541063d72e888fe1c,2fb5b0c03f2ba40df6cb83c3b0f459ba,d8ad3b3b512f12ceb3dbbf1a4c0d300e
bc48705109a9c69f403371d9607caeda,d5750034a1644cf77743b2c0211969cb,c429495a86b26de36df0b2e93aa90eff,086b111ccd53fdebddf97be89f2443e4
a0738aa2b3905559823fb5d9ab198387,bf729e12a1c6d066d255d764b85e6d6f,3fef0e953486739883a1fd44288106f8,92821add3dbde5651ab9ab5d2a5f4742
3ada95d67d6103dacf63bded3f5e4f05,7fcb574fce50ddf65c1c724f59152041,da8e5b441d9d4a8909fe1f32e90473c1,9476848b84db0c67414307adc267474e
39c57d9436561ded73cb008497f0e2e0,fd5d875fa908897187e9fa454a11f1e8,26d4ed8a73c9574d4427aec797dc1f42,703df0249c9b58be0024630193d1c823
59d675a786f3030402aa277d70c6082d,c2542962fa83673b3e2fe7b7bcec164e,3bee551a4c05b3072ab68bd9e4ec128d,2ca95faffdeb50ccb9063125d883cd84
eca6b6554875ab52c403c06cd73fa713,c429495a86b26de36df0b2e93aa90eff,b47ecfff1a1ab300e57d8dcb470633a5,757322e8bd3137d7fadf5ee7295ea147
bea18d94d82e3183fff09b58e063a34a,97efb59454b119ad0b6e30ff5d2c0410,2a4b614baf4f44f55167bfb1284c8ad4,7010a344e20b91dd2d7c251cebbc0d06
0d15c76a985c1cc2a4f87cbfb5256408,f5ee5d6ab7d56bdf78cb705f63dd296d,4dfd0603d6a21d6506a89fee3e46a6f3,40f62b8a242d42091eb58c0f153cbae9
d61f917db591098be32e19c61ed3cb11,a491c4862213835deedce6f0465ff512,c77167c60f37811515803f37d7e127a4,e9c3f85ae342b957f534ddd3156a64fc
92b3677f69817487a08d82f874b6a2cf,cb548cd1e6245f85764ab16ed6b82802,cfa7c4cf294db0c3274c44724de617c8,d5ca1a1aea1518ce1eb4da40c3ce6fa8
6de7f5e08d74ba5d0772afc58373f6b3,0ddd6184401e8db0f63b169e3d0500a2,543f7361b9310b3e55a10c9c4569158c,d97f0e9ddd869b780777c8810f7d2a2f
0d15c76a985c1cc2a4f87cbfb5256408,3cd048505707779bc6a05760db1de30c,4dfd0603d6a21d6506a89fee3e46a6f3,30765b03ffbb9a6e8d883fe31ba0a6f8
7386f61a87c414861970f0ccb35b4004,57d0da70a43a1fdffadea064d8df4deb,cd70d5557347222a10b28f058b50f1ef,79dc5d59ed8b766d21f5af2ab97eafeb
e815282a5b9d287d87b36c5c28f6ba89,333e371ef0af6429cdff5fd9e5b4898b,7bf45c701bb29d91676c56429b41675f,60fd4a860baa18892106373ddfa0e5e6
7386f61a87c414861970f0ccb35b4004,6de4c78e1e18428e2bfc61897709b669,cd70d5557347222a10b28f058b50f1ef,5f9e28e8618600b80f2eec824be10e9c
f92a779b4f35c23908e124ed4a2d9fdf,7f08adccd7558e4deb3c36fe8bf26309,2fb5b0c03f2ba40df6cb83c3b0f459ba,77332b0420bcd2447a15913730cf61f3
f92a779b4f35c23908e124ed4a2d9fdf,579b11b284f7cbf9abd647609ec614f6,2fb5b0c03f2ba40df6cb83c3b0f459ba,d9bbed2b0407a93b1d69937238a621c1
bea18d94d82e3183fff09b58e063a34a,90900c7ba3f251c3c219320eac79cec7,2a4b614baf4f44f55167bfb1284c8ad4,7e4ee079ed277f6d7254ece41cac1c85
c916e738ceee21e1c1a16efd12911570,5aa75a56e85145c28aab476fb14c5b26,7b2d0d2a50c779e6b71077f1f8c4b15a,f31aa2f5d22be0f9b4bdf0f58f300ff2
4694688fc13bfd094991584149367cf7,d83f94bf4b8adbe32bf84e8188823b57,1200380321abb10f44bbb6da7196fdbf,e84552612b32f5e983671c0e32009d1a
2b316ff25eb16cbf8f8d6791ac570f5a,2269ec1cc1b7f255ee18715e378526cf,05d5914561e9f02968d3a7c3a35ea8f1,7d0d3e797ec49aeb43470f4984ae3366
8100a87be3dd6cd2fcbd11d17df063bd,76a6a03000f1fbc7b85ef7ec7761524a,19d5fa2496c23e37edba69102f29868c,1a3405bfdaf3da576fe422d8168bc24e
93b6caef6875d9f216aa4188ead1476d,edea502774dc75f5ece47f04f483d022,70f0aeadf475714a6648d5bcc04320b4,db867a530cce377bf1aec992813b5067
a0738aa2b3905559823fb5d9ab198387,071b4ab4360173fec381d142bdf840ab,3fef0e953486739883a1fd44288106f8,47f9f6cefcd4759c68dc99f8221909bd
bc48705109a9c69f403371d9607caeda,a313c5cf263da8360eca61249541a714,c429495a86b26de36df0b2e93aa90eff,44020d3220d218e7a79992dde21bcc34
965e79dcf4874c4ab886ec00e9c12a7d,0ef902ab859c323d6f1d6d2777bd5f63,256d0b35f424fc4e6e1364f7c2ab7c8d,87df21288c29f32a1c960e4547628d36
f92a779b4f35c23908e124ed4a2d9fdf,5a0c7ea051a95264e96885d50d9e36c1,2fb5b0c03f2ba40df6cb83c3b0f459ba,5ede95238533e16c12ea6cf735c4cd34
c916e738ceee21e1c1a16efd12911570,e374a7dcdf1223af93662481438c4761,7b2d0d2a50c779e6b71077f1f8c4b15a,35911ce766f678f2d9069f8af5d35cba
e464d88625633c85f0872e930bda8b69,4512e5b9a202d5fafb82a6c1b6fb5e9b,e6d4482664022e44fddc811d93d9b8d4,ddd34a5cee542ec92bb354778eda8740
8b1ae8e6c1bd632fcf4bb0cb710f82e0,c705d217752dd50bf1d1ffdbf66971ed,ea4670731529e19b132844eb138337b5,cf21782975c30c9dcbfdf23992bc2696
e815282a5b9d287d87b36c5c28f6ba89,4b8dbfd3e14b6210bd44994bfc23d95d,7bf45c701bb29d91676c56429b41675f,65db3db1cdc04142a44223709a06f2c3
bc48705109a9c69f403371d9607caeda,0153f411947bcf5d79c6378e79d6ab17,c429495a86b26de36df0b2e93aa90eff,02177a14bd50e428a2e79f2b896f117b
8b1ae8e6c1bd632fcf4bb0cb710f82e0,e18c4f0a8ec64915defd91643837ca5a,ea4670731529e19b132844eb138337b5,ac06081cf6ffa50e3f88d8630f6570d2
92b3677f69817487a08d82f874b6a2cf,19e50bd0d1deabae1320c3810c4a36e8,cfa7c4cf294db0c3274c44724de617c8,9ce91447293ae33b77173f4ac5bc7de0
f92a779b4f35c23908e124ed4a2d9fdf,96d53e0dde3fcfc6e3136299e9c9246f,2fb5b0c03f2ba40df6cb83c3b0f459ba,7f29c6640eec323131f1988da4820523
f8a1c258886e044e3a0e7a7d9a424793,b597485d99faeabb0cc8a894af9a31ee,b8872253069abefd40118985b2df6bf4,2f80e6dc069cea2ec88689d85eb9fa4d
0d15c76a985c1cc2a4f87cbfb5256408,643c74a016fe634c7b5a06e62e4cdff8,4dfd0603d6a21d6506a89fee3e46a6f3,bff8b1bf541f37a28e3e1ff6ac78ae71
2f0ad16b4434ac901acd6c6c585c0ead,c83895f903bd44c16fc9cf68dde1a1b6,008433b937f2512f53958531950df158,98311d3cbd51da9a58d387c910046b00
ebde420b1aac5334d30ff315acc3168b,54ba3065ff5bcdd5129af05c1edbfac4,e8140faa7946610f54936f2f06fb439b,58550ab0189d501ed88b3b2a42e9a157
904723a2274679aacc133bd34c0c436d,5069db2e729417c3663e8ad87f9b7288,ae45ae406ae9b350adfd4ef974922dfd,2d212e1205ed229da0b5551cac029ca3
0244c69f3bd26996b5ff011f9f0b8318,448c125dc0046834ee39e1b88f1d34ae,0b6e0b5c9ca0c40528355fbf09b05bd1,78f835251c8b38d6f029a05e2cc4d518
6dd0ed3132b6b8f0d1b70dde8ef1c12d,13d00f974e6af83fea84bed6d5723abe,252dfd5fd81fa7a5eda0702dfeaa5e75,ca9875cca6023e94738ebc15af10465f
bea18d94d82e3183fff09b58e063a34a,23c538dae3f1775457677d4aa3b4005b,2a4b614baf4f44f55167bfb1284c8ad4,8c4a1157209018c4f740973bb1ae32f2
bc48705109a9c69f403371d9607caeda,ae1596b8935dcd4a77c9e9ed12a21d8e,c429495a86b26de36df0b2e93aa90eff,f3a3c5555838fb6e4cc173ad87ec62cb
bea18d94d82e3183fff09b58e063a34a,3a6e098d55d60384809be089c1b22fa3,2a4b614baf4f44f55167bfb1284c8ad4,8ec7194f433e4fad8103ccfb56aa6c33
f92a779b4f35c23908e124ed4a2d9fdf,b2e352c152d736a7f5fe677b117100ed,2fb5b0c03f2ba40df6cb83c3b0f459ba,5b42488ac5f8e7ce543c1771a2990fd0
bc48705109a9c69f403371d9607caeda,5154f472c021ce31ddcc6bbf10ffd705,c429495a86b26de36df0b2e93aa90eff,ab01f63368c078fe597390f18871a3eb
bc48705109a9c69f403371d9607caeda,f00fbc0caa5e038f3464a5ae9b7fd4ab,c429495a86b26de36df0b2e93aa90eff,a72f57bf10ffca0c6f9800e3cc5c0d42
2b316ff25eb16cbf8f8d6791ac570f5a,6e2c469e1bbc1a91d44fe07a11123176,05d5914561e9f02968d3a7c3a35ea8f1,e1f5d08fb4d5f138ac6f73b7fb2c0bae
965e79dcf4874c4ab886ec00e9c12a7d,87297881655b3f8908fc8d5efdc1afbc,256d0b35f424fc4e6e1364f7c2ab7c8d,2cacb5505689f329651baf7e086b2eb2
4deb19b54a5f980b363bb564a7ead109,aeeb8a421734711e88a334df58f4caac,414997102292a143d9fa1e83a06be5b3,c020a696448060faf2ad6dc54c72702a
bc48705109a9c69f403371d9607caeda,501d76ae14417b079d82ebc5c1fb72b1,c429495a86b26de36df0b2e93aa90eff,6c6816273bb77a508078c7fc49b4549f
965e79dcf4874c4ab886ec00e9c12a7d,911cf58437d061de997d2c526cc07bb3,256d0b35f424fc4e6e1364f7c2ab7c8d,22fe6097cb98b414f01013270c3f3e89
ab53df9617393558d5c2430c057010fb,ccef358171397562d207e75aa4ee6df6,4960f59e98b15759c7b94812902a5536,12a07804bc317a33047b4a7bc105a869
4deb19b54a5f980b363bb564a7ead109,aab927be16088dce72710ad2eb6dc181,414997102292a143d9fa1e83a06be5b3,3665423062b07ba242d2a129ba13cfa1
0d15c76a985c1cc2a4f87cbfb5256408,d42023480c2046507af6c4e824ae0a0c,4dfd0603d6a21d6506a89fee3e46a6f3,bd60acbfc53387838a3bc197c5538fd8
8b1ae8e6c1bd632fcf4bb0cb710f82e0,af499ed9fd68001e75b683d2490a6263,ea4670731529e19b132844eb138337b5,600dd23cf64005959db9468867cab750
bc48705109a9c69f403371d9607caeda,840f0da2ed72d2542c6f1baa6dc0a4f1,c429495a86b26de36df0b2e93aa90eff,3b8bc8d4635cb113d417a7e9d2022203
bc48705109a9c69f403371d9607caeda,4af88a9622cdbec3d61cf27648dfd312,c429495a86b26de36df0b2e93aa90eff,8749bd75140ebf7ab5a4799ebc6d087e
f92a779b4f35c23908e124ed4a2d9fdf,385e2bb0d3705ba50aafda47faad4ba8,2fb5b0c03f2ba40df6cb83c3b0f459ba,bd2c397bea7e6913055c7a6246340bcd
f92a779b4f35c23908e124ed4a2d9fdf,ae5e6caaca529112e02e0641ea16ae1a,2fb5b0c03f2ba40df6cb83c3b0f459ba,ce1571f3d5ab3a987574c0db9f082a40
92b3677f69817487a08d82f874b6a2cf,54c02f0951a166806505e334da51abba,cfa7c4cf294db0c3274c44724de617c8,5475d7d43c671221dab089d6e925a3e7
a521df54c64e26cfcb785da9974d700c,2a1dd89a983573dc62c598e974b6d6ea,c5efd5c0cef94c37b58d0fc39715e612,3bacdcffce22863c9ddf0bfe3d69afcd
2b316ff25eb16cbf8f8d6791ac570f5a,e6c084116592137572f8c14afc2928c7,05d5914561e9f02968d3a7c3a35ea8f1,3b7a3b9aa47f89349904d94cbe5dac46
4deb19b54a5f980b363bb564a7ead109,b84fdd915dc99efb688f822be50f0cda,414997102292a143d9fa1e83a06be5b3,5120af88b3d600f51ec045de685b45ed
db3e298f81b505c43239c3b7300363b6,6f5426175272de16853926ebdb0d03f6,9a88d70a0e8fd7151f1dbf52a25d9689,c708b2bf645a97a59e4483306b7ba27e
f92a779b4f35c23908e124ed4a2d9fdf,f6fecfdcfefa18728da5c96ad4b3d210,2fb5b0c03f2ba40df6cb83c3b0f459ba,9677974e0b974bb129840bf7bc0b11da
0244c69f3bd26996b5ff011f9f0b8318,fa9504ad7725527a1c998ebfa278ebc7,0b6e0b5c9ca0c40528355fbf09b05bd1,644738c86c8063fe4601ed52ecb103a5
74d1cae9d00673f6f27d8cc0d86dde3d,7607cbc2fd5f48495cad1b2e1f944d69,bb6d7a4f09c57d945f6280c8d7c05834,5c2772f8ba6af6c6d8edb6da38e62a09
4deb19b54a5f980b363bb564a7ead109,252857284cad1f3f61418fc55d108021,414997102292a143d9fa1e83a06be5b3,3166708b31aea567adf3ccb27bda323f
bc48705109a9c69f403371d9607caeda,605c7155ab22e19fcee7dfddc709b466,c429495a86b26de36df0b2e93aa90eff,bda5ea87c528f9610e96c573ec16b55d
865f88286c7dd2d104e3608c2cbc0dcf,771bb5f1f5e39a37e812b8d6f8824c86,505767a6b8e84379180c59efc417f3d7,677c5045b7f73586e845ed918383ed02
7386f61a87c414861970f0ccb35b4004,53f71deaa463a5b2c688d5f68e541ede,cd70d5557347222a10b28f058b50f1ef,0931e75b34b52a534e46d04d0cc8d07c
8100a87be3dd6cd2fcbd11d17df063bd,b1f593011b2d8ea84ce85aff6e43c7e5,19d5fa2496c23e37edba69102f29868c,cb27d51fa8030f4c6af402371b793548
965e79dcf4874c4ab886ec00e9c12a7d,41a2b77a1b3ceafdbc0bd3a876f2ebe6,256d0b35f424fc4e6e1364f7c2ab7c8d,2b30d9899d5da0796e04cf77c72ec18d
4deb19b54a5f980b363bb564a7ead109,beca453cc6d007058c417616bcee7449,414997102292a143d9fa1e83a06be5b3,274eb3cad7328bb732662af476ac0de2
d85b2e48d2e6698da6be86f7cb9f545c,ce36bb54400e6ae6d8f354e34dad3323,d2002ea8647bcec63917667a6f21a480,d1f3bce859a04b9e974324e6acdcf20e
f92a779b4f35c23908e124ed4a2d9fdf,5bf963281dab7992ccfd10f919b1c65d,2fb5b0c03f2ba40df6cb83c3b0f459ba,ff08bed8ecbf2eb375d8fe89932b149e
4deb19b54a5f980b363bb564a7ead109,a8497708fd68e76fcf2342b882d51cba,414997102292a143d9fa1e83a06be5b3,2bb91905b9d57cd6e0b31d3c50a67be1
3aaf0741a81661e8d04172d19ea74d8f,543f7361b9310b3e55a10c9c4569158c,77586ad1b370a9107ea6a7a25aa7d7d7,291cf33a43e9d205b68a7652294b0ff0
7386f61a87c414861970f0ccb35b4004,7dcf4f7209b45278649a8220eeb6358d,cd70d5557347222a10b28f058b50f1ef,1cc80513ba32d3f479f5666976c86f83
bea18d94d82e3183fff09b58e063a34a,fe1bfeebcafd0566e31d9cfc0dfe2937,2a4b614baf4f44f55167bfb1284c8ad4,dbbb19aa3f65c93cc02ddf078d84959f
f92a779b4f35c23908e124ed4a2d9fdf,841d487c101eeafbb3a73e9dadf995e0,2fb5b0c03f2ba40df6cb83c3b0f459ba,092a170c6e059f34a79d4d48a764bb1a
bc48705109a9c69f403371d9607caeda,9d65e72296949bd4c7d3dd7f90152572,c429495a86b26de36df0b2e93aa90eff,7bf67e1419520aada1346f3b9d5fa007
6f76955c53f54fc142a08926b2b2e7c2,c5474301a7cc963d59baac80dcf616a5,0f005c659d50743ecf8d75384fc607c9,1f9e6487a2eca512dd1bc633a54940bb
e76c4d7b39330f505a458e82b7fb0623,3aa37406776d530d6c20934043836e59,ea6a72738d81a9eeac44d1947e5fbe22,6d759da22fa5bfdf51757770941a8d72
4deb19b54a5f980b363bb564a7ead109,4c07afc1e322a12e9c047d391d920820,414997102292a143d9fa1e83a06be5b3,0aade3c3fe8bc8a69bc69fd6b077d914
056467612704ce35ee9fe65b1bf3b459,d3c9b771ade8561369d1c5066bbe669e,bf4a8f08c82f7ac6c294a69844f53c36,ed5a0e1da6cb29fc0a70c9cc8568166b
bc4227453dfca268bf45c524dff6921a,4960f59e98b15759c7b94812902a5536,1f5b03dcba70580fc87fa763f248fa44,99ee025528ea380a38eb4bb50c89d357
f92a779b4f35c23908e124ed4a2d9fdf,008433b937f2512f53958531950df158,2fb5b0c03f2ba40df6cb83c3b0f459ba,c090d63430973d94ca7a42918b4684f0
c916e738ceee21e1c1a16efd12911570,c211ec0d338ac8ba29b9632182dc182f,7b2d0d2a50c779e6b71077f1f8c4b15a,3f5e705f69edc05edba37ff9e0af18bd
eca6b6554875ab52c403c06cd73fa713,9aeec2e24955c46055e69244dab6429a,b47ecfff1a1ab300e57d8dcb470633a5,84d5f7365d0980438427fe459aca76a2
f392703093e29cccf032614512f67fb0,11f90765efc03dee98f2887c7646fa8c,56faab3a6ffcfde008e90ba0b110b098,6b0bbf55a16a94bf675a1dafe5e34fa9
0d15c76a985c1cc2a4f87cbfb5256408,4dfd0603d6a21d6506a89fee3e46a6f3,4dfd0603d6a21d6506a89fee3e46a6f3,261805bfee4410c428637ef28bb0b6ef
f92a779b4f35c23908e124ed4a2d9fdf,c77167c60f37811515803f37d7e127a4,2fb5b0c03f2ba40df6cb83c3b0f459ba,4a8d7f4f03a1af079ccd5f6f1733bae6
896ff9440b997cde17b42d99a1c7c405,61141bac00940db9dbc0da0be6b39b1b,d23a0ae07b5abf14259d92811aad8465,fbd1f2444e28ea07020b5e5738bcf424
92b3677f69817487a08d82f874b6a2cf,f8c30f634739591ffe37534f963b2ab1,cfa7c4cf294db0c3274c44724de617c8,c80fdedc46f5fd136e7df2e9e1225dd3
965e79dcf4874c4ab886ec00e9c12a7d,4800a76871565b87fae1587c934e6217,256d0b35f424fc4e6e1364f7c2ab7c8d,b911a183f12660a8b63741d2ca2cafe7
bc48705109a9c69f403371d9607caeda,9bbe47c129539ed67c895170369d865d,c429495a86b26de36df0b2e93aa90eff,969dd924fd26fb8eb42e6558efec2193
a0738aa2b3905559823fb5d9ab198387,6e92522a8950944a46f4917b23967c25,3fef0e953486739883a1fd44288106f8,633bddb6261756f9c317932d24a93b86
92b3677f69817487a08d82f874b6a2cf,2a464283d961e3647cbdb57fe1bfb298,cfa7c4cf294db0c3274c44724de617c8,41ba7dca3eae3f4d2d96e7f768a3aa1e
e815282a5b9d287d87b36c5c28f6ba89,130795051991a97852f0fb2a607914b8,7bf45c701bb29d91676c56429b41675f,0c2e071e831777cf57e5617df0c8d780
63e750a3f3da6cb349f57ebfdaee5202,9482b0412986cd747d8224cf8620ba9d,61141bac00940db9dbc0da0be6b39b1b,09f2d29c218fc82618ef96178b4e3f2d
bc48705109a9c69f403371d9607caeda,07d9ba72919ef1a7c4bfe24cdcf1f04b,c429495a86b26de36df0b2e93aa90eff,bf741e3116adaa4aa671f21d2ed26548
ea90ceb208bab353d3271132a6ec3e28,afec876b08a1dc42794105362d632f0e,7d0fcfec2bdae8ac6b5b92415d8053f8,b55693bdab9099207a7f1a19ae686dff
8100a87be3dd6cd2fcbd11d17df063bd,5ec5b3dc1c270e7272c766c9e71e3969,19d5fa2496c23e37edba69102f29868c,a318ec90cb2c56c0ad25f10d8b194476
f92a779b4f35c23908e124ed4a2d9fdf,a19d8851e494969af79491385eb24188,2fb5b0c03f2ba40df6cb83c3b0f459ba,daf9a097a2b8262f9b8acde423ca4819
0244c69f3bd26996b5ff011f9f0b8318,6babde9d59824be475aba699bc005e54,0b6e0b5c9ca0c40528355fbf09b05bd1,431ad6f2d7d8d245728dae04823b9832
8422b14bfc3eb6e8d92f438616b08640,90b46b77eb1c55c8151cc40aeb97f41b,77645ad407267559c9646b8d2432996b,8ee4d61c408a2db6d4740dc64906f806
7386f61a87c414861970f0ccb35b4004,dd56c5b1fbe8cd43655e29ea179ffcd0,cd70d5557347222a10b28f058b50f1ef,7879d64add8cfbc45ff5da818bd05e35
f92a779b4f35c23908e124ed4a2d9fdf,72b12e887578c2f95db946e4661f5866,2fb5b0c03f2ba40df6cb83c3b0f459ba,315ed8bc5fc9fe8de83601098d0455fb
3ada95d67d6103dacf63bded3f5e4f05,55d82a97e6cb0d3766e33d93386d7eb5,da8e5b441d9d4a8909fe1f32e90473c1,f7208215085835b5b1aa08b0e0463b33
965e79dcf4874c4ab886ec00e9c12a7d,fe7ddf3addf5db224496bfa3e5860f37,256d0b35f424fc4e6e1364f7c2ab7c8d,f45c6ab9fa63ee1b786c5cbb42b098e8
f92a779b4f35c23908e124ed4a2d9fdf,b6c3941af01f7e96ea18a493562c2fb9,2fb5b0c03f2ba40df6cb83c3b0f459ba,a71ed3a522410f00c95fb3a9f1ed0735
bc48705109a9c69f403371d9607caeda,76bc446d8014910a25466b3faff67b0f,c429495a86b26de36df0b2e93aa90eff,73a1f21727817ebdcdcfe7b2785e9d6f
bea18d94d82e3183fff09b58e063a34a,de65d609d2fdc522a290468d4e048180,2a4b614baf4f44f55167bfb1284c8ad4,6122c6ddf9cde4351b54a14d7220ff98
e815282a5b9d287d87b36c5c28f6ba89,c2666524ffa8ada1cafc3d5f1259e9aa,7bf45c701bb29d91676c56429b41675f,eb5519c0d3eafcdba5946d4ad69629c0
e76c4d7b39330f505a458e82b7fb0623,1200380321abb10f44bbb6da7196fdbf,ea6a72738d81a9eeac44d1947e5fbe22,76c6ee9254b667d8f718122517785798
8422b14bfc3eb6e8d92f438616b08640,5f7eaf57fed74f8b5480a26177a37172,77645ad407267559c9646b8d2432996b,047c6fc7b460d250af7e0fcf2660f394
d3abca69fa7c157c6c060b16b96d6771,88f3b8d7af4d924d9aada5e258ce4f51,b597485d99faeabb0cc8a894af9a31ee,f9fd51eadf19f1c0b5caeb61afa608a5
965e79dcf4874c4ab886ec00e9c12a7d,7936c28af644536bff9bd2c36391a507,256d0b35f424fc4e6e1364f7c2ab7c8d,54808a371696278109559cc36bf52eaf
fc22293d1d342a7610c7a4ec89dc2769,00ef9b9cc527fb7b9dd3fc112b10b411,e152b2e6cc6ffe29aa0391e0eca38b3b,cf01f3d0e4703421727a71f855bb42f2
4694688fc13bfd094991584149367cf7,e8140faa7946610f54936f2f06fb439b,1200380321abb10f44bbb6da7196fdbf,b0cf3fc7361847a5aced58a3acc3802e
a0738aa2b3905559823fb5d9ab198387,b38a336dac0ffa4400018f7651f7c2a9,3fef0e953486739883a1fd44288106f8,ce4bc7cdfeadc99a349ec5bd2314d908
eead519f9adf9485e0da2b7147cbe42a,c800f9f487383ca9715745526e7fe89c,735d49f612c5985a86fefbc25c40e1ca,f7bcc8770ec990a393d3e027f6c8aa65
e76c4d7b39330f505a458e82b7fb0623,19b94aeccfe8bfa45d24e366b227e4fa,ea6a72738d81a9eeac44d1947e5fbe22,452a8e26fe50070d357f556f7aa12cf0
4deb19b54a5f980b363bb564a7ead109,c0f4989772df948ac2b4b016a9391f25,414997102292a143d9fa1e83a06be5b3,749ee2d461b8b366e613c1a89d36a4e3
92b3677f69817487a08d82f874b6a2cf,7710e0945a4cd9ac1ee9fd72d4ceeb24,cfa7c4cf294db0c3274c44724de617c8,edbffe5bfdf4e792647049d270d359e5
59d675a786f3030402aa277d70c6082d,c11232b817bb492651a68178913ef385,3bee551a4c05b3072ab68bd9e4ec128d,033aceea81b54b72f63906c536c3adcf
d325be35ea3e88ef70bd49e6c156ce01,54549b64b7c336bdd1e339cff4bd44c1,23c538dae3f1775457677d4aa3b4005b,583d65c9b492e56a92f496f3e500376e
a0738aa2b3905559823fb5d9ab198387,ba933c06acb829e7318302c8af62be0d,3fef0e953486739883a1fd44288106f8,22244e581a9b8261d7754c94b87b1334
