41902aca2a1da2e6bba34cf0ca096fc7,d16d904decc26f93a4003d36d9b0e25b,79b529e52b13d7a57f52181fd93ca17b,31a2facdc24e1ba5022cc88f9d20c239,889c8de7826e5ae94fef3c6b0f9e32b8,4de86d84c2c89688b15a6dd59a3bf775,64962a14beb49147e46ebe854e0b42e5
abb182d6c419e113567732bb2be45e9a,c4a39636ceffa4cf80c8803ae7c6af5d,2ce2f1530216c39d9d6b52bb2214325f,c0465fb10527c7c9afd984f4b72c51d0,2587c8e1eb7e2622a09d57a97a819691,fe69529bc20e9a90f0e9ca6d9d839fc0,315e23b61b031beea9370c277dd95f8d
56d3b79e7884b034c223ccd1e7ea5e3e,c166170b2a591f685cf06c17f1003125,da284ff27d6d518d061b547f101d9de3,176795422663dad3bae16a129f6d46b2,d5750034a1644cf77743b2c0211969cb,fe69529bc20e9a90f0e9ca6d9d839fc0,1d2e6434bfd3bc0893a0d06cd2bd850c
a336f5dc0cfa2e332d7e470ff3ce12e8,748a6ec1c37c9d8497f7b344a2b994c9,420428dab7c825609194f7d2007d7984,83645e134a932b754a1da8745d7f9367,501d76ae14417b079d82ebc5c1fb72b1,d2ed6a6f29e386678ba131d9bbbb1cfd,1200380321abb10f44bbb6da7196fdbf
faa3ffd0e45bf00c77ef0d66594cec7e,711a31c915d7ec8769159d134cac5837,2bedf653771881d443b24c21854b48ab,e39d393e06aeadf48547e8682c7fd8da,e09bf44fc111452a770fe8d65c7d5e91,0cd0188790b66ef0b526b138a4439c78,4960f59e98b15759c7b94812902a5536
712e93d9ea82790dadfb5bc6e13e0e99,f97f1e9772d384d8e63cdb3cb540b737,1e1ab8905e77d1e5b0a4c2d2236029ee,2cb53438253f177bd8da0a37b4c45e00,67b6c24019cddce66fdebd3055019a62,3c90495f92535b17a9ea5a913703601b,81dc05f168bfa24b1f9c3e2fc690963b
0d3b785e590f43cf9c18fcb16dd51bf0,cbb6f46c64d62e74d6085a6c36b279f7,b8816f7a6027a530e17ae4f9405851d1,8543456179edf4715b18337802d4627f,07eb3bf5439435afba70e4f6e6dcc8b8,24a241230bbb6e9534503422cdc1ee2e,eca33e3ef01265f6b4dcda8477b966e2
88fae5aaa3990659300062ed64fcbae6,c01ea26afe4551b2211334a742072b05,830de53ad1fdcc7b6671c0acc2d16923,eb85d1589e6d1314c0cf1e1ae9126428,6bf2ef67380ba98805286b533778e363,4a41259da9fee4821de42d4705f12b7d,3bee551a4c05b3072ab68bd9e4ec128d
413a80539394f9e07b6f99b56876b2fb,557fe091251e360c9e737e03493d08de,2ea74321cdda265f6456a00ecfec4651,4caec6662a88b51daf4611f30c5d1ae3,59133c3cfa95ffc43d1b1b0c345924a0,786db631b984f1647bc6c13e06e8c7e2,9ac347c3a1eef7e456eb2026ae11a384
9d422e01f2817dda561447c9a827ab31,f78c2d85443da658ae8e275470c3ead6,957a7155e59add9ae956e3bcf3ad2ff4,26c89ec38ea536aae16ad02079a64eb3,a5317edf0d7e8a9a3cf0bb3818b70a06,0cd0188790b66ef0b526b138a4439c78,a885a289c04769ff03ddeafe20148688
83ccf632581a6744c2616d21d368daea,c01ea26afe4551b2211334a742072b05,56c4397e8f056fbb3ac9f84e50399f30,6bdaee374c1a7b5ea153eeaafc071c33,c66fe358ec25d03f3a24beb0a7c65412,4a41259da9fee4821de42d4705f12b7d,5c2d685aeaa92b376c5021355b3a62ac
557e01245224b714184667ffac1c7ea6,91d74bf784b32aba1a96e932648eafa9,dd060add7fd83f77f70443b8087bc290,95622e78ec0ba2a2525e340f96d34d43,423c13eeec046307c02dc2cacead0488,13c2e6120f9ac87ec3fac4c1d750b591,7936c28af644536bff9bd2c36391a507
30b22467a13450d43196cd0351ff66c0,c4a39636ceffa4cf80c8803ae7c6af5d,dff26977184ea18677e393da738391cc,536a796baa507c7a59bfd1974a14dbed,3dc91546f4adc8130b0795a368742de3,506706956ffbf281ca0f24a79506fd7b,77586ad1b370a9107ea6a7a25aa7d7d7
e2da437a4c81dde6ceffbc9ba6056eb5,711a31c915d7ec8769159d134cac5837,cfa1e374e7ae46fd9dd00b8ed36e87f4,5c356418c63b0769827eda16ae68aea1,9482b0412986cd747d8224cf8620ba9d,0cd0188790b66ef0b526b138a4439c78,77645ad407267559c9646b8d2432996b
25fc9feaa44728a2a6d433f14199a16b,a2b4db6b67b6687095b6b617f4617088,d16efc0b60de513ae63a84bcb8459163,92a701b9feb37c643ec35bc5342c44b5,ecd7ae63e495e6528f0464558573b247,d75109c99758e60fb648dc6bad38f4c5,de4c83bab8a513b6cd10895537d8b1a2
e9b7ac73fd6c6bad84fc5f10fc1153ff,aa6a3ae6b89a51d41c8013939b419b52,c13e22e4ecd14c80714db170682764cd,86da98ee0bf1dd7377c5a03c5c03a100,114ce041e90bef65670cf00f2b2b565e,4d9d8cbfd044ccc25e74737618df9f83,543f7361b9310b3e55a10c9c4569158c
ac7bd02343b12de15826a56773d24a91,799fc2f5b535fef10cf3655275afc190,f2817b5d368c8a084eefec7f41e61f1e,29f225418fbbdd03c141a9e48e3b0c3b,c0502bbe9fbcc552199e8e3ae2d84b4d,e6264faa7811b3b080b63fd8555ba57b,cfa7c4cf294db0c3274c44724de617c8
970e5ede0a9912da889005dbdf60c448,91d74bf784b32aba1a96e932648eafa9,699287765f681e832cda898590c2d048,b290c834414e75b864611fdad11ae9c9,23e52eb15a3ac0cad92ebf87dbaac065,248b622545455f87269d8c6fcb701ffb,1acfc1e3ad6755c5ac99d7fca4327490
2be5607af0fb149caf032a3aa25b8a41,f78c2d85443da658ae8e275470c3ead6,52c2257e821f17e9381116514d45e321,87a39dd21fecf797aa9f34dcead5557a,e3f5013d4da3a0da35efc79b855aaf7b,e6264faa7811b3b080b63fd8555ba57b,0f005c659d50743ecf8d75384fc607c9
e0721f32f3b53e4fe569da78b08f6b51,b6d1c198e0698afe8d35f545e73c5133,cf1908ccd2f7fc35c3f57c64de388bf5,b16bf0cdb900cea39c0f0df0480177a5,911cf58437d061de997d2c526cc07bb3,248b622545455f87269d8c6fcb701ffb,c4de5b749b790bbe4cae89770f38eee8
8bc28d035b486e6882be0b43e714b05c,0c7ec18c19254f6f508324821602f442,718e90e9fc7b506b47dde1f0326abb6a,499979241ae31be68741224816523008,747540000503f1b48cb57ae4be2f3697,fe69529bc20e9a90f0e9ca6d9d839fc0,52aa8304d0eb5755c468e51478b78d68
c7f7d53cfc4942938e32639eb1900535,16dd5ad85730dd1aee2047a4aa17c968,b72b07fb5e3a9f2522719721443d5e39,604077dfe1a5d76d59ef05492e1c44b2,d175295338b0575bbf9d01e8a7809bd3,d75109c99758e60fb648dc6bad38f4c5,735d49f612c5985a86fefbc25c40e1ca
2735a60fde6cfd4b4df4d9d0e177a0aa,f78c2d85443da658ae8e275470c3ead6,55275e7d22455cca9ff594bf5c85d24d,33d8eebbdd4e2b9fcd63275eeddf7cfc,fe7ddf3addf5db224496bfa3e5860f37,02be0e7d91f5e9663d2f062d1600f3a7,8a83f9bad296097c4709a09232f9aaef
0440d780d3c86d4238c3a1baf0fc5c51,f6843b4bc84d3439e452ce4be55a0862,5bc23d9b2ac3e73e56906a3956a1e5cd,bee0ae5c227a84aed3200b79cf30c65a,d685241ca09a527b64f47ed77ffcfdcf,d75109c99758e60fb648dc6bad38f4c5,385e2bb0d3705ba50aafda47faad4ba8
5cc739046adbd2d72901aec58679c7a8,f78c2d85443da658ae8e275470c3ead6,b87128661e0e52815fe593adfceec83f,26075b742dc69d522255a5a958dc0426,e1db1b759797f41bf0085788778a0dfc,d75109c99758e60fb648dc6bad38f4c5,c429495a86b26de36df0b2e93aa90eff
3890b500acecbd0e3cc283e1cc8eafc0,c01ea26afe4551b2211334a742072b05,87e88d2939b393ce3c354479e904ee73,885507e824d9a2c9fa61405f3ed008d3,7dcf4f7209b45278649a8220eeb6358d,3c90495f92535b17a9ea5a913703601b,56faab3a6ffcfde008e90ba0b110b098
baaf499aae03298a6324b87b700db102,3cba66b34c2b8814683469c2c923929e,335995e7a331d665cfde50ff002a0b90,c5938f9d09b39a77682ea6bf62326924,66cf080c7db037264fda6c2c604b9ee7,506706956ffbf281ca0f24a79506fd7b,45957943abdbc8e75ab0e79bd299cdbb
4cf58001231a4c24bb1bae8ea011f00c,91b6df7803f3bff4db2009f8ff3ac1fe,8c4e0096f541e5434e9e26ac2ed4aca1,0a78d1a7571a8ad22a107ee00000d5ac,d3c9b771ade8561369d1c5066bbe669e,506706956ffbf281ca0f24a79506fd7b,065c8225e6f3850b8f1b4865df755ad1
93588a2be9a1ce6458e1ae50f8d9e00f,f78c2d85443da658ae8e275470c3ead6,069eccc783e0f0621a9eb415863c024e,a64487fc06564b327740053b64e4607f,701ab38e432e44881dc141aafd63415b,fe69529bc20e9a90f0e9ca6d9d839fc0,b71d9256f93c1067c48980a61d3de152
1686d9105a5f87c0f00757a7188f1042,557fe091251e360c9e737e03493d08de,b16ab35dab6f5c415ea6423ee3378d1d,d626f4927f6ddfb52d57a35afc84984d,ec609cb62670dc14d31de697f5010853,d68a8b1d63cf56fe3860b50ba5e8096f,6549e87eaa0778c9e40f3fd85188ab86
8ec247a7ca94fb05cdf551d08b147dea,c7942c1d8e963d1766acc0582c20284d,bdc26f68ca5ac4df019b688655cd620a,1c6389dfd5aa36b64f5f418ce4673ace,3f2c6ca381742663714fb24f64e68870,5a841372bb0e6a055aa6e35648afa2ff,0b6e0b5c9ca0c40528355fbf09b05bd1
da20f54b8caceca5e89d23d8fbb1421c,c4a39636ceffa4cf80c8803ae7c6af5d,472da83d9d2b489fe884f9c5b2601210,a0e30e312a09177c21ba9a9b0d60ce30,00639105ec7f87a714e362570664b9a2,d75109c99758e60fb648dc6bad38f4c5,e9f928cd473b8c1812c5e14a6f32d350
1b983cf3e8ddc4ec5403acdde8e30b3b,992b67cbf6d0a0c4fc4a9c226d412323,937ae0814908f1db6b1e69729ef4255a,5d18e0584bfd2e93a1b41ffb801d80db,899e851a08ed369fcbf98c1fc2af103c,e6ac203782a6f2a82903451e3c94baf2,92f43c12bbee97071926f0f0481802a3
c7f7d53cfc4942938e32639eb1900535,c4a39636ceffa4cf80c8803ae7c6af5d,0978b0a2854b7db7e5bebff004e45ccd,c4dd00928ef8007c338394718db1f013,aa8c604d6a03f286bf30e7f8c900fe28,d75109c99758e60fb648dc6bad38f4c5,e5ab27de80093f61db1355b071a8ea05
d507f42409d08207652a531d53a2de56,98aaa47bad78aba8fb77321c16b42967,62e4bf9bf17f5677c8cefa256c12572a,fe20bce188577352158ea39fd06da465,3d0742a7a955811225639a8d941900ed,d75109c99758e60fb648dc6bad38f4c5,d8eff8000177c14c30fec90840cd24bc
96c4b606fcc02c8af2318fe5af726fa6,bb156a81efac69f0a34358a1756eadaa,83cda8b4bde2b35b9f705383d3f90f26,fa22ad1976e1780aae07ba91a2b18f55,c398bbaf0801c0d4c80c373c816ce2f3,76089dd08be1d35fc319a7d27b1a89c7,d23a0ae07b5abf14259d92811aad8465
e9461a4d1e6ee4c523147a9f2f413516,748a6ec1c37c9d8497f7b344a2b994c9,7e387bc3ab66e4c9872b0ecab2947048,2af1f8a4389852d8c08716ea2e3ca485,27ed10447c977670aad388d16d21f112,48957fd553e0eebf9ec08cf5d3b76c90,97269d4d23f9c7036f21bdfc72853836
d227431c860258ac8628c79294a8ab5e,74595f5715c2e7652f8eb8cbe5f7e0f4,71a8a55179c7ae6c18f8293542c58ede,e0fc028b2fe2e5e478d6fc8576817a5d,edea502774dc75f5ece47f04f483d022,5d53773e539688133a4e250abe7c4150,7d0fcfec2bdae8ac6b5b92415d8053f8
a498e90ad38ec4ba6a8e783650ab93c7,557fe091251e360c9e737e03493d08de,94cfcd9ee892dbfb1d86bc83bc8799d3,e1e8252cf2807522840cdc8da1ca9145,0a5809eff6a7871d30819bc8f6746092,d75109c99758e60fb648dc6bad38f4c5,505767a6b8e84379180c59efc417f3d7
cc2a719e94535265e8c79562cbd53bc6,01dd5c79dfa22a3430aba5599344403c,50d1fe3dd66258d12521d79e84d2a79a,5dd5bc2d969741c222fb12105c50e452,b9a9a55e8936ade116a764b6c9fa9c78,d2ed6a6f29e386678ba131d9bbbb1cfd,e6412e716b2421cfbc35142de994bc22
b1e6643bb46c05d79bffa2bbf3426da9,c4a39636ceffa4cf80c8803ae7c6af5d,916ae2bb3646342343c1ba7f4577735d,59c4ab6a9ae44b1a5c956076bb6f821f,996782e7140ac19eff648698b70d76c3,3892eec2407580b6543c8f5bf997a290,a74178c504fec5fef28bf2d1a3af8092
e3d917eb667b6e20358bc0eee4cedc69,d014b6f9581c05d9d1c52376e58db92c,aefef653cf6cee1482d706e7987feac2,ba055b7928d62af46e06229c2b6d0ca6,6aa1ee9b4137aa30efdfe9c141a64e50,d75109c99758e60fb648dc6bad38f4c5,df90f7b21316b0f5961a9130f2600184
6608d8b19e3f1c170c27b0a3c84dc1dc,c4a39636ceffa4cf80c8803ae7c6af5d,3de96da148d095b68c719cf43e84327f,17c4cb56e2252f665535f1d95c4b28f6,4a3199b72d27ba208b766062d6126838,1c61ebf5248b2964a635df9b88c9c40f,b1f593011b2d8ea84ce85aff6e43c7e5
07bad7e9a40b8e505b40a2d3f531b386,c4a39636ceffa4cf80c8803ae7c6af5d,d6a648e1bc1f6a53bb3a84d330837646,7f2156675f464cb2946976a37bd68ac0,adcc7556ea64fae53f82413a6057d544,f7316d15d3bf211d268cfb475cda1db1,c5efd5c0cef94c37b58d0fc39715e612
95182750b78bd4ac72858ea7e96eeddc,c01ea26afe4551b2211334a742072b05,0b8ec5aa89caf74b7ff9d7e3bf9d3b0d,3e27065341649ba0ffc470cf95402c1c,1e77cdcfb9a643f4279c5473a3112d53,3c90495f92535b17a9ea5a913703601b,54aee472348fc0b924d1439b8bdb2499
fafb1cd24096bf79c16f15c3122c272a,c166170b2a591f685cf06c17f1003125,7a7e5f12bba3e302e505ffcca7b92a43,494c04bf4fa5c37742403f506c063fad,4af88a9622cdbec3d61cf27648dfd312,d75109c99758e60fb648dc6bad38f4c5,2fb5b0c03f2ba40df6cb83c3b0f459ba
507cf0bde3a12340e2bb6fbbbdbb1b9f,a2b4db6b67b6687095b6b617f4617088,356b3f482dfaf3ae8fab5389fd19bdb5,fb97b671e55f785cbcbc6927c6b7d500,f00fbc0caa5e038f3464a5ae9b7fd4ab,d75109c99758e60fb648dc6bad38f4c5,3fef0e953486739883a1fd44288106f8
16a7993fe567602aea12355b1fdf1841,fa6c0960a5e589a6c343099bd0cd5dac,d573a3dd201ccde9fe8204d7ef8a38f7,774607a19d5502c4b1a99b0a188524b5,ae58815034e312fc2b0124c150cfa91e,fbd50a179d8de713b6320fcd19d8458e,b44625c0d5f1e2023683873822fbba02
c986cc691e82abd804ffd9db3e9f0406,c4a39636ceffa4cf80c8803ae7c6af5d,119447857fc2011ae418764d75660e3b,936795cdb41d97e685c5bddd83707d22,a02f95d5a6e2d2e923805dfc4731f500,3c90495f92535b17a9ea5a913703601b,60b0c43f7acbb9a34350e3aca180a79a
f09b300bb26690cd6953def86dc40938,992b67cbf6d0a0c4fc4a9c226d412323,d255a6b36dca821c107ef56f0c8bea58,5befef440b6df085606b81f592f45195,861c697c27ae01f87eb43be1861e2a33,f176eaa51ea45053d032b4eb9089d46a,7110c331829e3a4d12c820e1364957bf
fcc1ad3b2d18a4ce40c9ff5d7558ce41,c2034fd07bc6e3e3a490ebf7cdf1997f,7602b5444a108bc92fb703c23ed9382f,a01c035294545084639f1488aea1d48d,fd5d875fa908897187e9fa454a11f1e8,d75109c99758e60fb648dc6bad38f4c5,ea4670731529e19b132844eb138337b5
5739535d1cee5f6bd6c1625cdca16d14,c01ea26afe4551b2211334a742072b05,42682137dd9a5ca4ff709a87534a041b,591f727b342f772f99c8526142436794,9d65e72296949bd4c7d3dd7f90152572,4a41259da9fee4821de42d4705f12b7d,256d0b35f424fc4e6e1364f7c2ab7c8d
818b6942c9d26878a07f266288c13594,3d29a990b2a7d17780bcf45bcade02fb,b1df13e7fe3da2449959d3066b136522,64c7633cc096eb1cb14bba91dbafcdb0,6f607600646ad35a42d4338d7b285790,3497fc3f6b169c91efb8a14cf6e1e4c4,9b06e290cef806d541063d72e888fe1c
68c6ae9170d7292670bfde51429a34df,3cba66b34c2b8814683469c2c923929e,6b1d9b8d2ca3c5a2fdc5076bc5b4d870,57ff5464ebe9f2bbb55ef07b25afb460,653a786a3971cc9d90254e85fb300e2d,d75109c99758e60fb648dc6bad38f4c5,d2002ea8647bcec63917667a6f21a480
e4ad0fa9874e655f3596fe5f203a3dae,748a6ec1c37c9d8497f7b344a2b994c9,b00361f35c6324c5a7eef6a429b040f4,77856c6459c42bd809ad685536beecaa,e1afa5d4a28ffd821262889671daefef,0dc2e8d7bc473babf3da88fd78de12ce,2f977406dd2079eb67eb6d97c8ceb6ab
a2ab8caf5ec7b6f2197c7434ffa454ec,9e075e4b8463e0794a7deaa39357999d,ae1e85ec4912c37cf9118c9fab62ad72,36cfc01d1b5c464721f89033d749b0f9,d9aef2d7c237c511323b50d64a37aabc,24a241230bbb6e9534503422cdc1ee2e,771bb5f1f5e39a37e812b8d6f8824c86
0743922e47d1ccabd2850106337fc8a9,c2034fd07bc6e3e3a490ebf7cdf1997f,7bd47547568802aa1724bb87020c07e8,c9a50ae6097be5b2d68c8a2b9d76b79f,ca15d70af94dc7bc3f3417d8cbc93d23,3c90495f92535b17a9ea5a913703601b,bf4a8f08c82f7ac6c294a69844f53c36
8950f03b3352c7ed028ce74f7e268039,3cba66b34c2b8814683469c2c923929e,efc193428824d18900383196468b3ce5,aee4c8f6b11f8993b98828323973361e,57b4d58944f39523f213e6b57691a63f,fbd50a179d8de713b6320fcd19d8458e,70f0aeadf475714a6648d5bcc04320b4
feb2c3ecc81c9dada87824e8f4de53dd,c2034fd07bc6e3e3a490ebf7cdf1997f,09bdbf07a49d00acab092d58c2ba87b5,6d3eabcbbccfd21a67f726a1f21a8463,253d0c396d3289b048fd31eb4a9c2fa0,4a41259da9fee4821de42d4705f12b7d,252dfd5fd81fa7a5eda0702dfeaa5e75
b308ab38543f817e872b64f3b99e4724,a2b4db6b67b6687095b6b617f4617088,f21bbf7b4c25999547290a5f8a5bda4a,8819f80d8fef41695b5b82eaf8f50490,cb770dfcdfc236c294e6231da1bb561f,7c3fb0eafd091a6d76c78a89384db87e,d75b63e9334fba5cf17befac75230f2e
96a7e0d9e3aa37cbabe7481f6a4dc092,c15be9381b50ed7a4df0637de70ccbba,dd1f2aeecf08ba91e51aff28ca153532,597dca8d7ac50b3c6c5cce00ba6ee35b,55c01d4c04f4b8d712b7f065b3811116,0cd0188790b66ef0b526b138a4439c78,e8140faa7946610f54936f2f06fb439b
bb7528f746feead4a17118349c35224c,711a31c915d7ec8769159d134cac5837,500997b83a6a1d9ead984fcf959f120a,01c708e0adec880e54ef76616918185e,511137a9863e1b1cb68cdd15eb3b20b2,4a41259da9fee4821de42d4705f12b7d,2a4b614baf4f44f55167bfb1284c8ad4
ee4e408f05d64982d1a3155c5ff00407,9e075e4b8463e0794a7deaa39357999d,ae613e9f114a6905203258a7e6a432b0,7cf41758bdd2a88941bfc1bbb7745b28,97a6d28575211d2025cc1fffa3c8b0e2,e6ac203782a6f2a82903451e3c94baf2,2103d5c31c07be69ab2e2894d2e0ba35
4425ca55c1dd345145aa836cfab31c08,d014b6f9581c05d9d1c52376e58db92c,ef844103c17e5f284fd42ec751de6db2,f74e438d7668b881d29bc234824e140a,bd4a3fd8447c9eb06af4802e44094b07,d75109c99758e60fb648dc6bad38f4c5,671631055c85925baf8bd4b357d6c258
e36ad26f7bc1ae4961f891c4a1a10910,c166170b2a591f685cf06c17f1003125,289c5e8615cd1df4d7c11ab158e6331d,3f8fc53bd0be64cca4c1ed8a10084ec0,d64e74b22bdaff1b2d2ea8a42a2dca3b,52730349b2200a31ad3e5edcc8da8e60,5b67802568f2295acbf369d66652e2db
cf3abbea61adccaea61f8683319a4ae0,a2b4db6b67b6687095b6b617f4617088,6d7017db89c9e69852d558f3b22c8537,f6fed130f5fc271b25e859da36f10f86,e906dc82b7489f3d5a7aa6e9568df7b0,d75109c99758e60fb648dc6bad38f4c5,857de1acc8e8023c7312ac1f0055df2d
856ffe215f4603f7b119a93e660043f7,c2034fd07bc6e3e3a490ebf7cdf1997f,3ad3ea00b9f202ece39d528ac1ea56a2,1698cf3591dd03ac6b4112b911b67183,051ce298aef64d767d1c7bcf4defe08e,a86f9776f6ee7e10bc89fcf4906471f5,26d4ed8a73c9574d4427aec797dc1f42
9b4bc41a2d23ed9867c0b6ec29f9ac3c,992b67cbf6d0a0c4fc4a9c226d412323,d1110c5fd947fe6a9a1f4e0be643b9f8,bd13ed4439307f2425804a0a2a7508e4,3b2c9db81a556b9a0c55af34ae067738,24a241230bbb6e9534503422cdc1ee2e,00e9909ef77039a24df0ed2fb080c40d
596c7a5d32a485870ad44cf6615160e6,b6d1c198e0698afe8d35f545e73c5133,1101406fcc58e718f7252b01e7239129,931ed19da34ca5cdf4b478eeae409dde,fa15c2031b7c5f679b6f430318097a36,f466f569476506c4b5927fba8c9de1ce,b47ecfff1a1ab300e57d8dcb470633a5
c6cfcf24e137907d05b33f10e5fec4c7,14fd10871542ba7198c5292f7f570d44,ab492bc75b19fc237eae2f5f38962bd7,ef058320fc1c5ce531fd449e84cf81cc,bfc97db566682eb063fe7a390d4020e5,24ff5ecbf7002f8153a95e27f44fe49f,2e49dfe667fbc36391f512301fb67cfe
58548b450a5f2d95e6e04365b88e5274,91b6df7803f3bff4db2009f8ff3ac1fe,83097e2d1b9f6cf402dcd3581c709b31,62fc62207f49762cc094162bd431d27b,c0179fbe7b88e1dd9d247c860aaa3665,24ff5ecbf7002f8153a95e27f44fe49f,4dfd0603d6a21d6506a89fee3e46a6f3
5f53283b5ec72a36253b50a190ce0351,748a6ec1c37c9d8497f7b344a2b994c9,254177f27a09d8cbdb03ed9a43929f6b,05dba830f5222f6908cc1c2ca023f7c5,fd73de423455f7186f0eb56d109e2994,24ff5ecbf7002f8153a95e27f44fe49f,b4b4f89c81c3412381672a582919478e
1ac24a4263afdca90a60e9062942f2e4,adcb19ed6d3c4714fc6aa56718a26966,5d1b5155949a589b81bd193d6776fcda,0e7a93854a58ae53c054fea4f22f659a,220ff1e758a36ab04d0d601ee230e1bf,24ff5ecbf7002f8153a95e27f44fe49f,c77167c60f37811515803f37d7e127a4
fa0aa1962dfc7e1c66da57d14923aa04,a2b4db6b67b6687095b6b617f4617088,96ce5dd0cc6a986dcc0c968c5030bc79,d8f4e32f07359e1f0f66ad0cf1da5c03,8da30695a8a7554757ada4375586021b,24ff5ecbf7002f8153a95e27f44fe49f,8bce384ae9bca5d6b4d773b5ddf52c2d
438547aa2c4de3b554977fad12a3d206,91d74bf784b32aba1a96e932648eafa9,2f4fa95f4353e726d02dc527c441daf8,847df0311647cd31c5c96710d4815a7a,62a37944fc8b85bcda0938534a7bc63b,24ff5ecbf7002f8153a95e27f44fe49f,96d53e0dde3fcfc6e3136299e9c9246f
f7bb674d014d7c5c6a249d4ee8fd1619,992b67cbf6d0a0c4fc4a9c226d412323,55e17d1052cc87f7f29880cc7e170cb5,89300120e0cc9078f1df942d0b18aa79,e635354d5d85670d6f1045bbccdfbd1f,24ff5ecbf7002f8153a95e27f44fe49f,008433b937f2512f53958531950df158
a5c78d0f37ee6f32b7e373245861596a,e37fdb0e273e4ee4695c50bfd1086533,81a875acdfdb624e3f309d5bb0690a2b,b23e9ea8c02d00c2076c5b2fbb4b3c2e,004b9668e6317ef4e61357557ea0fb7d,24ff5ecbf7002f8153a95e27f44fe49f,414997102292a143d9fa1e83a06be5b3
f3b1a43d219d82d2676c7bb72d2693dd,c2034fd07bc6e3e3a490ebf7cdf1997f,a5cf1af3fd8f52b3b5db5809cdd8e184,79d6fde01316f629ca6656ae0e7cd5ca,007499c982ce96a55eba1312e87df7de,24ff5ecbf7002f8153a95e27f44fe49f,bb6d7a4f09c57d945f6280c8d7c05834
34222323f387235ab7ca3c16c879688a,c2034fd07bc6e3e3a490ebf7cdf1997f,1fa3ff734e754aa508448de8dc9b9c16,7e03d3257f5fab091b72663043b43cb0,ccd233bc1de43e54db358576632e84b6,24ff5ecbf7002f8153a95e27f44fe49f,dea39c6c320a72006a03496ccf8bb335
753d4baacd7b12adde508468710a3759,8e99238ba3932c1d6ddaaaaa4d8d8bb6,89f1039fdef68dce825188918e05509d,41836318ea50ec35121ba91e76d57088,3e98377803abbd96d04c6040a6b60ca8,ff7db63ef3461bb72f20d69d7e893462,ba70b7351b0ce396bc58bbf7df935463
31096a88069ba2be4458946b329e99fd,c4a39636ceffa4cf80c8803ae7c6af5d,fc1f5e7a7bcab6bf4ceb80a7cda72111,1642b433a4dd0478e6555266f9de2674,711f2e9755033b2a76c4847f0c8ae683,24ff5ecbf7002f8153a95e27f44fe49f,7f11905823169f31dbd3ac100209c7c9
d0429c9e10faa0f4fb36f8c73f2a8d24,3cba66b34c2b8814683469c2c923929e,4a5f5f34f80c07dd707e76f08a6391f6,39451e103cc7327af207aaa6ca1e2717,0fa6ed176337b1aa3aed2a4b7d585679,24ff5ecbf7002f8153a95e27f44fe49f,cd70d5557347222a10b28f058b50f1ef
115e2aa311c09b091cb0b685384e5708,91d74bf784b32aba1a96e932648eafa9,33ee467caac240f8d16262ac56b32caa,295ce01188ab039647167c235ccab032,b2e61d7a4ef58752cfaf24a0c8866eea,24ff5ecbf7002f8153a95e27f44fe49f,fee28290db1dc4024c82374fa26266b9
5a026f52cad16b98d77419199e36442b,e37fdb0e273e4ee4695c50bfd1086533,db026fa4ca8ff1b0342a3a4783d72009,216cba7b62bc8eea500c6c4413ccc406,54f9a1038757c3596657ad91c515ecf9,ff7db63ef3461bb72f20d69d7e893462,ea6a72738d81a9eeac44d1947e5fbe22
3c1b1ae3f5f732addda20497c1f8609f,0c7ec18c19254f6f508324821602f442,ce49bfe160b87bd48a8ffb6d518a6855,a2bb317426433ea7b201ca9a4813ebbb,d6b44a45fb9b5596452b4ed481595349,ff7db63ef3461bb72f20d69d7e893462,8631cf5c0122c3ed462e0523800c37b6
816736d07632d75ca55704629bab77e5,fa6c0960a5e589a6c343099bd0cd5dac,5317a9bacb5ccfa3563b0041d04e8387,47aff662d0dcc656fbccd33b6cebbed7,f2e16304fc8acf43c1b8e30dec9cd0f3,24ff5ecbf7002f8153a95e27f44fe49f,eaaea64ba255bef0d431e8af6b29bb16
2ac7fc55aa8be222b992848258b9845c,c40078ad1860da8fb92414c66c1fffd1,11c1df1424961c9345a1fd5ae7cfa653,9f53dad03aa3ff30745d3fbfe6007e8e,a0b745b8562ca82a1e8e691ee751b30b,24ff5ecbf7002f8153a95e27f44fe49f,7bf45c701bb29d91676c56429b41675f
b3634daa552716ffc38bac122eb9844c,355889056c88e334be24d88bb592d1fc,7a5d5c4fa8fe20e8b72209ebd1908c2f,11eb2031f0f22b0fe41033f46eed2cc3,e12b67737e02b21a52da26bf5ba99222,24ff5ecbf7002f8153a95e27f44fe49f,2aaedca3ef60a4aa4ac71bdc27926e36
9405268108976d6461e334213ab4bd57,9e075e4b8463e0794a7deaa39357999d,fd9a3806b8b25fabfa381521b380b5ac,016298f45d270904ea4beaf35c117a5c,1c604fd57e6f7915f43f2a227ddacc8c,24ff5ecbf7002f8153a95e27f44fe49f,752eba3f6fe74ad599b1c9b1073207cc
cfd8e36b5d1ac94591fa7564646c8961,adcb19ed6d3c4714fc6aa56718a26966,e25e6210d2feadac4c2766154457a635,486b826445a381e2f27e07b97887e3d5,63e5f3e796dd36d3033eb75a31733f80,24ff5ecbf7002f8153a95e27f44fe49f,e152b2e6cc6ffe29aa0391e0eca38b3b
dd76696ed97bd2385d21099838b0ab0b,6f6b6d1c21a36cbee960c45d3cc45036,7b970dc6a65bc1afe56788eb23b61ea8,02d7388a38d178b65f31a846e7ef024a,66fb2edf9dd43cd2f90895b0ac1fd571,24ff5ecbf7002f8153a95e27f44fe49f,f8c30f634739591ffe37534f963b2ab1
cb420ed7ad74b2a86b5222c23c3f5846,1669582b74b3012229cffe0ce388d615,751b4f1a92bdf04084366ea7044c19a5,d1ab796f94100cb74eea370cc2ace879,033446fe6147305dd7b4e65424cdb5d5,c95a585f875e18d5a4c09439bf6b3ec5,11212ef42732bc43739cb4cdc57a01a3
c7d5813439146100eb7832a9f4b78860,fa6c0960a5e589a6c343099bd0cd5dac,adccb0af1804e01c54fbb3523f1ca4ef,a2e63369d41934e5b98d1e37ed139a68,46fe9c15fe2bf0045d9351adc341febf,24ff5ecbf7002f8153a95e27f44fe49f,e18c4f0a8ec64915defd91643837ca5a
91c5a3ce351fe479a3894347c43548df,c1f6884dc7dcc8f73ce11a89b4dc83a1,e105386b084ffbab0c026ea2e57ccc16,d047acf914d259d7cc454bb90484d04d,2552e827c92f80d1cfd68acdeaf8ce3e,24ff5ecbf7002f8153a95e27f44fe49f,61141bac00940db9dbc0da0be6b39b1b
dbe3758428c016ec9dfcac9a990961e7,9e075e4b8463e0794a7deaa39357999d,02ec874c39cbedf9f3cde791b8510e27,f09b978b76dbc63d6cf392847fe26500,860ac09289e71bf45328682780e97f9a,24ff5ecbf7002f8153a95e27f44fe49f,c705d217752dd50bf1d1ffdbf66971ed
c11e9a22125c6a0bebd277e1e62dfd4d,e37fdb0e273e4ee4695c50bfd1086533,dfb31df5c77960c9c61d3fe8f2dce3df,c290d1f675aba195c6e51b96717557ec,e81b2ba0e6a45912b3966c4be64b95be,24ff5ecbf7002f8153a95e27f44fe49f,ae45ae406ae9b350adfd4ef974922dfd
6d0c8c6dfe80eb05449d538de4e58570,1669582b74b3012229cffe0ce388d615,9e3e8d6291729094d7672626b2fb7654,ca47604fc655c566c0d07cbdeeabcb76,c84c704c0985adf41512345830cead88,24ff5ecbf7002f8153a95e27f44fe49f,6f91fe230c9b1e7a14082312a0fd2aea
0b581e6075b2e5e88f8ceb174568bbbb,b6d1c198e0698afe8d35f545e73c5133,42b7e284919169ac23fa858b5939530f,4ae73ae874669ebe8e058ace0abbdf40,612a4197ed39c6a4afd6428552705d7d,c95a585f875e18d5a4c09439bf6b3ec5,3c04f322775119fd3919eb85c7c67509
0e308d867ea5a718fd9bf07ed5871476,9e075e4b8463e0794a7deaa39357999d,16ed0288fd8c2881a03740fdb5a68650,eafd2cce49c244f5e537752a1c86231c,ddd5f026c9a87c7042b76016e7912637,24ff5ecbf7002f8153a95e27f44fe49f,7b2d0d2a50c779e6b71077f1f8c4b15a
44496d4f649d63a728882a1ad037a18a,cbb6f46c64d62e74d6085a6c36b279f7,e8bbd6287bb5db3c94c6593a704ef65b,c367be730313bf2519ab34cf59fc8a3c,e64946a7e4effd9d43a29c48b19cbf15,24ff5ecbf7002f8153a95e27f44fe49f,aeeb8a421734711e88a334df58f4caac
61f1cf28cc9ac1938c99a6e0b7c8cccc,992b67cbf6d0a0c4fc4a9c226d412323,125e79690bab5349bfa824f70372837a,65316f3cc172a7321422738e332304b4,4caa7ea85c6bf808fbea521404270231,24ff5ecbf7002f8153a95e27f44fe49f,e6d4482664022e44fddc811d93d9b8d4
7d8c74f16623eb27991d362513203c1f,c15be9381b50ed7a4df0637de70ccbba,77ff047b63c33914f9090cfa8462c934,419651342676f468babc5c75a7d6dbda,62b84333c1debd9dc1f75b05b112779d,24ff5ecbf7002f8153a95e27f44fe49f,05d5914561e9f02968d3a7c3a35ea8f1
ca31eacc0531e5a69eea5aaced4004b7,c15be9381b50ed7a4df0637de70ccbba,d2131eedb5bd3c16e5a304a16e1c5a05,55a44ae5a66c30c83688265bc47d3515,f6fa9260fab673f899a24f6adcc4dfd4,24ff5ecbf7002f8153a95e27f44fe49f,1f5b03dcba70580fc87fa763f248fa44
c55ba1a3d983706eafd6c59df515110c,fa6c0960a5e589a6c343099bd0cd5dac,ed7fe3ec70cd063d5d4e1e23e91b701f,258188e14e2e95d956dcd66c483cafc2,8da4ef1bd136849d2105975425b91c38,c95a585f875e18d5a4c09439bf6b3ec5,b597485d99faeabb0cc8a894af9a31ee
4de01a91c4a5130f9b1d7dd9bde27626,c15be9381b50ed7a4df0637de70ccbba,b9a39bb96604a97652b2b68b3df40d3d,30080ee2e7da56d6adf9b0e4a9f7cd22,cc404925e40b2ec7385562e85857c5fc,c95a585f875e18d5a4c09439bf6b3ec5,19d5fa2496c23e37edba69102f29868c
f189eac6018147fc52292334210fc07b,e37fdb0e273e4ee4695c50bfd1086533,235ad83a631c52127985d8aeb3161e03,a9b5d62ff8cd58d77cdabc3c0a48a861,9dea3858953857cbcbdebfb4891a30c8,24ff5ecbf7002f8153a95e27f44fe49f,b8872253069abefd40118985b2df6bf4
df8e1d493717ab8913ce8ed94f777590,0c7ec18c19254f6f508324821602f442,c62bd8531b88449fb70d8c4b8cc7023b,659d739ff6370f42f84d5c3dcc44cb9b,bab025416da3301fb373b91cb81046e6,24ff5ecbf7002f8153a95e27f44fe49f,9a88d70a0e8fd7151f1dbf52a25d9689
3db4598dc09f6cc3985cf8c49c9dd4d0,c4a39636ceffa4cf80c8803ae7c6af5d,5fbcef61a6ae90854609a91e919aef99,ad3f5f4204405cc084349aca92984773,f71b9c436e655e851017f73171d2b7ee,24ff5ecbf7002f8153a95e27f44fe49f,23c538dae3f1775457677d4aa3b4005b
d7496bdb3bed72717ff7158c81cc35ad,c15be9381b50ed7a4df0637de70ccbba,9df1a948b9d94573209be10fc25c6254,441aac1c0a6763d9d8ea19cb58a6bf84,55f398c792530e49ec45d30487b8e53a,24ff5ecbf7002f8153a95e27f44fe49f,da8e5b441d9d4a8909fe1f32e90473c1
65d182204fc4fb058d0fd20f1f5548c3,eb5b79b04ae0297741be1a227bf6bb70,3f6aa55fd7cce33f10509d3d2564eae5,765d8c81f13bbffc66aea685f4fa2348,1570ace6b8b92bca0363acb688122c1a,ff7db63ef3461bb72f20d69d7e893462,e1189046aeb9ae4af0e4a924ca5e9693
46fe6d3d28109847114b43e96aa96b63,9e075e4b8463e0794a7deaa39357999d,1809622921b1c15383a9747eb21227c3,d6f4b5000e931b930158144cd0393336,e832751a1a92c72ea5d4c1a0f0ad3206,24ff5ecbf7002f8153a95e27f44fe49f,65c2c66d1507fd53dd24e2a6bc41ce27
be6e0bd6405effa682929314917b35cc,c7942c1d8e963d1766acc0582c20284d,bf108fb43707d6c50076919958f2356f,0fc6c0f1d9fe0900007c894a5548e340,c712904516d22b7cf1f532583f03cc4e,24ff5ecbf7002f8153a95e27f44fe49f,72b12e887578c2f95db946e4661f5866
ff7602747c065a7e0e84ea68122c4d2c,0c7ec18c19254f6f508324821602f442,bcc0eb7eb946f12aa66071e17e1b32ef,3fa65330b16a613c8fa4225c3dcf750e,c69531645e766bff3e7377ebedc056bd,24ff5ecbf7002f8153a95e27f44fe49f,54549b64b7c336bdd1e339cff4bd44c1
54a52bf5f81634eb77fbe7faa9340d59,0c7ec18c19254f6f508324821602f442,e05f9b7d7a2102cc8ec881d5803e0256,94084accf323b3115fc5413f58cc050f,3ce753b54dbed50563ebfbf2728badc6,24ff5ecbf7002f8153a95e27f44fe49f,ff7f9f6a602c26299b58e44166da22d2
034705e533d652a406185ca51a68c3a9,9134108ce88c0d8966c46caa2c703ab1,8889edd24fca74184e25136c6c718da9,ffddb72551e4b489a75c5074235db834,1c2d6566166dd310c054871b4600ef4c,ff7db63ef3461bb72f20d69d7e893462,5a9d0872e6c7f63c8171328c1c05f6fd
2b92f87f7120f93eb3d7c829965f8f3c,1669582b74b3012229cffe0ce388d615,1267a24f1036710a1308e621c6b60425,5d416a7fc0d3baef4996689c4eecc759,86595d72124517b08ecc2626624eb0b9,24ff5ecbf7002f8153a95e27f44fe49f,fa0d226aa318234184b30d0c1a8798fa
47dc3a51e54ea5b3f0f484182e2d0440,1669582b74b3012229cffe0ce388d615,5a66146f6ab16332db7c6386671394a3,16fff6f17a64445065cb6a2f0b8522e3,387677688e240620cf188f655ed38ec2,24ff5ecbf7002f8153a95e27f44fe49f,699762538d11edb282b6063e3ae00d6b
2779fe1f3ed296493fff8f17d6cd7913,355889056c88e334be24d88bb592d1fc,dd7e07052819ed76d9b6a012f69b4917,85a46e3a4caf0b8c213e5c99c2145396,e95111eb3324fbc5881c79864522bfab,24ff5ecbf7002f8153a95e27f44fe49f,d6e9ecb33529684875b2d02a813612f8
c8b8653d561000f6f0911b83ac2d2d0b,0c7ec18c19254f6f508324821602f442,b53bd62476a2a0512a9205793aa64788,bf87ec07eb1c4ea60c48035661efd218,21542fbf14f6d3b10d30a64d68e09586,24ff5ecbf7002f8153a95e27f44fe49f,4feef3c0656db7155afc87739174bcfd
dc4962517b68a2e57e06a7e5c298ae97,aa6a3ae6b89a51d41c8013939b419b52,4e79fc4ff9eb4acebad0cb386ee60c8c,0d982a7063dac51836123e83036697c7,9de09fbdd26de171521600a109dbcb31,24ff5ecbf7002f8153a95e27f44fe49f,bf729e12a1c6d066d255d764b85e6d6f
0da3ab17043f9704d74f311934364d97,c15be9381b50ed7a4df0637de70ccbba,a317bc17a7ebdd260319edc23b14bec6,0098aefabbf4e99149b0169de73bab20,7a9df8ebb54538a3277c9dc639d5f44f,24ff5ecbf7002f8153a95e27f44fe49f,071b4ab4360173fec381d142bdf840ab
67f93e5512ae1c4b63b204495084f7cd,9e075e4b8463e0794a7deaa39357999d,12fa108c489663ccd59335de09bba533,04dc0eb02a6b01ac2913a1a44506a26b,562da56985c59d605679b14d93f9d368,24ff5ecbf7002f8153a95e27f44fe49f,a63e578a2036eb2f3286fd26702eaa91
b14cd41f91b43b2252a3bf07e837235d,748a6ec1c37c9d8497f7b344a2b994c9,a9faab6d810b3db9f9f6de4dd0a567ac,c0b9b3e25fe5aeabcd9d4d765511fcc0,6f39580f2abd010cc075c0d2d0e968f3,24ff5ecbf7002f8153a95e27f44fe49f,fa41b433ce291e3e9f180ab834520365
286d4bcf8c93638df8ebc4dfe243c56e,6f6b6d1c21a36cbee960c45d3cc45036,a06de2edffc87b9e4af8fc00a0d908a5,0a7eaef4df5d271bcf3874b1be0cf979,8791f5820eb519e40d6d24f3ff57a330,5418962484fd590c4ca55f99751b7d94,452b84f905849e4e6b09c4bb58d9c2b0
692542ecb82bf4f7d878b31050ab0ea2,cbb6f46c64d62e74d6085a6c36b279f7,52e117ad615b79d93950292567d37484,ee3a1ea6774401d98b2221d3d9939e91,a1daab935965f52d2552c2f515b7b605,5418962484fd590c4ca55f99751b7d94,6a34e4219b4407d3bf42c80bb63ed26f
723a67c67bd1701f600a1daf6ae93bd0,992b67cbf6d0a0c4fc4a9c226d412323,793b0669aa2876ed8a150398f3c22f2a,b696d6834ef32b626b2d3e93a050dca6,d067c4d1d372366b683f3987f1a1376f,5418962484fd590c4ca55f99751b7d94,6a9d494082cdea495c5f10af571e14a3
a155584e2483dfab2f2ffc58d8dcd747,992b67cbf6d0a0c4fc4a9c226d412323,50edb312690b965d8a19a640ef7f3f67,2cdf09d3ae6001689f9e9aba322f8e16,bcc5d82a325655cd97fda41d9cc5a6fa,5418962484fd590c4ca55f99751b7d94,de65d609d2fdc522a290468d4e048180
723a67c67bd1701f600a1daf6ae93bd0,91d74bf784b32aba1a96e932648eafa9,8971d890eee1c6727cfaff5151121922,63cb4679790fb5e2a8bb7fa3c2e81576,e7af6d7a3e9251c96c451295914a8bd6,5418962484fd590c4ca55f99751b7d94,04f491b07c559e69ab78d26b77381402
f98c6656dd60bae0a620c51362f6c550,cbb6f46c64d62e74d6085a6c36b279f7,427343363cd7fd52d55ef3af71ead42b,67c74d8a313c7205b29ed6de46eb1236,13d20eb2d3fa91dfc308fc4290db1f4a,5418962484fd590c4ca55f99751b7d94,f59342d4075d701777a32e9415295539
692542ecb82bf4f7d878b31050ab0ea2,c1f6884dc7dcc8f73ce11a89b4dc83a1,6fb93f17bb06192e3e615641a1304b5c,32b1ba48514347de149e1790a2ae5d17,229892af5e89760cd67d45ce69bf3de8,5418962484fd590c4ca55f99751b7d94,65d0d1cd809556feabe7feebd9148930
829ddfc3ae6f0173ee295de7cd8247e1,0c7ec18c19254f6f508324821602f442,456447636b9f90767db073a8e497e61a,d0cb22a6f26fe82cfe6eaaa9aee31646,ff9491f3dbc677bfd2d69540ca271d86,5418962484fd590c4ca55f99751b7d94,c696719f53f3bbbcb33a3444d0b70271
f03aee7b7c83dcaa6c138830868d2777,cbb6f46c64d62e74d6085a6c36b279f7,7201f09c26738933f41c643c437ea81d,e7952a0b39640a109dd16134babde2e9,2064f7c16df10ee8660841a244cb5116,5418962484fd590c4ca55f99751b7d94,60f53d8f94005584f7cc87759a692ef5
dd1e21ae1d29aaca525f9f6a42b7b088,bb156a81efac69f0a34358a1756eadaa,dd175edf81cc37b5a32880aa94ed9a82,d4826d8b8c70df90683e727640f551fe,6ea7e77ac31c4deb06266e09e7d3248e,5418962484fd590c4ca55f99751b7d94,b6caeb1477eb87305309c3e03d9357e1
795c30d20279102d602760edfa988dc4,0c7ec18c19254f6f508324821602f442,1cece6dff3cb59f8170e445f40856279,f0512fa0444ab074a8e29666de79bdb2,377bbddaddda853ab5849557dff6226d,5418962484fd590c4ca55f99751b7d94,417128f1be22192ac47de057011d49f7
a1020f11cb73fe9b1cdd9366a252d4a6,c15be9381b50ed7a4df0637de70ccbba,3b5b1300a82e8b7a6ab93338d2848234,0e25428a24b86d82defee0269b8def61,e5043e831057d8eac27fe00e779c2477,5418962484fd590c4ca55f99751b7d94,6241fc407a780738d31eeeed32f1d718
6ba68230e3a45548f1cc64b415eac566,91d74bf784b32aba1a96e932648eafa9,200e3eeaa320c4310c215342e4b957f1,92618766785f401d7edde757c4f63293,648621aaf379a10fccad95adec4009d8,5418962484fd590c4ca55f99751b7d94,a945098de4e3ba07a60aef9313f85c70
68f8b5414241960baa67b0e1cb986830,91d74bf784b32aba1a96e932648eafa9,f700513b3be3b1ae667397941a6ac5b3,0f375950bfcd5e45b9dfea6d6ce4fe58,2522c917dacff42b2b22f59e89dd5407,5418962484fd590c4ca55f99751b7d94,5ec5b3dc1c270e7272c766c9e71e3969
8de3c8a22f20d397352993d20a17705e,c01ea26afe4551b2211334a742072b05,11e66e11fa258998f93537c8dd63888c,3c5a045523c74b2ba3d319aac5ced34d,1bbe14564b258feaed00fee51a73493c,5418962484fd590c4ca55f99751b7d94,9312a0ba6f7214b1403f9ba9e981f6ef
614de32176efcc89ad3bfa0c84c1aac8,c15be9381b50ed7a4df0637de70ccbba,faa129b3b2dbed4e75eac95fbe391599,e05897bb6bffc23d68f04e261472a2af,cdeea00c53599f67442b6d2e8a9b919f,5418962484fd590c4ca55f99751b7d94,27c198ee928ec5330f7cc1595465c6b3
c35f7d5b3b22dcb1ec5b8f91c6abcc1a,91d74bf784b32aba1a96e932648eafa9,ec09c1a55ca683575cd9db1d2fc88376,56dab1800aad35dd667e8170ed46fd1b,211be3fd0acce5f1fb561dbfd6103b36,5418962484fd590c4ca55f99751b7d94,b187ee8686c805ca65b6eece4c44f9ee
08b847ccb06d7bd166c0b83185b59fc0,aa6a3ae6b89a51d41c8013939b419b52,a24c7d8b00733ae4a3f5dad5a5f0daa6,e5514cbaedeaf62317e5f8e2a098e483,7f9734497e0bbbdae9d8c7e80b522fe4,5418962484fd590c4ca55f99751b7d94,5154f472c021ce31ddcc6bbf10ffd705
a155584e2483dfab2f2ffc58d8dcd747,91d74bf784b32aba1a96e932648eafa9,ce99ecd6461706914b57caa4361051af,43e92df9e71a51f23bc0aac7f74370eb,d523f1e7da02fd3d912966a88c935810,5418962484fd590c4ca55f99751b7d94,52b60e768facfd7f0e344a1073e16e94
200441ca2df79b303ee9a88f7ead31ce,cbb6f46c64d62e74d6085a6c36b279f7,efc8bf1b194a6a3fb3f1cc391a13a74b,26dbd755fc6accece89013aa78bb42d2,50b992a80d18d0282ff2fc12215e5a13,5641f84a1091fd57d650ca91b7c815c1,90a177556f848c57284edb0249cf54df
f69287cca81b800cf13174cf54f735ec,c2cf1d4e7e558b7ae07ae4b06d735750,2aec8463ecb3b1de2b96d60f115fdd12,5567e7f8547c0f7c09d7681cb3be668b,0d8bd1a6bca34c87ff1e32b0dd217a73,5641f84a1091fd57d650ca91b7c815c1,1a88b154d717a450d0791eec783f7415
ed1e4965ce6932b88a0a7a42de20ee37,16dd5ad85730dd1aee2047a4aa17c968,21e669833848241d6051b1bd8946a739,e7b2acbdf419080fdb721c5b4ea72c66,41b822c974ab821fc2c1ad0a75ec0b70,5641f84a1091fd57d650ca91b7c815c1,5f7eaf57fed74f8b5480a26177a37172
5ec6a38ac7483fdc0fdb474db34e1962,eb5b79b04ae0297741be1a227bf6bb70,772e3062491cb6628c1c3ae9ec055e7c,42b0c19bfe0bbba77676e38dee476cd3,eca025f5b883f0232f6be534445ceaf3,5641f84a1091fd57d650ca91b7c815c1,a7f76937997cf83817c53e07441a65d8
9a2af0cadb4120de6e1adfad27e0f17d,0dd1a33609f94ca6f010c73776d41006,66e9332b71caade83f4b86406abb58ff,9ffd10431d36e74c43e3efb7376a6650,c8e7174e6f04dac3597a4bd7da5c65e8,5641f84a1091fd57d650ca91b7c815c1,e85dd960cb6989a2cd8f165ae29d37f9
2fe424b2c4b0aced1dbd4236effff95e,c7942c1d8e963d1766acc0582c20284d,ab141c4c18fb04c27337e0dd85988a82,9fca8b0bced4666bc29f4b1c65d3b43e,72a5d934a43eccaaab9709983d7854fa,5641f84a1091fd57d650ca91b7c815c1,bcc4108660a22087df7c2f23982268df
4e78afa15025bc1f993e372ec52bc787,c7942c1d8e963d1766acc0582c20284d,72d9a48b2174f8437a29dae4110bc62b,534830c6335f7eea8417418f4ebfed36,75847dd5e1bc388ac6aa5113ce7d03ee,5641f84a1091fd57d650ca91b7c815c1,11f90765efc03dee98f2887c7646fa8c
993d4fd93579397c24167edbb3e90800,dcbbf3f0ade6ff2b26885412eafc7f11,3f2e0e8a62f3247b4e841437d9564938,022625b07f96aedb2ba908389b731592,5912b830e6be92bd8defdafa4ba41434,5641f84a1091fd57d650ca91b7c815c1,45bcf7d4d058c7e990bc2d0d669ea643
924968e9c4308e74d3e2024ba7163e18,01dd5c79dfa22a3430aba5599344403c,bdd834aaca16551e0dd89c86e3966776,3ea812ebbcf6829f877fe91ba948985e,2d51c912a35e9b2c1f9b6e2f8657597b,5641f84a1091fd57d650ca91b7c815c1,26895d28e0b02bd975c6456c8cb575a7
8d25f2d5425bb7e58a1f126e4852d358,91b6df7803f3bff4db2009f8ff3ac1fe,158feeef017ab753c7748679c770916d,0715c333a14079018661cfdaf44779f2,a1a9240bbf6eedced6f27ccbaf319186,5641f84a1091fd57d650ca91b7c815c1,85bdbd506f20b6102c757991dbfc5db2
497339d4584a8268e6c1ed625952ac27,a2b4db6b67b6687095b6b617f4617088,ddb12f76bae51aee87a0e1e073954cf5,3e8e7238dbcec94978f14582e1407217,97fe45cca7f8009959c5a6672e8b169d,fc2527fd3be6bc794f8826e65df110e6,9aeec2e24955c46055e69244dab6429a
df364351cce449ff04065fad2bcdf64f,a2b4db6b67b6687095b6b617f4617088,73a0e5ce8a917e8ebbf986e3ae950774,e4aefd24c98b5a03b7971f7ff01b4224,5b1d14ff3ca8c8cf7554661808620643,fc2527fd3be6bc794f8826e65df110e6,643c74a016fe634c7b5a06e62e4cdff8
73a87cf11a9352e84efecb979bb91d78,c15be9381b50ed7a4df0637de70ccbba,324bc9494854723eb9d82748ec8f5c30,ed3091399a9a42bcb5db4b238a7ff78c,8206ad793189252b15ee00efc14165f0,5641f84a1091fd57d650ca91b7c815c1,65f212500feeb31ebf9bac24acfd01b1
b0bd8d555db14fcd33df4a2798d13ed3,0c7ec18c19254f6f508324821602f442,3dbc8df20706107a9a019e25353afc1d,aadb77f40223dcc6a9d7dab7b4e6e011,ddd59c4cf8dc537e8128322519da8f28,5641f84a1091fd57d650ca91b7c815c1,0f0a1e6a641dfd529b6d069c4390cb75
7ae362031d5e416d0cd64edd39b69ef6,c7942c1d8e963d1766acc0582c20284d,bbc2750cdd55b57e1ebdf660c6663fa2,2307dc307f463fec0fa985e5c92cdd3d,deff685847813b2c210814577596db72,5641f84a1091fd57d650ca91b7c815c1,7e485d8444b55a2276f16bf829b6cf52
4a2b12fb384a43fa910e918359446af1,91d74bf784b32aba1a96e932648eafa9,04eceee2d173c5d4c37ca3ba60467d87,5f8420086e642e7370eac1feb4f9ff27,5453384bfe1bbfe74019c46cb8b7035c,5641f84a1091fd57d650ca91b7c815c1,6673627d80e7ca68ab675b89f255c2d8
96600593ea42ca221d7b24dacc8e0981,aa6a3ae6b89a51d41c8013939b419b52,67c9c975abe8cef9feaca2054ecf8a10,920e9eda2efc9bee8076a6207f3c1e88,571f058b92f5cd2a95de4856fa6554bf,5641f84a1091fd57d650ca91b7c815c1,22fdecc1705268fc2c4d30efd5fd94ff
95c9481799c496c26f0911f667998e62,f9fa9392e60ee5386a4e6d4be8d4bf02,4819138b8588fd587588f7762eed3a60,41e8ababab91155bcfae58b8b12243ab,f9c677c32c53ad1f6a535d3668998f4b,5641f84a1091fd57d650ca91b7c815c1,82131021f373ad38b0fa2eb09be8afab
a9379979c56c8ce592714ac19c76cc45,c7942c1d8e963d1766acc0582c20284d,f83d0b393111b590fa22db43f264505b,d4b1f80e1ced976471f70562431a8f20,30cb4f85d73ce0cb550ed88afb6b9a78,7599b74efe746baa852cc04a1ae09f10,fa804db3a22baf2322ace15cf05e4844
34c0a7cae0ebd957d31360a41fd7b0d6,eb5b79b04ae0297741be1a227bf6bb70,1a5353340f09a715b465c617ee93ac8a,9072e4e2ca8abf9d4abfa87d8b2e3873,f2072d8044c206c018595101e4b57531,5641f84a1091fd57d650ca91b7c815c1,f6e42c56c451aaf803c447f2798901e1
130f0cfe73ccd55b21bd8dfd46b3f68c,adcb19ed6d3c4714fc6aa56718a26966,2d65d64a1bce3c431e492f68d57fbf08,99168789e23ba34795333fbbe4f4d10e,8fa03a085d754caee3efebfc6454e13e,5641f84a1091fd57d650ca91b7c815c1,dca8870238f7f46ff5786476d5f37c42
7cacf2025e588764fe2e93eadf906f01,0c7ec18c19254f6f508324821602f442,f752c3a53da81b2f9f284d7d23e7f8e9,2e1e4c94b76a7c045ca23d70628b7c4f,92f26257ae3ab50cc2d44ebae33659a5,f87f5a43f182449f84eae52294f3ba9c,1dcfffe6499b05366cf523d5fe4780b6
b3f0cf1fbd2cf492c5e786d4bb82671e,e37fdb0e273e4ee4695c50bfd1086533,36eb24695de9c39a8a7640096b117bcd,85cd8ef626a253b428a1eaae9d7c6792,749c58f54598ea59a5e53ebe240a9390,482a671c18c4ccc9756f2ec1e91e9f1d,c211ec0d338ac8ba29b9632182dc182f
2fed7fec122adf3107ffab12f0805ab7,f78c2d85443da658ae8e275470c3ead6,755865b49461b6b656f72d9ad7facee8,875620def1dbb325f39ce7f152d7d886,ff2ac2b27659a40491231e822edd8934,5641f84a1091fd57d650ca91b7c815c1,bed26695b30d978b86e5304788bdc62c
784f0ad78fe2170d547e7571dce8818f,c4a39636ceffa4cf80c8803ae7c6af5d,e06e62e9cde31557eea8ee0eadb6ef6a,4edddf36edb9e6b3caa233c8927bb211,46f1cc00449ec8342225376c249d88ad,5641f84a1091fd57d650ca91b7c815c1,0aef64cd97ad6b39acb1009adc27e0f1
e0451d0439d2cd98682e42a42fe9ca2c,d30426eca141e06ff8e43f91b1bd2316,e5c5b9ebf836664fa51d2f2b9db32413,5892be0102a3dfbc148df6218b1ef726,8075207b5dd84bec2cffa234afe686f9,e307c77ae7c2e69ce536a5e6f0d8a132,294486d95e6831e55f1ef0064389accd
9eb9a66c87ea4281b0791f0cd31bb22f,7a64a5355312ff4d29982564ad04e6e2,869d01a06e03ed9a81b6c023d86824d2,ab076333a2d846c9a9189587d706fbbc,f016495878d10600d102a5cf488bbba7,5641f84a1091fd57d650ca91b7c815c1,afec876b08a1dc42794105362d632f0e
d4d7731a2003f0e67efef9f708cb7470,17df3f6414977ed98c94994e5dd47e76,1e4f073b8b729947ad1915ef22cf8769,d50c8e11ff3492283b4e9986fb6dbf04,09e7a493a67dc54083266952c3038126,482a671c18c4ccc9756f2ec1e91e9f1d,8c496fcd4efc2eb2327e69c8b83a2ea0
93af97e950d5f3dcd2f34e9a1a5b1bcf,c2034fd07bc6e3e3a490ebf7cdf1997f,ab70431f0812667d3af99ffcc1827ab0,1c5db61b3d48dacfffa56edf721eaf01,de790861725cadf3ba346d9936ba4084,5641f84a1091fd57d650ca91b7c815c1,7275aab4f765cdcbf49918ac9d74ee75
42eb2ff11e44e93fed7b0e77fb0f8bdb,c15be9381b50ed7a4df0637de70ccbba,5c46869e201dca09d6a1b1b3676651eb,8fed05e9da9e3221815e8e362b5ba568,fd65e2fa94ec6e0c204d920489d7f3e1,5641f84a1091fd57d650ca91b7c815c1,7f9951cf513a5f1f1c9b9b2cc04ac10e
e0451d0439d2cd98682e42a42fe9ca2c,1669582b74b3012229cffe0ce388d615,c8457942815ea7f1da57eb4184f4efbc,018cd1066f502f481b2e3179c68d2ce6,98544dac13b05a6ecd270c92a57c685b,5641f84a1091fd57d650ca91b7c815c1,40d51e8c7e00d48feab67ee2cd1eadc3
2c353760d4ac82493781daf5d99b3320,bb8d6dd1de0e3e5778a28771d9714232,9623714781dfa0a35da9a1ed67b4de9b,6a6de750952a39ba05992671faaea75c,341edfce2a27a83b67d900bd671eaa33,5641f84a1091fd57d650ca91b7c815c1,b35e6211e22d60e17b72125bba2258e2
3ca96ea260aec4fd6407a90c698e3fa2,748a6ec1c37c9d8497f7b344a2b994c9,bab210d3a0b709963d8b0172c476988d,126a2f9f7df873fc3abf5a4535fc193a,7fcf7c480551fe639f5d927d06f90c24,5641f84a1091fd57d650ca91b7c815c1,4512e5b9a202d5fafb82a6c1b6fb5e9b
2e9696dded92e1b75222be51962ef2e5,c4a39636ceffa4cf80c8803ae7c6af5d,c48f2d19c5d1127a3ce9416ef80d561d,83823bce8453c88f4514e4afd241acd8,ed5537188149a4a943583e71d08a4677,5641f84a1091fd57d650ca91b7c815c1,d6ffa15667b915fc90b902e91c2204f7
60344124628af3ed0123a519f9a908d5,c15be9381b50ed7a4df0637de70ccbba,ab55cfd287c43cadc0883bdff57a5c43,60ee95ea553a3e7d97044b2741b822c0,07ace7e83b24474e51140deb6bcf8bb7,5641f84a1091fd57d650ca91b7c815c1,a313c5cf263da8360eca61249541a714
10ca39ba8210bb68ac1e9c4dfc1b7453,dcbbf3f0ade6ff2b26885412eafc7f11,777c63c96d88e9136aec89223451d689,24218a6c858381ec268c3db2d095dc60,c1cb455a596f57a1b089db0681e6f206,e307c77ae7c2e69ce536a5e6f0d8a132,be258561a838be9926e9940ba829fac5
3968cdeff8a45be91e849f249d3de308,8db77eb736877e8d44961d832c4ac568,883723e4525331c0c2f5269cc7b176a3,e6463650553b6ee44a470945e256291f,78b70b18c15f6951c41d34457a311ff2,5641f84a1091fd57d650ca91b7c815c1,83493801dd0f8fc67f9f72f5f1762a84
1c1b8f901e9cd21877b33d853a1d5e48,f78c2d85443da658ae8e275470c3ead6,fe49c1f66468ae68de2a0700a834ee50,2f16b27fc2131eae7b78e557b167afc8,c5a46893469d8b98343c41338c2cab70,5641f84a1091fd57d650ca91b7c815c1,27cfa4a9347cb2c5f26b9a40ddfe3f81
c5144f43943cc72c20064396592e02e6,9e075e4b8463e0794a7deaa39357999d,a3d06ad44910981fae0ba91afce3800c,529444dee54ea62900519b0a68c11ac6,dbc93ea3136b912f5ade3de2d380cd0f,5641f84a1091fd57d650ca91b7c815c1,2efb631210b05257eac38462307e98d9
0d2efbb9aa440bcb3e816daf1440593a,17df3f6414977ed98c94994e5dd47e76,7ec12946a6a426f1695cf47aca782647,180662cbe5d49ddcde47a71a993982a8,7eb295c3e25a14d2b80706e1cfa6739c,5641f84a1091fd57d650ca91b7c815c1,a3449e03f3650b2f45a979dcbfef4d4b
47dcc1395d5f22d8bd5e55bf2e3ff704,f9fa9392e60ee5386a4e6d4be8d4bf02,b4fd287d667dfc87779e55ad30a39d41,0566aba17de4a13e385dbf7a91d01d29,046e10d0c7b2be619d2cc5791edc1ab7,5641f84a1091fd57d650ca91b7c815c1,e49f79aa44f2d47bcf5bd3ae8ccbc0ea
28590d9ad5954dda7b9b762216b7e260,91b6df7803f3bff4db2009f8ff3ac1fe,b6c16f05390ab1bd9e2e22772247eecf,4e3f540fdec712b5528a291d0f7db0a7,e4556db3fa8876de0c7d90040cdd27e5,7599b74efe746baa852cc04a1ae09f10,b84fdd915dc99efb688f822be50f0cda
e82ba4bfe12c936721aef6ca8eb51893,dcbbf3f0ade6ff2b26885412eafc7f11,54d16178fbb09ad57f1518600dab79a0,edc65a62c920755dd12fa9b73f85d9f1,9351715b00918f100c70a4313e67aefc,5641f84a1091fd57d650ca91b7c815c1,695b6e14c66910e9b0b2e7b781d69e7e
1d43ab4107066994b1c742eb209819a1,c2034fd07bc6e3e3a490ebf7cdf1997f,afe81166e0cec64d781eb738e711ca61,648d27c509b9b1c2f86a87af4f03dd1d,7558107a71a29ece96cce32ad7720c0e,5641f84a1091fd57d650ca91b7c815c1,55ea7b50e715f9018e971890a3e70e3a
48302d276f1fa798c7ff95414e79d679,1669582b74b3012229cffe0ce388d615,5ab800d244912bd31ce15eb72f70b506,c5232c7aa08b9ed64cac7ca21f4071d1,409ab177613fb6d4a554fbffb4e49fb3,ca7de60bf4ca0097190b880588bbd6e7,f7df1fc878a18f9b406ce4d8110038b5
75327c5371b5755acdccd9f226ae873f,a2b4db6b67b6687095b6b617f4617088,42df8def245b789dd6448a4f9e28b07c,03cfe06b17f4ab7f5c12d4a92a96c09f,ce45512ad66487dee9d72811387b4319,88f9a01200ae29c1b498bef806b33ad4,a2aa7b4010e299d402e4287dbccff0f7
6e2219b976dafe80f900dc7acb243241,c01ea26afe4551b2211334a742072b05,89f7d7cf71694923f1090ff3c60a4c19,9f5a6aed0a92ed97147b9e8c83a2f732,14e9903d64e2fde2f61265da9b5526ad,88f9a01200ae29c1b498bef806b33ad4,3ede5f89d96d075181c438970f16ebd0
894279307d6a5b4f39c5be061d8c09ff,cbb6f46c64d62e74d6085a6c36b279f7,326f58dd8096471d741642b0b3f0b82c,6f10e910ae501c5b846114d1b0add102,c1dae04fae9637e17decc8d821ec2c90,88f9a01200ae29c1b498bef806b33ad4,90900c7ba3f251c3c219320eac79cec7
ceb66185ad0adcf0fe50f403b0e58dfb,748a6ec1c37c9d8497f7b344a2b994c9,437c41dbc0fd8b927267d0cb5b36b62b,ef5e1f141dce34a4f3baabf9daf520dc,315b464320145a4ae2cdc439948f587f,88f9a01200ae29c1b498bef806b33ad4,5d56e6b3c87b37f5b39cf13cd145d25a
04257847b2f506d6ab0a1e1d438771b8,c922faf9357912e10205097abd825cbd,59693bc98b9ecffee5c1971672865183,8c8b5631b4185be27a78b5b0a8f68df7,9ba18f32d24a05c0a4df1504757b3f40,88f9a01200ae29c1b498bef806b33ad4,ee17eb81b6b0605021ba9ceaeec333ff
17e8e859c3a8a30182b1653602e393f6,c4a39636ceffa4cf80c8803ae7c6af5d,91cbd95b72c8c7b986f84ce2a615bf28,6a127639b540fced012618cc8709d426,2a33e148e4280aada6b0370270a14b26,88f9a01200ae29c1b498bef806b33ad4,0d16fd2b52ee78825dd3f71f69b1f958
13a270f8c2ecc2e9314d1ee5a852dc57,c2034fd07bc6e3e3a490ebf7cdf1997f,eb5df7b28f7b1c3d7ad8f7918b31c702,e93b4eafcadee89f79b4dc1d81c244b0,2c8fefe4d78589a2e1d981d2d1d039b4,88f9a01200ae29c1b498bef806b33ad4,beca453cc6d007058c417616bcee7449
b7407204c134d64e55181d128e2acb06,1669582b74b3012229cffe0ce388d615,08a666c7543a85affcd5ab90023d4708,32bfe1aa6df3773a2df8a7691ace7e01,c66aa7fabe295dc8dc43d7e73debae1b,88f9a01200ae29c1b498bef806b33ad4,0dcd4eeaef82525979a6f2660022412c
15eededd1b3b998d386d575247065c52,9e075e4b8463e0794a7deaa39357999d,79fb6f1dc347c16ffbc68ae24329b97d,ddee762c1d8aa5fac3b7e9a6b1d36b69,2622be5cc93d203b5f9019101462cc64,88f9a01200ae29c1b498bef806b33ad4,77152d4f7d13e85ef899761438b71f3b
e8a3497725c04a65d2b358bc43d540f0,3d29a990b2a7d17780bcf45bcade02fb,1c1cbd8cf0043d2215cb6d980236fda5,83b9f8094e0849c9afcc99c0873e3897,628d933573218ec2c28505089a18bf21,88f9a01200ae29c1b498bef806b33ad4,43e587128fd3094be7bd2ff61a316c7d
eecc8f6591ceacac8e51f61d6abc6d06,0c7ec18c19254f6f508324821602f442,7bcc4b68c574b6d25959def144764987,0c0e52553b9b6e3f1ccc7764547b8de2,990c6eeeace040546165631abc279cf4,88f9a01200ae29c1b498bef806b33ad4,0b6ba92678ddf2a9b1a31e3f0856cc9f
3c855e5c505375dd50be3a255d311822,a2b4db6b67b6687095b6b617f4617088,0d4e7fb1942cd28366f06ecb0e5bfbbf,758119959d01f986d34d8af8aeb591f2,b0485ac8a02a0362a677c3f1d6ef6077,88f9a01200ae29c1b498bef806b33ad4,a19d8851e494969af79491385eb24188
b7dabc1742ed0df15f770c39c5f98126,c01ea26afe4551b2211334a742072b05,89013b0ace7aab48a9be07274c9f352a,51a4ab9d7fe2987644c5311faae48e3d,328aaae8ff7d6f53b52cbe77b26bb9a0,88f9a01200ae29c1b498bef806b33ad4,de6dcb4ef4f09b5046e262014c1822e6
ca1c885195691b00fbb127fb00c9c7a7,748a6ec1c37c9d8497f7b344a2b994c9,53291db954b646c044740176d1d9cee8,b72214b9f157b194b4821e12d3dff47c,e0749a6e7cd2d559013b36a995799184,88f9a01200ae29c1b498bef806b33ad4,c51fdbcb6e8ecdcd530d4bda14b01114
040b07ed2e08dead70f7de49bed3b32c,8db77eb736877e8d44961d832c4ac568,a240bc5ee62ed2cd984960603187b334,8f5076f1ab515d54be094b6a0e83a957,43427594c0fa9d90e8618425bcf67299,88f9a01200ae29c1b498bef806b33ad4,14431c1e0df698ed8793438c3fbea95f
be6191764f9b8ae0e0177a631518fd54,748a6ec1c37c9d8497f7b344a2b994c9,02d11274ce65679776b58986b5114e9f,f51e4d45b426828ed9a0eadf7c905077,96a87e2011ea66d0d48389f133382067,88f9a01200ae29c1b498bef806b33ad4,7668a85732deaeab41ecf504b52168f7
f550344a08b17079913c73c483a5aa08,91d74bf784b32aba1a96e932648eafa9,b43ec331291f7936a95355ca9a036abb,6f3a705dbb46d8dec92ab939eeb1f77d,05c2fdac4eadc0b6eac5e0185f89efe2,88f9a01200ae29c1b498bef806b33ad4,3a6e098d55d60384809be089c1b22fa3
6166d5ec92f498db515857c9e111a495,1669582b74b3012229cffe0ce388d615,f0fe8ffddaee4743dd3093c832bf1fa9,98471e7e82a8a08249c67eb8bc4e00ca,527c69e42f04b5a081bcbf97db724e6a,88f9a01200ae29c1b498bef806b33ad4,0df79b32418303409f35147a0f6ee9be
5c37341b2006824a4f7e399c5fd42f6a,a2b4db6b67b6687095b6b617f4617088,a083c56a3ae3f219a2b28d6d787cfa6b,28c2adb5fb5a51c2df03108fdc1fe731,ba6609cf338efdff882726f0a2d687c6,88f9a01200ae29c1b498bef806b33ad4,3a915aa26de87d20fea16010184cbd23
c7f7e908e171fb00c25423cd115889a2,a2b4db6b67b6687095b6b617f4617088,6a2429876f26daaca355429df9128a46,21d6ec101c53168d94b7af2b827a13eb,19a5cf248af0799e86bc8c44db3ecaf7,88f9a01200ae29c1b498bef806b33ad4,ce36a6c1b8d10d955d6cd58613f26ddc
629b9c30ae4af9a09bf91f08b1399224,825bf809ba797e12f43998a5110da446,bb5201a9b72dde56eb2cfe86737efc88,c9b95467c89196c83b57cec08b13a6af,6335262302280a04f606de09d62a5bda,88f9a01200ae29c1b498bef806b33ad4,7fcb574fce50ddf65c1c724f59152041
ebf75ffd03640074958bbb922bf29d86,748a6ec1c37c9d8497f7b344a2b994c9,064769644f96d6a7102b0367ece675fc,f43978aeeae44742a911735708d8caba,67d40f57162685f50fe924059d8c4b16,88f9a01200ae29c1b498bef806b33ad4,9bbe47c129539ed67c895170369d865d
6389498f6ffbb70eadc5fe9d9bcb013d,c4a39636ceffa4cf80c8803ae7c6af5d,d7595b85b81343d7c804fc5ed8b7897d,c500718f0a868cecf41595ffd14fbe80,5aaac7614f355c8f48ef154d935cc1ec,88f9a01200ae29c1b498bef806b33ad4,ab5c6222d0b19c0c3d72fda0dac97196
a85b8eef37beedbe22e8799498843b68,1669582b74b3012229cffe0ce388d615,5eedfd16c6199fc0ca7650dbc9e74cc5,0d11e048ff81f491af9b4fab744cbdfb,b715a44a1134b36245f56618060932d0,88f9a01200ae29c1b498bef806b33ad4,a2ce98541af30013a95b71e27b807e76
bd27f3f52a5a953c310f647a815c5e03,3d29a990b2a7d17780bcf45bcade02fb,e23463ae33731e310913d773d53e5204,0ad641d4e1825c6f591c6d3afe4e81fe,20d283b7f288aceba5e7bbe2734dc1c0,88f9a01200ae29c1b498bef806b33ad4,50275cd72962faeb02ecde2cb6caa734
a10fe5081dd92b726fffd206bd82bacf,992b67cbf6d0a0c4fc4a9c226d412323,e73f2b42cc5bd15067ef7fa0d9a16ee4,b71c303f07d82c1c2f747d077a6cd539,2164b1e2fa579ef5d73e62052e23904b,88f9a01200ae29c1b498bef806b33ad4,ae5e6caaca529112e02e0641ea16ae1a
cae97925d5eb280e09d96ddfe9d4e706,1669582b74b3012229cffe0ce388d615,b6f8d15396ecaef7a68b866e9a2d8f06,cfce89a6c0b63d22e77b031610d202eb,edc3bbef160c84ace5bdc8498c02f65a,88f9a01200ae29c1b498bef806b33ad4,fbf1d5fa05a37a9f57ec81c8dfc77f38
0076fe89f0ad4680adc019cc0db8e83f,bd6141fb1d195ef118e6f6b76ff76071,c0313eae62063a282d76e847fcce6c05,9f782e071e3f0d1d5c3e468bb19e139b,9fcafcbad76f4084a415147baeeffdee,88f9a01200ae29c1b498bef806b33ad4,97efb59454b119ad0b6e30ff5d2c0410
7b97fbde2cbc41e976690b5d98d70690,c4a39636ceffa4cf80c8803ae7c6af5d,8d643a570e94530884f9c0957029ecb4,b0245c0edef8a5c6bd4915f00a647713,df04fdf1bd545cb55cdcfb5d99b2dd72,88f9a01200ae29c1b498bef806b33ad4,74766b727578e300901975048098831c
aebfb2b6247e62de07988f0e3f3af092,3d29a990b2a7d17780bcf45bcade02fb,08213ff254be9b3c3e2eb9197be76bc2,f6c1656fdee094a2941ea548376a3c93,93d003eed6d3a3ef61bdd4a76798db3c,88f9a01200ae29c1b498bef806b33ad4,54c02f0951a166806505e334da51abba
b2f54c063631bbed6193e8b4bd77c9ff,fa6c0960a5e589a6c343099bd0cd5dac,43b82d8da6fcc7ae0857219195fbf733,287e1c9d62d8eac320592b7c81e45de3,cfe713f1557df0b53ffddfa84a1755f0,88f9a01200ae29c1b498bef806b33ad4,17c15cc46262afe84f89198a81f79fff
2a880f5d77db7ddc32b5ef8858f46660,748a6ec1c37c9d8497f7b344a2b994c9,cdff558bcfbc5792ea6545af2aa2c408,7b8806f8708dc1776cfcf0768dd9341d,ef9ec84100a6702e254821b61d59bcd9,88f9a01200ae29c1b498bef806b33ad4,d42023480c2046507af6c4e824ae0a0c
f19e5c6c2c01f29a3bed81af3492d59f,c15be9381b50ed7a4df0637de70ccbba,7a0a042bccdf45549de6e7cf2c65d393,a46436127f8983ff9d6c02f2e6afecc9,315e23b61b031beea9370c277dd95f8d,24a241230bbb6e9534503422cdc1ee2e,b9de41ab60d514cbe4a56c5bd072c314
c03d95413cf2174f5fdfd95f5c698cc8,557fe091251e360c9e737e03493d08de,88febc6ddf7e965b3d0ea31f1cc607d9,38af862caa4ae48f663139d33e0b67b4,1d2e6434bfd3bc0893a0d06cd2bd850c,e6ac203782a6f2a82903451e3c94baf2,30de121647ff5c0353d862a9acd86438
46e5b8877abeff9d38ba54ae2b9bbf0d,c01ea26afe4551b2211334a742072b05,cda5a52924baa55ff1a0771503107a03,5b8742f88e90a42aa5aaae3bb9c31883,1200380321abb10f44bbb6da7196fdbf,92cca602e234ad5d0228570f688c0fc2,f5ee5d6ab7d56bdf78cb705f63dd296d
318b1b2a9bce09f2c3876434668b5f8a,0dd1a33609f94ca6f010c73776d41006,9eac95a3f997a987a3e06e4f27963627,7087820a9cbdefa2f827433c0561c5db,4960f59e98b15759c7b94812902a5536,d4a29403daa89fabcd677cdeb8e118e7,4c07afc1e322a12e9c047d391d920820
dad15eb79317f8cec14b860b79d67327,c01ea26afe4551b2211334a742072b05,52c7c95a37fe6a3b6c040e16701ad5fb,f1e82648efe59c3dd20d12f6b8e81541,81dc05f168bfa24b1f9c3e2fc690963b,24a241230bbb6e9534503422cdc1ee2e,e374a7dcdf1223af93662481438c4761
e5cdf6a33b6bfacb92ad89707cb0f291,711a31c915d7ec8769159d134cac5837,34d4c06a1d7a472d0e55a1029b4724fd,9af1b17e1dc6faa947552be467ce2827,eca33e3ef01265f6b4dcda8477b966e2,3c90495f92535b17a9ea5a913703601b,dea5196a639fb1f5d91965ace841ebeb
39a65aaf315bf3f490a55693961c375f,c01ea26afe4551b2211334a742072b05,379e5e94a06dcbaf8a39907d17849ed7,0ac6ad68f623a5aefa2079b9113326d8,3bee551a4c05b3072ab68bd9e4ec128d,24a241230bbb6e9534503422cdc1ee2e,8e6fc062e6f9af71388d68526bd76de7
f80b4a4e28aac1d174390c196851e645,bb156a81efac69f0a34358a1756eadaa,7d90a349d7b97e68bd9487965382612f,d429fc2e7295ab3d4ee18604dd685f67,9ac347c3a1eef7e456eb2026ae11a384,e6264faa7811b3b080b63fd8555ba57b,67ad6b24f8de39e6cf08b56008d6e370
463f05132a8f850206a083d39c4275db,c01ea26afe4551b2211334a742072b05,d5054e011c2e0af3dd19aa168d166ad0,02908cacc44fb6f4b4c679c074c0ae4f,a885a289c04769ff03ddeafe20148688,48957fd553e0eebf9ec08cf5d3b76c90,967aff7f1d812e5e1a2fb309b6b7566e
62c431825b81a7b31bb196901f42962b,59e2785e07b71b4352537604df9f777e,3de5e2d1acf26a3bec8fee000c2d53c6,133a9dcc5656779942e52ed3f2a3d7eb,5c2d685aeaa92b376c5021355b3a62ac,0cd0188790b66ef0b526b138a4439c78,f0009ba7d27927613428c691e63d7124
a53f684ca1fa66ac7d7f60684b627af4,9e075e4b8463e0794a7deaa39357999d,27db3cc55f8fd3c0190173009e3f991f,b37af71bd84b58ea28db7ad242aed4ff,7936c28af644536bff9bd2c36391a507,d74ea852153f87ef5798afbfbeb3199f,3774d8eac71dfb655086351accf6ee79
be1671a9c6fddb34b24864c8ad3a03f1,6f6b6d1c21a36cbee960c45d3cc45036,5f0db376346d23460ac1f840c04bf0da,7bf60385449bfa558a665af23a99f2ee,77586ad1b370a9107ea6a7a25aa7d7d7,e6264faa7811b3b080b63fd8555ba57b,fced272e51376f2104a9e229878f9355
89c7975ab7c8017b845668b70c54c971,0dd1a33609f94ca6f010c73776d41006,eedcd1ac2019465361b93c76ebd7f8e0,a2794f8f04b66f86371714f8d12b6f83,77645ad407267559c9646b8d2432996b,24a241230bbb6e9534503422cdc1ee2e,00ef9b9cc527fb7b9dd3fc112b10b411
16e1a00157e03ca035e591b8978338df,91d74bf784b32aba1a96e932648eafa9,b5e75d11cc64e958fb834ee5b33922b6,b5d70259248b272a5352bc0998cec194,de4c83bab8a513b6cd10895537d8b1a2,24a241230bbb6e9534503422cdc1ee2e,f2f361ecdcc0af2c8e743a3132be0a98
fb0a271fa083ff4b5af544b8d16dace0,992b67cbf6d0a0c4fc4a9c226d412323,2b30068353392d10d33b343c8f57898f,0cec74bef1a5f5bede23848d48d80afb,543f7361b9310b3e55a10c9c4569158c,0cd0188790b66ef0b526b138a4439c78,6f245a8a6c19154c04aeaec25cbc1e3c
aae8a22691e4f5aafbcc1f4d648926ac,c15be9381b50ed7a4df0637de70ccbba,3882dcb8a248874eb03b2eb314cd3947,66dbae69fd94426f08bbd2b8457668de,cfa7c4cf294db0c3274c44724de617c8,e6264faa7811b3b080b63fd8555ba57b,9010e625079c64d0612e2bf22a5285d2
a570bbe99da2185ffe7a40235b2c8ed3,c01ea26afe4551b2211334a742072b05,4a6ab99722662e5ef447cad096724bda,347a55606db505c9f7d9efbc459ca1a5,1acfc1e3ad6755c5ac99d7fca4327490,24a241230bbb6e9534503422cdc1ee2e,50804dd88fd874fbfe9fbc1d63c73b95
42e0ee324bae158a7e3b389bccb6b5ec,17df3f6414977ed98c94994e5dd47e76,f8b9b368a37663ae9c332eff2ed0169c,8c4a015837cfc379efc56ecf8287b648,0f005c659d50743ecf8d75384fc607c9,3497fc3f6b169c91efb8a14cf6e1e4c4,decfd18f8529361996ce775f305f8951
a0cfa1073de1948f5e3cf87539b97f4f,0dd1a33609f94ca6f010c73776d41006,48d36bfd65d94a5f558ca455d9a89135,ee750e7a8f7164232ba2cad0bef848eb,c4de5b749b790bbe4cae89770f38eee8,e6ac203782a6f2a82903451e3c94baf2,7607cbc2fd5f48495cad1b2e1f944d69
77e79ca0eb96bf76a05d86c6e7f3e64d,51a3f02a0c09b5ef83c3b9b57e9c39d1,2bdc4d91433425f40f4a12301b78207a,8658db0d75a2d488b7d343da1657461a,52aa8304d0eb5755c468e51478b78d68,24a241230bbb6e9534503422cdc1ee2e,3aa37406776d530d6c20934043836e59
472c5bfeacc5c24d3ce15b1c3060135d,c01ea26afe4551b2211334a742072b05,397809bc83f73a5d940130fb994ce6d5,e246101b108b21aea9061700e3944c1c,735d49f612c5985a86fefbc25c40e1ca,e6264faa7811b3b080b63fd8555ba57b,dd56c5b1fbe8cd43655e29ea179ffcd0
e73e5c15966ad310ff72e0304f9f02fc,91d74bf784b32aba1a96e932648eafa9,40472a5943c286774e0c21f8526b2a24,fb1cc83f2c1f47d7bf87bd224a78dd0f,8a83f9bad296097c4709a09232f9aaef,3c90495f92535b17a9ea5a913703601b,5bf963281dab7992ccfd10f919b1c65d
f01c6847d8720fc7a0803377cb419029,0c7ec18c19254f6f508324821602f442,74b0f93af8688b798d6035880570469e,d022c72b680720d9fa9c7dde68b25881,385e2bb0d3705ba50aafda47faad4ba8,4a41259da9fee4821de42d4705f12b7d,840f0da2ed72d2542c6f1baa6dc0a4f1
eef1106913fef7dde67b9e291b58d883,91b6df7803f3bff4db2009f8ff3ac1fe,370a9bd0c89601fc11398dde4086d3be,11b15dabdbe5b91bcf026dcbf9cb96d0,c429495a86b26de36df0b2e93aa90eff,24ff5ecbf7002f8153a95e27f44fe49f,1d1dc0af68caf0d84dc5753f8f21e69c
ddf3debef9d5af1db551cf8cf6f95c8a,bb3af99815af3d4d940605fec517e927,86a5e4dd95a9ad7d2281b09be5949f69,c747b0a77cc970fcb709c596320ba587,56faab3a6ffcfde008e90ba0b110b098,24ff5ecbf7002f8153a95e27f44fe49f,76bc446d8014910a25466b3faff67b0f
a9d78fb03cfd70a7ce3d0d0057cbc2d0,91b6df7803f3bff4db2009f8ff3ac1fe,4179cdf02d5ed651399797d2f78679e6,0b2e78fb8f44e63515c9d40a1ac75b00,45957943abdbc8e75ab0e79bd299cdbb,24ff5ecbf7002f8153a95e27f44fe49f,cd351e710e4f303dde1ec683c8c50dbb
29174d3187fc8ace8045f4f15e6a2318,d30426eca141e06ff8e43f91b1bd2316,979496156162a258def7b2707063d00f,afe7fde2f7aa238132149aa418b10f5f,065c8225e6f3850b8f1b4865df755ad1,24ff5ecbf7002f8153a95e27f44fe49f,130795051991a97852f0fb2a607914b8
4153c65f5161c28e6d62a467d92edf83,6f6b6d1c21a36cbee960c45d3cc45036,ec1670aa568b1a75e4c4aacb5c9ad01e,64ac58aaabe76a01ca34683477109b39,b71d9256f93c1067c48980a61d3de152,24ff5ecbf7002f8153a95e27f44fe49f,dbdba30fec3768f14ecab92fe126e1f9
e36b2daf8eadb21de83d42795d0f0622,91d74bf784b32aba1a96e932648eafa9,2ab0f557a11693aaf08093860bbcbc5c,10417c529e27255eab541723115a602d,6549e87eaa0778c9e40f3fd85188ab86,24ff5ecbf7002f8153a95e27f44fe49f,6f3f3caa0cd8f194d862896e9c9e7adb
e15dba4e03868a07c04b22cc7320f42f,557fe091251e360c9e737e03493d08de,5d78ff48edfb60006b689a8c85500348,083a43a44ad517cd75b0b7af24d6d41d,0b6e0b5c9ca0c40528355fbf09b05bd1,24ff5ecbf7002f8153a95e27f44fe49f,cf249ab8cd5c1155a714e73b3a5f232a
462ecb0d15fa1767541b5780ed2f37a5,bb156a81efac69f0a34358a1756eadaa,eee5d0cc924f6df39f953fc0920083b7,42bab355763080e59da756efc5e19c25,e9f928cd473b8c1812c5e14a6f32d350,24ff5ecbf7002f8153a95e27f44fe49f,bf9da8c30e2d70c68d72f65be2e89087
650afdd78d2b62040981a6e5cdd75e8e,bb156a81efac69f0a34358a1756eadaa,c5a01cb2832e6c00e835f55fda3098c7,2f83b827d03330cad67e06a2ccbb63e0,92f43c12bbee97071926f0f0481802a3,24ff5ecbf7002f8153a95e27f44fe49f,07c7fb15c144d81fe69fe434826a2ae7
83edf4f1624f42022628493d42dc1a75,e37fdb0e273e4ee4695c50bfd1086533,45ad7596be42fbedb55b8f7f75a2631e,263d94330e071d5b9cbe1811fda91deb,e5ab27de80093f61db1355b071a8ea05,24ff5ecbf7002f8153a95e27f44fe49f,5227e390a2d93cb81a797444e229044a
c1448b903a412c4b50aab00fd7534db6,91d74bf784b32aba1a96e932648eafa9,552c1c116857dcae7d913d6e18598e69,f9aff9bb246e1bfd3a38be527127ec19,d8eff8000177c14c30fec90840cd24bc,24ff5ecbf7002f8153a95e27f44fe49f,179ba81cf3e2eef3d9b30d54259dae1e
b60e66f45fe40d9a9c49e2c648929ca2,91b6df7803f3bff4db2009f8ff3ac1fe,023d7b3e2cf03ae1a3bb3aab9de21828,d7904b3e0251a52e4b15c5bed452dfca,d23a0ae07b5abf14259d92811aad8465,24ff5ecbf7002f8153a95e27f44fe49f,0660cc86d9195b37b366c7a96a4347d5
e4b1e001ee7591a6dff3beace985c181,91b6df7803f3bff4db2009f8ff3ac1fe,b42a0710b3eb96542797ddd5c2189224,634d36b502cd32ba3a05cf0d832f6647,97269d4d23f9c7036f21bdfc72853836,24ff5ecbf7002f8153a95e27f44fe49f,b62f5db4577a723639c28fc0b75efaaf
9efad24d94a75d3e246e80f5ec5bccfe,91b6df7803f3bff4db2009f8ff3ac1fe,60748b6982952a7c39bcb08e0a3c10cf,c3bc162f2d14bb8e33d447aa4da92955,7d0fcfec2bdae8ac6b5b92415d8053f8,24ff5ecbf7002f8153a95e27f44fe49f,f0741ec76166392d1493889bbcd34bf1
ad22f6a5b1a631a5ce27277d5d43da3d,c922faf9357912e10205097abd825cbd,8dd4ff5e52e9c89764df4beae23f6eac,9a68281769bebfef3ec17fa94a8be18b,505767a6b8e84379180c59efc417f3d7,24ff5ecbf7002f8153a95e27f44fe49f,a3ac78e23c46149b3e1cb01b7bdd2138
eeb92da3bb8ea6effaf3c60800ef90d4,0dd1a33609f94ca6f010c73776d41006,3bfe0de67967645685408d1b6ee4df25,1e26f8ad15791e6f84ff72022f5e17ff,e6412e716b2421cfbc35142de994bc22,24ff5ecbf7002f8153a95e27f44fe49f,3326c6cfe87ff37e303fb89c54077e92
66e3654681e1b29533151a590e708099,6f6b6d1c21a36cbee960c45d3cc45036,ee09d32b9a079087cffbbd31f91118b5,9bd5f81d808a59b00799739fb066f08a,a74178c504fec5fef28bf2d1a3af8092,24ff5ecbf7002f8153a95e27f44fe49f,8865ae3702212d91081e98bcc0af0419
7b0d4bfaacc0e1db3679512479b03adf,6f6b6d1c21a36cbee960c45d3cc45036,ecb61d7f39df6d8c63fc00491f501cd7,26fe22522c8f9891b65f8852ae562736,df90f7b21316b0f5961a9130f2600184,24ff5ecbf7002f8153a95e27f44fe49f,fd5f8d1c5bfeb433eee545a5b57d56a7
f431c9443b7943f010643a592afc0ea5,992b67cbf6d0a0c4fc4a9c226d412323,f35b0bd20602f75d5f6ac01224ead868,577a01a78a49c0b44af0af0121fce063,b1f593011b2d8ea84ce85aff6e43c7e5,24ff5ecbf7002f8153a95e27f44fe49f,57d0da70a43a1fdffadea064d8df4deb
0ee05db9d5b178f1062b838567b9fb43,6f6b6d1c21a36cbee960c45d3cc45036,f644d019624bbbf17fa752845936136e,100c5b47572f2adfe11b73ad016b18c0,c5efd5c0cef94c37b58d0fc39715e612,24ff5ecbf7002f8153a95e27f44fe49f,4c6eecf541dc70f4ca05958effc0582e
85ff95c3a717c307e0fd8a53c4457591,c1f6884dc7dcc8f73ce11a89b4dc83a1,95b5113866207d5ae3f80a130e65ec4d,c6cb41aa7f0095a50058a23d7ffaf8e2,54aee472348fc0b924d1439b8bdb2499,24ff5ecbf7002f8153a95e27f44fe49f,a715d0292ab078a84e71fee9552bc58d
c720d73fabaf0012197dfd5960e2242c,6f6b6d1c21a36cbee960c45d3cc45036,8b7d84d61374708f939c90a081855d85,56a2a56893264d8223752b0ef4fe9ee7,2fb5b0c03f2ba40df6cb83c3b0f459ba,24ff5ecbf7002f8153a95e27f44fe49f,c39e8901017bb3aa074c11fcaa5d0692
bd8c4a88441ad40b7ecb849fbfbf040b,992b67cbf6d0a0c4fc4a9c226d412323,cd88138c9a107e3f123808149ece3f6d,2bf1b9b6bcb2b9f1431c203b6dc0b4d9,3fef0e953486739883a1fd44288106f8,24ff5ecbf7002f8153a95e27f44fe49f,24d628a9fb84b3427dbff4d9b6db2781
51f5a2bd166c7b408417f74352bfee4e,91b6df7803f3bff4db2009f8ff3ac1fe,df6ae029e87f8ed0f89413630678ef23,973c1ce00b943af0b3d01c6d200c91d8,b44625c0d5f1e2023683873822fbba02,24ff5ecbf7002f8153a95e27f44fe49f,7f08adccd7558e4deb3c36fe8bf26309
40139923b22597e4dc041cf928b68d6b,bb8d6dd1de0e3e5778a28771d9714232,85220dbc03b79025a4e180a35e93a276,b99667bdc7ae1a412bd01034dbd1584a,60b0c43f7acbb9a34350e3aca180a79a,24ff5ecbf7002f8153a95e27f44fe49f,c5a9b66ee91914183d765df266fcd929
b2139dd25205ee48c94dcf7c16c099b6,748a6ec1c37c9d8497f7b344a2b994c9,1223839402c04bc09178e11b26d8bdae,e0cb3f49c983432f19128f4a80121aa0,7110c331829e3a4d12c820e1364957bf,24ff5ecbf7002f8153a95e27f44fe49f,5aa75a56e85145c28aab476fb14c5b26
3f24dd52fa0869670a5592c6952c36bc,0dd1a33609f94ca6f010c73776d41006,acfe61a3c6cf0fa4d1a635e3ddc7dff5,c5f8c62e85a4e692c3352468281d5a22,ea4670731529e19b132844eb138337b5,24ff5ecbf7002f8153a95e27f44fe49f,1a715e3b4bb32ae5d1b5fff6e0c4ccd2
9ab51c25985e7c90b547311ce2eabc26,992b67cbf6d0a0c4fc4a9c226d412323,8b8ad2468aed1bc4b220a53ecb603e9b,66b60e81130ef889d0157be999c2e3f4,256d0b35f424fc4e6e1364f7c2ab7c8d,24ff5ecbf7002f8153a95e27f44fe49f,df1a73d4f69bcdb40cf9d30d19093890
41e19ba1a970fcac07c2b5a73fea9052,91b6df7803f3bff4db2009f8ff3ac1fe,057efef009f381aba94dd21cbf7790d1,284507c45646e4f36a9af18c921cf917,9b06e290cef806d541063d72e888fe1c,24ff5ecbf7002f8153a95e27f44fe49f,4c4e20db2e1ec3310ddcf715f521a16e
b509899109331715c00dc09c00c7cd82,799fc2f5b535fef10cf3655275afc190,d1ad252ed80fcca20fbb804e29c7ab53,3a956230c9c97608351e0236c358cb8d,d2002ea8647bcec63917667a6f21a480,24ff5ecbf7002f8153a95e27f44fe49f,db162ec5f02be025291222a77d090d77
a4413dd4bb3a9322ecc8773e3a137975,8db77eb736877e8d44961d832c4ac568,ec31f20b651d0335b1a05c052433025d,6ab2417c4680fb0f4f799f9308c80874,2f977406dd2079eb67eb6d97c8ceb6ab,24ff5ecbf7002f8153a95e27f44fe49f,b615e5b79dabbb6bd0815b52cbd06d15
517a642849b12ad4b9e4e2c24859635d,992b67cbf6d0a0c4fc4a9c226d412323,e75cfa7329005342b634325a1d2c3b7d,7cf9ab7c836f188326ed9abc83197f0d,771bb5f1f5e39a37e812b8d6f8824c86,24ff5ecbf7002f8153a95e27f44fe49f,a29bc6adc797dc319e233929c57e316f
d463eb006ea668d4667ca3895521eeca,91b6df7803f3bff4db2009f8ff3ac1fe,f4e2da2b3de2c0535ab48ea8bef49d21,0ca922799a2ecd6f013e7b1c054724e5,bf4a8f08c82f7ac6c294a69844f53c36,24ff5ecbf7002f8153a95e27f44fe49f,4b8dbfd3e14b6210bd44994bfc23d95d
6e5c274d34c1fb95fd913ae01d8d4ec5,91b6df7803f3bff4db2009f8ff3ac1fe,80dec37d48d9997ab72c8757ba975571,4a479a6c6c70d9f8fde51bfa658337ae,70f0aeadf475714a6648d5bcc04320b4,c95a585f875e18d5a4c09439bf6b3ec5,1cbfeeaebb7e558efe52634c4a8f42b1
48d27d363ef30c0d065bad0e3616e6b0,91d74bf784b32aba1a96e932648eafa9,ec29a479cf0f580e5a2d27b5d24df27b,172099cc0a127909dc40eb9f11f0f041,252dfd5fd81fa7a5eda0702dfeaa5e75,24ff5ecbf7002f8153a95e27f44fe49f,2269ec1cc1b7f255ee18715e378526cf
c4a801c91b1dc9a6f355af5e5ff1a8e8,557fe091251e360c9e737e03493d08de,ec3a40cba4d534b7ba2ef97f4aec22e5,f5f11ccc6f56309f043de32f6419e984,d75b63e9334fba5cf17befac75230f2e,24ff5ecbf7002f8153a95e27f44fe49f,778d176833866fdc266e07dbcbbcc2df
e831072b4f56209a8c73c209b8fbc099,9e075e4b8463e0794a7deaa39357999d,71eefed8998bc9fea474f9056da904e6,3ab6682f8fbe6571d7ab4fb95c25790f,e8140faa7946610f54936f2f06fb439b,24ff5ecbf7002f8153a95e27f44fe49f,5e450c7178224b700cbb89ea1415eb11
92b8cf8a18f1c251e1df40d7211a95e4,0c7ec18c19254f6f508324821602f442,e0791a843fa30d0f801ef1931255e8bd,57c9e2a6d1e1357d4f125d05ac621964,2a4b614baf4f44f55167bfb1284c8ad4,24ff5ecbf7002f8153a95e27f44fe49f,008fc66302e7c419c31383394cec7a04
a037d3f6e26a63dfb5f7a14903e1f040,91b6df7803f3bff4db2009f8ff3ac1fe,361eee3c6f33584ef97119cbd3709eef,3c960b6d5689a57762c7b8e2c5bc612a,2103d5c31c07be69ab2e2894d2e0ba35,24ff5ecbf7002f8153a95e27f44fe49f,2a1dd89a983573dc62c598e974b6d6ea
c5a958f6a771f9997df5823615f40b06,c15be9381b50ed7a4df0637de70ccbba,85ab55d21544dcd0b16958a26e9247a6,61e342ca08acb489b69daea6377ecd9a,671631055c85925baf8bd4b357d6c258,24ff5ecbf7002f8153a95e27f44fe49f,50fd8308cdce9f4db276de347ad4cb3e
b1dbb51eae5dcd65ab4979517cd99429,91b6df7803f3bff4db2009f8ff3ac1fe,0b220b93ece1170dcf1bc208c3c7876c,ca149d604076f2cabdcb5d2b9fb65dc3,5b67802568f2295acbf369d66652e2db,24ff5ecbf7002f8153a95e27f44fe49f,59f481497578abd8d0a6fb2dd2311a65
61953e33e4ab330017991976b0c985b0,8e99238ba3932c1d6ddaaaaa4d8d8bb6,bfc76651412466e0e2e210fabcc3b212,2d80990c2e403c4bb449dd021b9d1ddd,857de1acc8e8023c7312ac1f0055df2d,24ff5ecbf7002f8153a95e27f44fe49f,54ba3065ff5bcdd5129af05c1edbfac4
96e3c6ffd4c53e00ce2845783f76386b,91b6df7803f3bff4db2009f8ff3ac1fe,a34540f1bf43f9b38f940a56ba3c3670,035b339037bfa6e6e774e0473ea4b19a,26d4ed8a73c9574d4427aec797dc1f42,24ff5ecbf7002f8153a95e27f44fe49f,2c37cd30b776a741fa0d87395aeff469
15b4ea18a57a25d91b0ee7ad576283c9,eb5b79b04ae0297741be1a227bf6bb70,47a95df14ee5d86c14d49ce4a1dec50f,383dfb12c1ce94fb8df0e20077f7654e,00e9909ef77039a24df0ed2fb080c40d,24ff5ecbf7002f8153a95e27f44fe49f,23d5e29ddc20aca3a1cd285342f411dc
a1020f11cb73fe9b1cdd9366a252d4a6,0c7ec18c19254f6f508324821602f442,bf21b600d619036311c478e9d7964042,52a7b32007ca3724d48eb1e14cf82023,b47ecfff1a1ab300e57d8dcb470633a5,5418962484fd590c4ca55f99751b7d94,37346c97d6a523474c760bbfdeee37a7
a155584e2483dfab2f2ffc58d8dcd747,bb8d6dd1de0e3e5778a28771d9714232,9620f4401d632b261960d329d1d331c8,a4d0e155b992d79a6c3a918c19f9e1c4,2e49dfe667fbc36391f512301fb67cfe,5418962484fd590c4ca55f99751b7d94,fef71b8df708ce1914d5bb81b9afc713
ea25ee86e70c1cfc127b4ab21c45b0f5,0dd1a33609f94ca6f010c73776d41006,53df225b7aac12bb2a4500714be0cb50,2c30c7eab230e65a7279ee0cca83fe5e,4dfd0603d6a21d6506a89fee3e46a6f3,5418962484fd590c4ca55f99751b7d94,41a2b77a1b3ceafdbc0bd3a876f2ebe6
67aac6666b5ad27f50a945863cc9490e,bb156a81efac69f0a34358a1756eadaa,c32404038f2e9187aaaec139407f6950,51cd3f1aabcab2335dfc31015dfebca5,b4b4f89c81c3412381672a582919478e,5418962484fd590c4ca55f99751b7d94,a45ca388dfd6a7e38f8de570dd1bde5f
70d7fc415d03fe054019f5f55da9616e,7a55c158c06a66256c74f14cb1b4318e,14e1f9b4c7f22db42db5b186ac41b63b,df2d0b264f892ed9493228db8c81e55a,c77167c60f37811515803f37d7e127a4,5418962484fd590c4ca55f99751b7d94,beb00c5588e30ccab0e63ce233a29321
bae92fbe6d392e8c84d9a83bf1593813,c15be9381b50ed7a4df0637de70ccbba,c6d2dd01771caf4d25f495e97cd702bf,4308764fe3ec327ac6ae97bd683ff774,8bce384ae9bca5d6b4d773b5ddf52c2d,5418962484fd590c4ca55f99751b7d94,2a5cb9abbc2e8862d6665d1a677d5f81
1a37273851108e13a1b77c6b9fabfb84,c15be9381b50ed7a4df0637de70ccbba,a6e7c0b3f0b1c5bc573f936d80f30ccc,9c444203b4963b704deb75f394c8e481,96d53e0dde3fcfc6e3136299e9c9246f,5418962484fd590c4ca55f99751b7d94,4523c949448b4e9f8a7c0e26d4ca940e
3014e6d759fea34423c74f1d9de30feb,91d74bf784b32aba1a96e932648eafa9,cb1afc0ef80e75fb412ad852099325f4,cd2a31f699663854a743ec836963b5c6,008433b937f2512f53958531950df158,5641f84a1091fd57d650ca91b7c815c1,5433d24874c820d391189ad29105ca21
f538921ec57825c309d648c165477afa,c01ea26afe4551b2211334a742072b05,039c225738eea48794dba442cbb09fc7,a5bf130700158607d74e90569794af5f,414997102292a143d9fa1e83a06be5b3,5641f84a1091fd57d650ca91b7c815c1,87c0d79160d72cf7ed981c08a4b7ce01
8de4944fae0eacb1ed64746304c5da8c,c15be9381b50ed7a4df0637de70ccbba,4628709fab2421d4ffbeb75bb8eba624,629a884bfdf12250dc8db88c1d8f2b6f,bb6d7a4f09c57d945f6280c8d7c05834,5641f84a1091fd57d650ca91b7c815c1,aab927be16088dce72710ad2eb6dc181
70ad248240947e31c33a5c251f5ef510,0dd1a33609f94ca6f010c73776d41006,6f75af8873204acadc01e6dbf169d4d5,9072763feb8015b9e5edd52b41308008,dea39c6c320a72006a03496ccf8bb335,5641f84a1091fd57d650ca91b7c815c1,161e0bdc16441fd3d41010e89b669ce2
fea0763af5268bde0a0f8eb03f616d1b,91b6df7803f3bff4db2009f8ff3ac1fe,d179a75c81d210f11bd6b97cf86f7d5d,c3427b6f399a311ff872cfcd4829a54f,ba70b7351b0ce396bc58bbf7df935463,5641f84a1091fd57d650ca91b7c815c1,f89297b2356426a2e56da0204c412988
d453cb6c340a77a954b002aeb7c30ab4,bb156a81efac69f0a34358a1756eadaa,6d211919b81f6dc0405668ce15ecf6ef,1a79cd0475f76988724c58981a56afa7,7f11905823169f31dbd3ac100209c7c9,5641f84a1091fd57d650ca91b7c815c1,428442654ec9e8cf1b4aec92c6f1b0e5
42e58ec5fe7ae6460f69ab43d4568279,17df3f6414977ed98c94994e5dd47e76,488be01c9ca0b6cf67dff57b0ff8d947,8c83fe6dc25843ae6be0cb0e1027f501,cd70d5557347222a10b28f058b50f1ef,5641f84a1091fd57d650ca91b7c815c1,0153f411947bcf5d79c6378e79d6ab17
d81c713c450ebbc604c83a164a3d6d6d,bb8d6dd1de0e3e5778a28771d9714232,ca6f8b8851a40ba4f749b467e39a9b9e,811dd4b8272b31932e9f45b326dd040b,fee28290db1dc4024c82374fa26266b9,5641f84a1091fd57d650ca91b7c815c1,40ad5b3913ccadd8f37023c9525e7efd
9316f391b6d2a485c49c068e25a34c43,cbb6f46c64d62e74d6085a6c36b279f7,c1b3bf57e1e1ccfd3306b659585355c1,34bd38e5b493b30ea84dda826158193d,ea6a72738d81a9eeac44d1947e5fbe22,5641f84a1091fd57d650ca91b7c815c1,c800f9f487383ca9715745526e7fe89c
c3e536059331ac0a796de2d6e58ee5cf,e37fdb0e273e4ee4695c50bfd1086533,b1ec7ed15a5517bd65b91c7b02fd89c4,208274b91d5fc740aea6a533e802ebd3,8631cf5c0122c3ed462e0523800c37b6,5641f84a1091fd57d650ca91b7c815c1,a565ec40fd44f25432e7605359a15e4b
c3d3d40ea58b6bcf2d31497ba55d592e,aa6a3ae6b89a51d41c8013939b419b52,17923c51c54a9311fbbd91aff2ab3088,6c8394627abe7528ba8402bf1a433cd5,eaaea64ba255bef0d431e8af6b29bb16,5641f84a1091fd57d650ca91b7c815c1,ae1596b8935dcd4a77c9e9ed12a21d8e
99aaecb078e20742873c403e24c56e14,91d74bf784b32aba1a96e932648eafa9,fa64b276b6578c65fa9dc0e6071e2399,c43ac2a2e435a68b9aa2141b97d12309,7bf45c701bb29d91676c56429b41675f,5641f84a1091fd57d650ca91b7c815c1,10c0b0c7d5570f7ab7ebfdf44a88172f
9b07d295e653c389824d7a3bb738e42e,c7942c1d8e963d1766acc0582c20284d,5f9565b5c57decd06e221730823bf5e7,44a3762dbbf7825af56b0650c8e7f13a,2aaedca3ef60a4aa4ac71bdc27926e36,5641f84a1091fd57d650ca91b7c815c1,6ca810e9673416c21cba40667fb7fb6e
4c6dd182c9745d170df6061c8b0b27a0,cbb6f46c64d62e74d6085a6c36b279f7,b33ea96e20528c809a0d8ac51e95d84d,e30cd10e4027a2671bce9d38f8ac941a,752eba3f6fe74ad599b1c9b1073207cc,5641f84a1091fd57d650ca91b7c815c1,c83895f903bd44c16fc9cf68dde1a1b6
0367913ebfb2639de6a8448a898454c2,91b6df7803f3bff4db2009f8ff3ac1fe,7cdf00558fbad45220427a3980a444e1,89d88334ad07d52fae60dc7be4c27106,e152b2e6cc6ffe29aa0391e0eca38b3b,5641f84a1091fd57d650ca91b7c815c1,76a6a03000f1fbc7b85ef7ec7761524a
8fc143c6c03160e08dc7eb7876b3e4b2,91b6df7803f3bff4db2009f8ff3ac1fe,a48a757d6146cfb5136b8399a6d46385,6c9ef42745a8ef73bab547a131038e94,f8c30f634739591ffe37534f963b2ab1,5641f84a1091fd57d650ca91b7c815c1,8e2c9661d74fe095b2aedd941405aadb
8fc143c6c03160e08dc7eb7876b3e4b2,91b6df7803f3bff4db2009f8ff3ac1fe,276811ecafe5713bf0df7f2be4054552,6c9ef42745a8ef73bab547a131038e94,11212ef42732bc43739cb4cdc57a01a3,5641f84a1091fd57d650ca91b7c815c1,7fd6718fe18dcce7acf189f42768918b
a9f4b1cc598ffd017ae297e17c65eda5,6f6b6d1c21a36cbee960c45d3cc45036,188a7e537ea42ece2e8389b8cb99ad87,6dbf1b59c0ddde2d211d503ca92f2176,e18c4f0a8ec64915defd91643837ca5a,5641f84a1091fd57d650ca91b7c815c1,4507a392806028f68026db9708bf5b73
dbaa2f46ca58f65cb9df89e71c0f8dd9,bb156a81efac69f0a34358a1756eadaa,abdd997efb34b45ce41a180e91b41f90,adaede27fc51666422ab86392b2571cb,61141bac00940db9dbc0da0be6b39b1b,5641f84a1091fd57d650ca91b7c815c1,6de4c78e1e18428e2bfc61897709b669
2d3a6932d62e5cd8e461612c812e2a9a,91d74bf784b32aba1a96e932648eafa9,9fc1ed7ba339e70290b394b5e59759a5,59893da31d2be559af15334aae134164,c705d217752dd50bf1d1ffdbf66971ed,5641f84a1091fd57d650ca91b7c815c1,774d26dc095d336515a6b5f2289b6a8c
c7bd3d2c0b517ee6145cd92d10b1db88,bb156a81efac69f0a34358a1756eadaa,333e3d9f772dc0ab039712ddad0c7852,a691b96fbd5f12cfdcf8993633ee9133,ae45ae406ae9b350adfd4ef974922dfd,88f9a01200ae29c1b498bef806b33ad4,ea311ab790fe7f5ecb4f37c16a9fa6e4
dbd9a7f6902e3d97e079883cff0fb448,91b6df7803f3bff4db2009f8ff3ac1fe,8d55490afefe8749b2a9924a6bcaa2ab,7fa7c533f722615aaa4ab8b2de0ee377,6f91fe230c9b1e7a14082312a0fd2aea,88f9a01200ae29c1b498bef806b33ad4,da8ea7b897c5ec9a5e170d61c4507732
293a716cbbbb13d9534dcf03b1ffedd6,91b6df7803f3bff4db2009f8ff3ac1fe,88865bd821259bc608985122a0001a30,cc9343628cfb2bdb181bf6a64cc0dbda,3c04f322775119fd3919eb85c7c67509,88f9a01200ae29c1b498bef806b33ad4,f3ad4356bd5871090303dadd181419be
3f6ee58f6d107cc2a2903a1bda12d2af,0dd1a33609f94ca6f010c73776d41006,ca5b865cc8cadaa2e36827e1558952a6,5ca846cf5e9bf340a0ae303cb9e03e35,7b2d0d2a50c779e6b71077f1f8c4b15a,88f9a01200ae29c1b498bef806b33ad4,cc4ff28962048f4b4d4c8cf4fbc001ef
51d94f9bc1de13e9bce01ee3ded94df2,91b6df7803f3bff4db2009f8ff3ac1fe,8396f3957bcd47f0e3eac6cc77a269ce,1f5f2602a7d6878690c8c57ba831fac4,aeeb8a421734711e88a334df58f4caac,88f9a01200ae29c1b498bef806b33ad4,069b9d972eba7d643c03ef4e1d558078
fc74a3bcee750cd9eb801c0b22f0a1fa,c01ea26afe4551b2211334a742072b05,9c54b31a1a5f991cc5ffd580c68d44e2,a5256c059bfb7f9bc211d3f690702226,e6d4482664022e44fddc811d93d9b8d4,88f9a01200ae29c1b498bef806b33ad4,b54ce2abc2604f466d8d5ca45036c9de
02aed169e34eb163c238dd74b025ef31,bb156a81efac69f0a34358a1756eadaa,c57794aa68f391df92f37ebaede0af75,b630466bb2b41cad23974156f9abc923,05d5914561e9f02968d3a7c3a35ea8f1,88f9a01200ae29c1b498bef806b33ad4,ba933c06acb829e7318302c8af62be0d
8dc87429431fca4bc86f20ed581674b4,0dd1a33609f94ca6f010c73776d41006,e34e329efde1a444d38a276e480aa44a,5c6b4dad4b124a95d77637bf15d21048,1f5b03dcba70580fc87fa763f248fa44,88f9a01200ae29c1b498bef806b33ad4,13d00f974e6af83fea84bed6d5723abe
3f55550a05b389ae0960537c51e7b10d,c01ea26afe4551b2211334a742072b05,159f2158d4d5c259172ad3edb6646853,48234cc4c8dace42124a44a09f01fe0f,b597485d99faeabb0cc8a894af9a31ee,88f9a01200ae29c1b498bef806b33ad4,8e92ee353b72eb1c188714946bfb1719
ba37f48598192f3804373d5240c9425a,1669582b74b3012229cffe0ce388d615,24e923360134d4649e1fa52e6bd719bf,8dee8ac035b7d6b61bfd00136aa850a6,19d5fa2496c23e37edba69102f29868c,88f9a01200ae29c1b498bef806b33ad4,d766a2f5c6c8c4a8c208f64db5849a77
9f45cdf953ed7e4f0e0a4cb098f94dff,bb156a81efac69f0a34358a1756eadaa,81670fcf179650acf254359c351e9ef7,a7ce12713979695604ef59df9104df44,b8872253069abefd40118985b2df6bf4,88f9a01200ae29c1b498bef806b33ad4,9cbe11835e1e765b9ba0635d278ad519
20e74559dd230ef5052ac1f42b92e9f4,8db77eb736877e8d44961d832c4ac568,9627750db8ac593c6856664cf953ed5c,e583caf968f9657d1f4f9f92d14f750f,9a88d70a0e8fd7151f1dbf52a25d9689,88f9a01200ae29c1b498bef806b33ad4,d29befdc58b2f0dcd6549cc3098f1941
58996b4f06f7d231216c21c64bb04822,bb156a81efac69f0a34358a1756eadaa,980edd60018d9a2b772afd1a7295cce3,e8cf3f72c088c4ffab8cd2fcc3d5e5e2,23c538dae3f1775457677d4aa3b4005b,88f9a01200ae29c1b498bef806b33ad4,cd1b0e19bc8d864ed269d0700abe994a
adcd502abaf88a5ace6491db752f1ccc,9e075e4b8463e0794a7deaa39357999d,fa0421d727849ae96ec8b207ac41b2cc,aeccc6aa515db205a2d0ebeb343ba1e8,da8e5b441d9d4a8909fe1f32e90473c1,88f9a01200ae29c1b498bef806b33ad4,951bf5bd872ea48d009932f507743eda
96e80cf4c82a12c51492ff56ecd2643c,91b6df7803f3bff4db2009f8ff3ac1fe,1d346523986e1505c0f141b3244db870,4c341a6a0faeec8bdde271429ae96965,e1189046aeb9ae4af0e4a924ca5e9693,88f9a01200ae29c1b498bef806b33ad4,85d845f348c540356106db2548f5f00c
7dc25c6ee5a8641b0270771b7fd0dde5,c01ea26afe4551b2211334a742072b05,8321398cab1fe762fd1d47d8f4578ea8,764a9c0eb529c019e6ff4ee2371d07a7,65c2c66d1507fd53dd24e2a6bc41ce27,88f9a01200ae29c1b498bef806b33ad4,6067f2745e11010141bd925f73258edc
125a595d5c2a63da0c8e745192c70425,bb156a81efac69f0a34358a1756eadaa,f12e671f8b90c40a2a3b57dae4442fc0,4b2497467cfa06c3b43d2220d9406ea7,72b12e887578c2f95db946e4661f5866,88f9a01200ae29c1b498bef806b33ad4,2a464283d961e3647cbdb57fe1bfb298
be1a55d9a816952b19dba59d37a70de7,91d74bf784b32aba1a96e932648eafa9,c6e198ab1d0d08541cc18c807b751754,4f4a1de9704ceef4af4360d91166da20,54549b64b7c336bdd1e339cff4bd44c1,88f9a01200ae29c1b498bef806b33ad4,a491c4862213835deedce6f0465ff512
a9f4b1cc598ffd017ae297e17c65eda5,91b6df7803f3bff4db2009f8ff3ac1fe,d2ac7e88636e2f9e2d3f1f2a37ec3672,6dbf1b59c0ddde2d211d503ca92f2176,e8b038db318e15a6d3eb4a636033c593,5641f84a1091fd57d650ca91b7c815c1,fe1bfeebcafd0566e31d9cfc0dfe2937
