9f5bf44e26649b24ff0f76c2b8a72fb0,2d1613ea5664758a87e1a858dd446f67,efc10fb3a32ec69597d6db4ca0c19fd8
6d81dded7c9053ce159acf67e7a309ab,972e05f7aca2177ddc5e07c0afb3cbcb,520b3f55ccb0522f3e6060ef1835d6e1
ddb4962f2cd875d14772d4d0679adf0f,b32f7cdb0019ecc65df08215153157b3,7e6383c5165f9fb4b8c052d62d859979
07c47c8ac74a66cb2ddff92c80910002,b32f7cdb0019ecc65df08215153157b3,7e6383c5165f9fb4b8c052d62d859979
c9d441be14aaceefb57fb42b87580521,2980c6e4253deb7bbcbbbebd5fb6c35b,2e68a55be700b54ae9d92efb2c52378c
db4b75280e5c156fc796c6ad8e2b6036,8ec075b22904db972ca54ded09792387,2c823902f5607366ac44f7999987f983
a25a542669f860e3a5ee0a1e41ccf8a4,2980c6e4253deb7bbcbbbebd5fb6c35b,2e68a55be700b54ae9d92efb2c52378c
dfcf31baa58a92cd7e6c96c349ed52d8,9883697e98f2a24de750f23f0b291864,e420805b4060f5fb06c0d0229a30819b
1c6b687a1ba605fd742d3774f299b82d,972e05f7aca2177ddc5e07c0afb3cbcb,520b3f55ccb0522f3e6060ef1835d6e1
dd757f32dfa1b5ffcfc14d114dd4ce73,dee343c76cf870e957590f70263e93b0,ba9080b7f2dbdd256d2d990522c593a7
a33415cd422452cde29c2fc871e1b942,e3c59416adf34a1b0daac11b737ebaa9,191cb7517f291f8ce4cd734b84cfec51
4e72c1800a9594db3fa3a78b964dc90a,dee343c76cf870e957590f70263e93b0,ba9080b7f2dbdd256d2d990522c593a7
bffc72b43eb8cb904d908e9cb565b5bc,2e4a055e7b9caf610fd2e4c7df8ccb46,80a89045356efd2f77124bd87dbd0e10
a9808280b507f963bb6e28132d7a3dbd,9883697e98f2a24de750f23f0b291864,e420805b4060f5fb06c0d0229a30819b
4a20e73d7c671547ba55f8464c125541,40e191de4f80bcdc56c0b603c9b06427,6cd37657c625d27ec6db0a72764b530a
7e7e6b714736c47faff893427a0974ce,9f4dc38e79a4b350a7b8db84e26f80fb,18b46bac9c6404600cf555d4c282f64e
d5f8336daa1c4a07938799bb366f10ae,9f4dc38e79a4b350a7b8db84e26f80fb,18b46bac9c6404600cf555d4c282f64e
39be7a7e75fd0ae175cbbcaac2b48785,48af117c503e7db30ab93d3192ec78bb,e4cccce30bcb06af61d070570ca1dbc8
634f6be59e345111739b591486ea02d2,9f4dc38e79a4b350a7b8db84e26f80fb,18b46bac9c6404600cf555d4c282f64e
47aa2bb387cf3e0f590eace283aac3b4,6c20b77f935c89800cebb38d73419fe7,113e683c4aeb6e1740e95381f58801fe
f6a76b6cf319272a279b108c55c52661,6dfe717b59538391aa3a323ece1591aa,2f8ec25d11e8868ce052dab0bc2343d8
c4aa6f1e0b14487c3e603fc70b912050,972e05f7aca2177ddc5e07c0afb3cbcb,520b3f55ccb0522f3e6060ef1835d6e1
b0bf13963231c83150d29a16d951dc98,e3c59416adf34a1b0daac11b737ebaa9,191cb7517f291f8ce4cd734b84cfec51
4a5cdf9e84f897d4f4e3f39400939041,6dfe717b59538391aa3a323ece1591aa,2f8ec25d11e8868ce052dab0bc2343d8
699d13bee2e53972739f78ca7be74183,972e05f7aca2177ddc5e07c0afb3cbcb,520b3f55ccb0522f3e6060ef1835d6e1
ec4cd996759e429665b6674b10a99b41,09d639834ac86ae4b0ae4d539bbad6a2,187b5e73bbf46bae049b6b89348708fe
844d11bc0e7b444aff8641e922144d95,09d639834ac86ae4b0ae4d539bbad6a2,187b5e73bbf46bae049b6b89348708fe
fa2ddeb05cfd75e2f050ebfd4966be59,2e4a055e7b9caf610fd2e4c7df8ccb46,80a89045356efd2f77124bd87dbd0e10
6cb595582f45e00496de4dcd753b737c,40e191de4f80bcdc56c0b603c9b06427,6cd37657c625d27ec6db0a72764b530a
75b8c0908d9986d335aadcde2718e6d0,9f4dc38e79a4b350a7b8db84e26f80fb,18b46bac9c6404600cf555d4c282f64e
3bb95ed367958c815f6619f5953269e0,40e191de4f80bcdc56c0b603c9b06427,6cd37657c625d27ec6db0a72764b530a
6e9e7d69545fa2883337e4379eece166,6dfe717b59538391aa3a323ece1591aa,2f8ec25d11e8868ce052dab0bc2343d8
fa2f8fec53d1b86e25eb4499b1c26fe5,e3c59416adf34a1b0daac11b737ebaa9,191cb7517f291f8ce4cd734b84cfec51
82f996bf67d66626c52da3319b8d68ef,9883697e98f2a24de750f23f0b291864,e420805b4060f5fb06c0d0229a30819b
c44f1635be32160d7fedc91ae1e10776,fc9388ee551b20045fd32e3afc08d18e,26e4fdf85422aff13b255d88a77a35eb
9dd62a7673ccec3d0c65fd76dff49ea2,6dfe717b59538391aa3a323ece1591aa,2f8ec25d11e8868ce052dab0bc2343d8
334b67c5afa4a2b65c4d89f591556700,09d639834ac86ae4b0ae4d539bbad6a2,187b5e73bbf46bae049b6b89348708fe
f0c0b71afc62d5f0bc3800133f144845,2980c6e4253deb7bbcbbbebd5fb6c35b,2e68a55be700b54ae9d92efb2c52378c
a76f8c5af4ebad4d0c5f6c609149568f,9883697e98f2a24de750f23f0b291864,e420805b4060f5fb06c0d0229a30819b
ecd077f3d5b922acc84acf3a0bc505d9,9f4dc38e79a4b350a7b8db84e26f80fb,18b46bac9c6404600cf555d4c282f64e
a0e71744a54688874de12dc523b0659c,2754c074ce7857bfb3cdcd83ddf08e05,a0b5478dfba810376edda3e5c8c6b0bd
954a4696c25a25563a2f0d46744e14ce,6dfe717b59538391aa3a323ece1591aa,2f8ec25d11e8868ce052dab0bc2343d8
53dae90b60e597c26dc849600240d5da,2e4a055e7b9caf610fd2e4c7df8ccb46,80a89045356efd2f77124bd87dbd0e10
167a4ba4d1f26e29155db2882d03bb97,6dfe717b59538391aa3a323ece1591aa,2f8ec25d11e8868ce052dab0bc2343d8
29648eaa13bf7e31a242baa63161b509,40e191de4f80bcdc56c0b603c9b06427,6cd37657c625d27ec6db0a72764b530a
1701e35a8c464cfdb9ee1b6a427a032c,48af117c503e7db30ab93d3192ec78bb,e4cccce30bcb06af61d070570ca1dbc8
0a79fa870131a6efa923efc0159987ab,48af117c503e7db30ab93d3192ec78bb,e4cccce30bcb06af61d070570ca1dbc8
53f5eab46d41be6e77d7003dbd68f998,9f4dc38e79a4b350a7b8db84e26f80fb,18b46bac9c6404600cf555d4c282f64e
64c6d6bbad42e000f89ae1f3a85cce79,9883697e98f2a24de750f23f0b291864,e420805b4060f5fb06c0d0229a30819b
867584a422c868e1fcffa738b4c9f5a3,fc9388ee551b20045fd32e3afc08d18e,26e4fdf85422aff13b255d88a77a35eb
a0b8beece7fe17cc254cdc5eeaa9500b,dee343c76cf870e957590f70263e93b0,ba9080b7f2dbdd256d2d990522c593a7
aef7c378f850c0f9d9ab2adefae1fa7e,972e05f7aca2177ddc5e07c0afb3cbcb,520b3f55ccb0522f3e6060ef1835d6e1
977c031ea8b010827cd2a295f97ce404,9f4dc38e79a4b350a7b8db84e26f80fb,18b46bac9c6404600cf555d4c282f64e
b0d0082aa26a61cc481e53dedef3eb65,48af117c503e7db30ab93d3192ec78bb,e4cccce30bcb06af61d070570ca1dbc8
c8daf1e6f3d43878f828fd4a47436542,9883697e98f2a24de750f23f0b291864,e420805b4060f5fb06c0d0229a30819b
f7c8fe4b6d4306c5d59388b358beae4b,2754c074ce7857bfb3cdcd83ddf08e05,a0b5478dfba810376edda3e5c8c6b0bd
050b84bed1b3cd19ca9afe2e4764ae1a,2754c074ce7857bfb3cdcd83ddf08e05,a0b5478dfba810376edda3e5c8c6b0bd
ad517ad258611155d4b098280e6be9a0,9883697e98f2a24de750f23f0b291864,e420805b4060f5fb06c0d0229a30819b
b14457aeeac7c5f31a4dce4d91e030fd,2754c074ce7857bfb3cdcd83ddf08e05,a0b5478dfba810376edda3e5c8c6b0bd
05b9ef7bbad8c86eee713ece6a869cf9,09d639834ac86ae4b0ae4d539bbad6a2,187b5e73bbf46bae049b6b89348708fe
42bf55bf42efe22812ffd688832c4adc,dee343c76cf870e957590f70263e93b0,ba9080b7f2dbdd256d2d990522c593a7
edef6eebe2ccae1e6c2004255972b219,48af117c503e7db30ab93d3192ec78bb,e4cccce30bcb06af61d070570ca1dbc8
a326a141d23eb6b3d673eed81238d47a,2754c074ce7857bfb3cdcd83ddf08e05,a0b5478dfba810376edda3e5c8c6b0bd
0c3e1a89fe8f9dcee94eae740fe145c4,972e05f7aca2177ddc5e07c0afb3cbcb,520b3f55ccb0522f3e6060ef1835d6e1
82f688463f44d7bc0c96fa2d637dc07c,09d639834ac86ae4b0ae4d539bbad6a2,187b5e73bbf46bae049b6b89348708fe
62ee13d1db224c98ad554535c3d3b25b,9883697e98f2a24de750f23f0b291864,e420805b4060f5fb06c0d0229a30819b
e62446d0dad422594f06a86a8335a46e,2980c6e4253deb7bbcbbbebd5fb6c35b,2e68a55be700b54ae9d92efb2c52378c
34f0a227aa0359c7b5588a43ff7196a2,2980c6e4253deb7bbcbbbebd5fb6c35b,2e68a55be700b54ae9d92efb2c52378c
399d090b9dafdf680b17892853c9a008,dee343c76cf870e957590f70263e93b0,ba9080b7f2dbdd256d2d990522c593a7
0a2280688f451145e60cc561faeb6ebf,2e4a055e7b9caf610fd2e4c7df8ccb46,80a89045356efd2f77124bd87dbd0e10
dc565ec742409205a6f8253c8f8620af,972e05f7aca2177ddc5e07c0afb3cbcb,520b3f55ccb0522f3e6060ef1835d6e1
db8942a1baf882dbf7d0ce032081592a,2e4a055e7b9caf610fd2e4c7df8ccb46,80a89045356efd2f77124bd87dbd0e10
50a0537abadb703854dc927590f1c85f,fc9388ee551b20045fd32e3afc08d18e,26e4fdf85422aff13b255d88a77a35eb
73145ce3cb8aa8ae73dec2d140fed2fd,9883697e98f2a24de750f23f0b291864,e420805b4060f5fb06c0d0229a30819b
d6414d7580443263bd630a293af1005f,b32f7cdb0019ecc65df08215153157b3,7e6383c5165f9fb4b8c052d62d859979
7b57ecfbcef4ed347ac984816e883c7e,48af117c503e7db30ab93d3192ec78bb,e4cccce30bcb06af61d070570ca1dbc8
77061c174cfba5c9d541f51f0a227e05,48af117c503e7db30ab93d3192ec78bb,e4cccce30bcb06af61d070570ca1dbc8
e1ada339fff0d9e9ece1406c75fdbc1e,2980c6e4253deb7bbcbbbebd5fb6c35b,2e68a55be700b54ae9d92efb2c52378c
b6db3caa1f7673864b521a7895872bdd,2754c074ce7857bfb3cdcd83ddf08e05,a0b5478dfba810376edda3e5c8c6b0bd
f7c7db99a2e1f04465061f761a6e4fab,9883697e98f2a24de750f23f0b291864,e420805b4060f5fb06c0d0229a30819b
a8ce160936229ecc51b08b813ba3f663,6dfe717b59538391aa3a323ece1591aa,2f8ec25d11e8868ce052dab0bc2343d8
fc9abc3c62d3931a0ee383d658d1554a,2980c6e4253deb7bbcbbbebd5fb6c35b,2e68a55be700b54ae9d92efb2c52378c
850a2622988159db9f848488227f1661,2e4a055e7b9caf610fd2e4c7df8ccb46,80a89045356efd2f77124bd87dbd0e10
81f58ac8bcef6cf37d74c88445196e63,48af117c503e7db30ab93d3192ec78bb,e4cccce30bcb06af61d070570ca1dbc8
d59cb6afbd7a67fb01bec2c546ba5640,2e4a055e7b9caf610fd2e4c7df8ccb46,80a89045356efd2f77124bd87dbd0e10
0c98b5a60e4d819a4f172269b2267fe4,6dfe717b59538391aa3a323ece1591aa,2f8ec25d11e8868ce052dab0bc2343d8
02708010b597cb3e730a940aac976695,972e05f7aca2177ddc5e07c0afb3cbcb,520b3f55ccb0522f3e6060ef1835d6e1
85cd8a28b6b30538b707e3a49cc1bdcc,40e191de4f80bcdc56c0b603c9b06427,6cd37657c625d27ec6db0a72764b530a
07c4eb8c34f1ac4310d4bc22a9cb1c5b,b32f7cdb0019ecc65df08215153157b3,7e6383c5165f9fb4b8c052d62d859979
349e15e15a53ceb9e3b9e1b74e537057,6c20b77f935c89800cebb38d73419fe7,113e683c4aeb6e1740e95381f58801fe
53cf3c139411c8c1a77be64bc311a777,6dfe717b59538391aa3a323ece1591aa,2f8ec25d11e8868ce052dab0bc2343d8
3147678d5a9dde26b0ab556d148b9566,8ec075b22904db972ca54ded09792387,2c823902f5607366ac44f7999987f983
845a937e8c7b57c3f45d3c06f7b6bef7,fc9388ee551b20045fd32e3afc08d18e,26e4fdf85422aff13b255d88a77a35eb
ba73cad7edf8c644df3a83f1a7e398ce,972e05f7aca2177ddc5e07c0afb3cbcb,520b3f55ccb0522f3e6060ef1835d6e1
20939d097efa3b0887fbf22b0e16f773,09d639834ac86ae4b0ae4d539bbad6a2,187b5e73bbf46bae049b6b89348708fe
044fdc32634b036c8fb66be9135289dd,6c20b77f935c89800cebb38d73419fe7,113e683c4aeb6e1740e95381f58801fe
efa946fbe3d99111180db001273e5b6d,fc9388ee551b20045fd32e3afc08d18e,26e4fdf85422aff13b255d88a77a35eb
95d12cb62d50b4775dcaf84f0487c78e,6c20b77f935c89800cebb38d73419fe7,113e683c4aeb6e1740e95381f58801fe
81a674c249de1cb061c981995914810a,2e4a055e7b9caf610fd2e4c7df8ccb46,80a89045356efd2f77124bd87dbd0e10
b977db30c6200a174ed53f802ed47727,2754c074ce7857bfb3cdcd83ddf08e05,a0b5478dfba810376edda3e5c8c6b0bd
1be36b3340265e9dca04aa6c6f5c71a2,dee343c76cf870e957590f70263e93b0,ba9080b7f2dbdd256d2d990522c593a7
e6269765d1807922f63429b2167cc1d5,b32f7cdb0019ecc65df08215153157b3,7e6383c5165f9fb4b8c052d62d859979
3d23bc7d4d8bfcb4fd42e1478be41c7a,6dfe717b59538391aa3a323ece1591aa,2f8ec25d11e8868ce052dab0bc2343d8
7559d7f24bc35b8a9c45aa7c1f84458d,9f4dc38e79a4b350a7b8db84e26f80fb,18b46bac9c6404600cf555d4c282f64e
2945a04a0c7d1c71e51a9c71e289fd46,48af117c503e7db30ab93d3192ec78bb,e4cccce30bcb06af61d070570ca1dbc8
d1f5bceb21000f4f1676e27d39efdeac,9883697e98f2a24de750f23f0b291864,e420805b4060f5fb06c0d0229a30819b
75de0cac5b2259c924352698a28d6015,2980c6e4253deb7bbcbbbebd5fb6c35b,2e68a55be700b54ae9d92efb2c52378c
a3415406695d48a9a65b4912aad2ee55,972e05f7aca2177ddc5e07c0afb3cbcb,520b3f55ccb0522f3e6060ef1835d6e1
fd56ac2f1266749f876bb23c8d9ae6d2,40e191de4f80bcdc56c0b603c9b06427,6cd37657c625d27ec6db0a72764b530a
03183c22a6b04ced14c82ae4db8c1f18,e3c59416adf34a1b0daac11b737ebaa9,191cb7517f291f8ce4cd734b84cfec51
4016650a40a7059825550be084f402c7,9f4dc38e79a4b350a7b8db84e26f80fb,18b46bac9c6404600cf555d4c282f64e
7bf5c350d3862dbd4e055259af23f528,972e05f7aca2177ddc5e07c0afb3cbcb,520b3f55ccb0522f3e6060ef1835d6e1
768a18f8dc32141fa0942fe599ac69cd,dee343c76cf870e957590f70263e93b0,ba9080b7f2dbdd256d2d990522c593a7
98ff9f1c64454be6de1a85251300ce85,40e191de4f80bcdc56c0b603c9b06427,6cd37657c625d27ec6db0a72764b530a
8d689976d92bedf5164e6e58ad7df348,dee343c76cf870e957590f70263e93b0,ba9080b7f2dbdd256d2d990522c593a7
cddbc107110f00d82d0989143aff1740,2e4a055e7b9caf610fd2e4c7df8ccb46,80a89045356efd2f77124bd87dbd0e10
c55de4a3611762712e96ebdb49e586ff,8ec075b22904db972ca54ded09792387,2c823902f5607366ac44f7999987f983
06a9f35b7e11451b42a14a53e2b2c9d7,e3c59416adf34a1b0daac11b737ebaa9,191cb7517f291f8ce4cd734b84cfec51
39903694bef5095083e939998643d581,40e191de4f80bcdc56c0b603c9b06427,6cd37657c625d27ec6db0a72764b530a
fe2b519101f86e354a55e864d880d4de,972e05f7aca2177ddc5e07c0afb3cbcb,520b3f55ccb0522f3e6060ef1835d6e1
f49ec0190f5c401d93b04ead97070bfd,48af117c503e7db30ab93d3192ec78bb,e4cccce30bcb06af61d070570ca1dbc8
b4be4e2b4768103bc0b13269ba4a9675,9f4dc38e79a4b350a7b8db84e26f80fb,18b46bac9c6404600cf555d4c282f64e
423fa1502606bdcf76a30ed6e89d3fb9,8ec075b22904db972ca54ded09792387,2c823902f5607366ac44f7999987f983
8b24d6c47b1d11c0a77639dda56c7a9f,b32f7cdb0019ecc65df08215153157b3,7e6383c5165f9fb4b8c052d62d859979
334c7452c6b6e689c3734438844de246,48af117c503e7db30ab93d3192ec78bb,e4cccce30bcb06af61d070570ca1dbc8
7944e4e0cb7c3594c0f3163d16654a6c,09d639834ac86ae4b0ae4d539bbad6a2,187b5e73bbf46bae049b6b89348708fe
37617157a7562a1a3e5fa2f695223d2f,972e05f7aca2177ddc5e07c0afb3cbcb,520b3f55ccb0522f3e6060ef1835d6e1
6e8c702d00309c37c5970940ad7fdde5,9883697e98f2a24de750f23f0b291864,e420805b4060f5fb06c0d0229a30819b
3fea33239618133aa06825af10978a02,fc9388ee551b20045fd32e3afc08d18e,26e4fdf85422aff13b255d88a77a35eb
cf016bd44bc0bd4674c5d984788c902f,dee343c76cf870e957590f70263e93b0,ba9080b7f2dbdd256d2d990522c593a7
71e9093c6f1584d6c07a9d1f2fa93429,6c20b77f935c89800cebb38d73419fe7,113e683c4aeb6e1740e95381f58801fe
282d4861f4cd595ead48fa9a7bf22e2b,9883697e98f2a24de750f23f0b291864,e420805b4060f5fb06c0d0229a30819b
a8b5e8810f656a55afe7930b718b8ece,dee343c76cf870e957590f70263e93b0,ba9080b7f2dbdd256d2d990522c593a7
b68ccc0dd3ef06e3f2046013fc8c09b6,48af117c503e7db30ab93d3192ec78bb,e4cccce30bcb06af61d070570ca1dbc8
58cdb1c831a4da659bc2ded7d268875a,40e191de4f80bcdc56c0b603c9b06427,6cd37657c625d27ec6db0a72764b530a
856535ad5c8c1ded10f43b9416e9b1c4,972e05f7aca2177ddc5e07c0afb3cbcb,520b3f55ccb0522f3e6060ef1835d6e1
f85f09582603fe0fbddad46566445b0e,2754c074ce7857bfb3cdcd83ddf08e05,a0b5478dfba810376edda3e5c8c6b0bd
c20b6544002ecd74c6fac0d0ab25c4da,2e4a055e7b9caf610fd2e4c7df8ccb46,80a89045356efd2f77124bd87dbd0e10
556b97a262e93bb704dc7890b31ee109,09d639834ac86ae4b0ae4d539bbad6a2,187b5e73bbf46bae049b6b89348708fe
7499aedb0dfcbde5b37c35b1b9bf5cc7,2754c074ce7857bfb3cdcd83ddf08e05,a0b5478dfba810376edda3e5c8c6b0bd
bc743c8944b45b5d67611df64be121c7,2e4a055e7b9caf610fd2e4c7df8ccb46,80a89045356efd2f77124bd87dbd0e10
c0cfa304ef4cfe6c36e0aec2ec6e7bc8,2754c074ce7857bfb3cdcd83ddf08e05,a0b5478dfba810376edda3e5c8c6b0bd
2c823902f5607366ac44f7999987f983,48af117c503e7db30ab93d3192ec78bb,e4cccce30bcb06af61d070570ca1dbc8
f1560074ae1e0135be34b1589c8b03fe,b32f7cdb0019ecc65df08215153157b3,7e6383c5165f9fb4b8c052d62d859979
71ba1a0c521cf18f21395edecdf773b6,48af117c503e7db30ab93d3192ec78bb,e4cccce30bcb06af61d070570ca1dbc8
ed3a6cf9e48b7c942f7b283ba092cf76,9f4dc38e79a4b350a7b8db84e26f80fb,18b46bac9c6404600cf555d4c282f64e
894ae6d7977cfaa481719f572ccc67ac,9f4dc38e79a4b350a7b8db84e26f80fb,18b46bac9c6404600cf555d4c282f64e
5afe1697367d89763025eaf3ab45dab8,dee343c76cf870e957590f70263e93b0,ba9080b7f2dbdd256d2d990522c593a7
ca09bde64cd9d8952f79f8904ea62d2f,09d639834ac86ae4b0ae4d539bbad6a2,187b5e73bbf46bae049b6b89348708fe
26548a839120ea891d6a17e763acad7c,dee343c76cf870e957590f70263e93b0,ba9080b7f2dbdd256d2d990522c593a7
66ec38a683fe4bebd9687c869d5b043e,6dfe717b59538391aa3a323ece1591aa,2f8ec25d11e8868ce052dab0bc2343d8
8880a1aa18cdabb50552b584fc838cbe,2980c6e4253deb7bbcbbbebd5fb6c35b,2e68a55be700b54ae9d92efb2c52378c
9a4d378967d9c6bd27230b7425cbd41a,e3c59416adf34a1b0daac11b737ebaa9,191cb7517f291f8ce4cd734b84cfec51
4f6b23849d693d222ee7d2185ed983cc,40e191de4f80bcdc56c0b603c9b06427,6cd37657c625d27ec6db0a72764b530a
962b132039ed7e7a31faa02696195c04,8ec075b22904db972ca54ded09792387,2c823902f5607366ac44f7999987f983
f4dcb77dad590247a2994f7a990bf0a0,9f4dc38e79a4b350a7b8db84e26f80fb,18b46bac9c6404600cf555d4c282f64e
ab8b97eded6d9bcf5e76ff162c93b0c0,fc9388ee551b20045fd32e3afc08d18e,26e4fdf85422aff13b255d88a77a35eb
65a21864f930a9d641f5592bbff09819,6dfe717b59538391aa3a323ece1591aa,2f8ec25d11e8868ce052dab0bc2343d8
22266bc199bc876a3542a0ba5b0c0d73,b32f7cdb0019ecc65df08215153157b3,7e6383c5165f9fb4b8c052d62d859979
ad6c0ad93dab7228e398369620f2c12b,2754c074ce7857bfb3cdcd83ddf08e05,a0b5478dfba810376edda3e5c8c6b0bd
9e37eb0c9f408873582546d9514a244b,9f4dc38e79a4b350a7b8db84e26f80fb,18b46bac9c6404600cf555d4c282f64e
e8a4a70250d0252833a5d66d64f6c212,9883697e98f2a24de750f23f0b291864,e420805b4060f5fb06c0d0229a30819b
07a6d1ede146827c79a80f4a7b56c89b,6c20b77f935c89800cebb38d73419fe7,113e683c4aeb6e1740e95381f58801fe
e0d74f34711db48568a7152b045c2ece,2980c6e4253deb7bbcbbbebd5fb6c35b,2e68a55be700b54ae9d92efb2c52378c
d3454cf54a4068fbbdc4bc8d3aaa5527,2980c6e4253deb7bbcbbbebd5fb6c35b,2e68a55be700b54ae9d92efb2c52378c
0332fa52d476108af2434295b96db89b,dee343c76cf870e957590f70263e93b0,ba9080b7f2dbdd256d2d990522c593a7
4c0e6c466e8042173b0c9c2cd0395c89,2980c6e4253deb7bbcbbbebd5fb6c35b,2e68a55be700b54ae9d92efb2c52378c
f04e300d4e4bb7c5d9fa02207891464c,48af117c503e7db30ab93d3192ec78bb,e4cccce30bcb06af61d070570ca1dbc8
f1e296bc38bfb7e86532d3f03995e8c2,2980c6e4253deb7bbcbbbebd5fb6c35b,2e68a55be700b54ae9d92efb2c52378c
840d8dc70843478c198ea10912a59f21,6dfe717b59538391aa3a323ece1591aa,2f8ec25d11e8868ce052dab0bc2343d8
efdb7a2b86720882d5c33c0ec63b56fd,6dfe717b59538391aa3a323ece1591aa,2f8ec25d11e8868ce052dab0bc2343d8
51587c453ed0a2ea353022ea395de97c,6dfe717b59538391aa3a323ece1591aa,2f8ec25d11e8868ce052dab0bc2343d8
b9af863fec34b99fbda5bbd3cea6efee,fc9388ee551b20045fd32e3afc08d18e,26e4fdf85422aff13b255d88a77a35eb
44055893053f1fbaa8e38caaee7fc058,2e4a055e7b9caf610fd2e4c7df8ccb46,80a89045356efd2f77124bd87dbd0e10
cd149078496140b0d996e3c19520db05,40e191de4f80bcdc56c0b603c9b06427,6cd37657c625d27ec6db0a72764b530a
e8c563376fb13393327f4c3739d11d0e,fc9388ee551b20045fd32e3afc08d18e,26e4fdf85422aff13b255d88a77a35eb
be4c81a33a4a5b6eaa3788c8a74ce74c,6dfe717b59538391aa3a323ece1591aa,2f8ec25d11e8868ce052dab0bc2343d8
665208b736cc3381f8f4843e7ab159f5,48af117c503e7db30ab93d3192ec78bb,e4cccce30bcb06af61d070570ca1dbc8
fc11305243ab51c0d6b5b038e8c88db0,48af117c503e7db30ab93d3192ec78bb,e4cccce30bcb06af61d070570ca1dbc8
be7f6d9f9a0bad3942eaf3ee328dd1c6,6c20b77f935c89800cebb38d73419fe7,113e683c4aeb6e1740e95381f58801fe
84235d25a0d02ea32aee4dc3cdfd165f,2980c6e4253deb7bbcbbbebd5fb6c35b,2e68a55be700b54ae9d92efb2c52378c
9c95cf49f85dd84d033ddce59731f8d6,fc9388ee551b20045fd32e3afc08d18e,26e4fdf85422aff13b255d88a77a35eb
ab25d355e7a8506daac1cf772267c968,2980c6e4253deb7bbcbbbebd5fb6c35b,2e68a55be700b54ae9d92efb2c52378c
bb223f8ee5a0a9292e4c7b63efa95e4d,8ec075b22904db972ca54ded09792387,2c823902f5607366ac44f7999987f983
4f98741e2321f979a4cb99198470209e,972e05f7aca2177ddc5e07c0afb3cbcb,520b3f55ccb0522f3e6060ef1835d6e1
7ce8ce5ca2e20abc29b9de03d595a2e3,dee343c76cf870e957590f70263e93b0,ba9080b7f2dbdd256d2d990522c593a7
3e540c54a41f95a0e36e21cdf5921443,e3c59416adf34a1b0daac11b737ebaa9,191cb7517f291f8ce4cd734b84cfec51
09fc718435e9e37fadd1f9a2b8f395b3,6dfe717b59538391aa3a323ece1591aa,2f8ec25d11e8868ce052dab0bc2343d8
01335f5851bcc8e3476dc90ce796070a,6dfe717b59538391aa3a323ece1591aa,2f8ec25d11e8868ce052dab0bc2343d8
7a7eb976fd1d8542d7f890eeb6c7a1c0,9f4dc38e79a4b350a7b8db84e26f80fb,18b46bac9c6404600cf555d4c282f64e
fdfd579f8555367c7b604f1f2e73b261,6c20b77f935c89800cebb38d73419fe7,113e683c4aeb6e1740e95381f58801fe
9ec54f823a72c31622123e8e92361143,40e191de4f80bcdc56c0b603c9b06427,6cd37657c625d27ec6db0a72764b530a
c30a4fdc1ec598f4be9fd8976a7d3beb,dee343c76cf870e957590f70263e93b0,ba9080b7f2dbdd256d2d990522c593a7
5aa29a4c62fcae367b5664a772cd4a4e,2980c6e4253deb7bbcbbbebd5fb6c35b,2e68a55be700b54ae9d92efb2c52378c
2f66f1ebf237e072fd9aa21c1b0b5dbe,09d639834ac86ae4b0ae4d539bbad6a2,187b5e73bbf46bae049b6b89348708fe
1661848c2cfbdd95d6a1687c056f2ef7,09d639834ac86ae4b0ae4d539bbad6a2,187b5e73bbf46bae049b6b89348708fe
baab53addb391bbc3d0be834ea1767d3,8ec075b22904db972ca54ded09792387,2c823902f5607366ac44f7999987f983
d0087d5196d518ef986504bf74a153c8,6dfe717b59538391aa3a323ece1591aa,2f8ec25d11e8868ce052dab0bc2343d8
8274efc6d71c367b0c66480186f8dfb8,09d639834ac86ae4b0ae4d539bbad6a2,187b5e73bbf46bae049b6b89348708fe
3398b9504d26249f4f149594b3ff4459,9883697e98f2a24de750f23f0b291864,e420805b4060f5fb06c0d0229a30819b
f234b5f97995bce4b6c209f4abcb7adb,2e4a055e7b9caf610fd2e4c7df8ccb46,80a89045356efd2f77124bd87dbd0e10
50d933dfc0154234eb671d2bec6c277a,2754c074ce7857bfb3cdcd83ddf08e05,a0b5478dfba810376edda3e5c8c6b0bd
cbecc03041159518e3d394675ed5bc17,972e05f7aca2177ddc5e07c0afb3cbcb,520b3f55ccb0522f3e6060ef1835d6e1
3375fd12abf6b800b135ee083ec6202a,b32f7cdb0019ecc65df08215153157b3,7e6383c5165f9fb4b8c052d62d859979
502366a9bbfb067f2e74e5603e6129e3,972e05f7aca2177ddc5e07c0afb3cbcb,520b3f55ccb0522f3e6060ef1835d6e1
d2d96439f32617b200f4ffe07848db56,dee343c76cf870e957590f70263e93b0,ba9080b7f2dbdd256d2d990522c593a7
a676c5a46cd9e018f69daf3d03bc6824,9883697e98f2a24de750f23f0b291864,e420805b4060f5fb06c0d0229a30819b
01287e4366aac7c4ee999c8fcab4ac7d,e3c59416adf34a1b0daac11b737ebaa9,191cb7517f291f8ce4cd734b84cfec51
1924744a7d178dd502ee2b8d6b688933,9f4dc38e79a4b350a7b8db84e26f80fb,18b46bac9c6404600cf555d4c282f64e
9e656e8d5d74764a3a460ada577931a9,fc9388ee551b20045fd32e3afc08d18e,26e4fdf85422aff13b255d88a77a35eb
23b2f83e017dadb983bbbe857608f055,dee343c76cf870e957590f70263e93b0,ba9080b7f2dbdd256d2d990522c593a7
35bd77fac9b5efff4b9a321d65b4e5fb,2e4a055e7b9caf610fd2e4c7df8ccb46,80a89045356efd2f77124bd87dbd0e10
2e2391d1c80864ff5e9a50a2c705911d,e3c59416adf34a1b0daac11b737ebaa9,191cb7517f291f8ce4cd734b84cfec51
1728100f5ae7b965c1c96686bd69b3f6,9f4dc38e79a4b350a7b8db84e26f80fb,18b46bac9c6404600cf555d4c282f64e
e4c0a08d7eda95e7f1e43f9dda87ba77,dee343c76cf870e957590f70263e93b0,ba9080b7f2dbdd256d2d990522c593a7
64b3bb08c077473f3a234bf4b613e3e1,2980c6e4253deb7bbcbbbebd5fb6c35b,2e68a55be700b54ae9d92efb2c52378c
e759ebe4dcb2b35e0c29b6d018d45941,6dfe717b59538391aa3a323ece1591aa,2f8ec25d11e8868ce052dab0bc2343d8
c86a1d2b23ce7073ebc0b2028a61d878,2980c6e4253deb7bbcbbbebd5fb6c35b,2e68a55be700b54ae9d92efb2c52378c
44532d453d047010d38472f98f8a5414,48af117c503e7db30ab93d3192ec78bb,e4cccce30bcb06af61d070570ca1dbc8
4a87e7ba5f0530c49e5a7c8086921ea0,9f4dc38e79a4b350a7b8db84e26f80fb,18b46bac9c6404600cf555d4c282f64e
6c70a2fd7aed0d5b72abc1167a41843b,b32f7cdb0019ecc65df08215153157b3,7e6383c5165f9fb4b8c052d62d859979
a0b5478dfba810376edda3e5c8c6b0bd,6dfe717b59538391aa3a323ece1591aa,2f8ec25d11e8868ce052dab0bc2343d8
c3cb78835a237696d830c8bb5fee9fa7,b32f7cdb0019ecc65df08215153157b3,7e6383c5165f9fb4b8c052d62d859979
e3f84bcc81b435ab5c62feafec0aa8f6,40e191de4f80bcdc56c0b603c9b06427,6cd37657c625d27ec6db0a72764b530a
d6e87d73fc56871dedc568749dfd55aa,2754c074ce7857bfb3cdcd83ddf08e05,a0b5478dfba810376edda3e5c8c6b0bd
5aaa5ed4e419be9484ecb79e6ab296c1,9f4dc38e79a4b350a7b8db84e26f80fb,18b46bac9c6404600cf555d4c282f64e
c68bdaeab87ca01e01aeb41b41c34cfd,2754c074ce7857bfb3cdcd83ddf08e05,a0b5478dfba810376edda3e5c8c6b0bd
a5d70f2c8a3a507e182ef336a1e0ed27,972e05f7aca2177ddc5e07c0afb3cbcb,520b3f55ccb0522f3e6060ef1835d6e1
6f4a35ba4645683887fd2754f56908e7,6dfe717b59538391aa3a323ece1591aa,2f8ec25d11e8868ce052dab0bc2343d8
76c2d21f203b02bb6f56c23b50967dcf,9f4dc38e79a4b350a7b8db84e26f80fb,18b46bac9c6404600cf555d4c282f64e
708b1fc2cdfb4489dab87e85735345e7,972e05f7aca2177ddc5e07c0afb3cbcb,520b3f55ccb0522f3e6060ef1835d6e1
85bedd03175a3a09a9b005cdc70ef142,6dfe717b59538391aa3a323ece1591aa,2f8ec25d11e8868ce052dab0bc2343d8
59bcd093d9fcdcbbf8a0bb7f9efa0267,40e191de4f80bcdc56c0b603c9b06427,6cd37657c625d27ec6db0a72764b530a
08957600925d79f0d7dc35cc5e5e6425,fc9388ee551b20045fd32e3afc08d18e,26e4fdf85422aff13b255d88a77a35eb
20546b68fb993d257396cc066f6baa1c,972e05f7aca2177ddc5e07c0afb3cbcb,520b3f55ccb0522f3e6060ef1835d6e1
3224c05f8c087ec8e24e9638d2528c83,2754c074ce7857bfb3cdcd83ddf08e05,a0b5478dfba810376edda3e5c8c6b0bd
d368460452f964e7883b4b8d58e0f987,2754c074ce7857bfb3cdcd83ddf08e05,a0b5478dfba810376edda3e5c8c6b0bd
7cddb6683bffc8bc7c03bdd5dacc1e9c,09d639834ac86ae4b0ae4d539bbad6a2,187b5e73bbf46bae049b6b89348708fe
0abecd9e7b08a77d124f5493ef04a32f,40e191de4f80bcdc56c0b603c9b06427,6cd37657c625d27ec6db0a72764b530a
dcde36700d7abcbc7faba10077d67eb6,09d639834ac86ae4b0ae4d539bbad6a2,187b5e73bbf46bae049b6b89348708fe
11b74e384c559ba3effeb7c05863c25c,6dfe717b59538391aa3a323ece1591aa,2f8ec25d11e8868ce052dab0bc2343d8
33c314d661964eab2aff1b720b1e85d1,2754c074ce7857bfb3cdcd83ddf08e05,a0b5478dfba810376edda3e5c8c6b0bd
22f62e761be0dd174299321e9cf99eaf,09d639834ac86ae4b0ae4d539bbad6a2,187b5e73bbf46bae049b6b89348708fe
b6770bcc9c3d10757ba9d71c5ad264df,972e05f7aca2177ddc5e07c0afb3cbcb,520b3f55ccb0522f3e6060ef1835d6e1
ab19cb2a706cc50f46e4379bee586410,6c20b77f935c89800cebb38d73419fe7,113e683c4aeb6e1740e95381f58801fe
191cb7517f291f8ce4cd734b84cfec51,6dfe717b59538391aa3a323ece1591aa,2f8ec25d11e8868ce052dab0bc2343d8
fbd985ba18a7f91202aa45c2d591c295,2e4a055e7b9caf610fd2e4c7df8ccb46,80a89045356efd2f77124bd87dbd0e10
de8becc849e21f4d24b54079ec58eb6a,8ec075b22904db972ca54ded09792387,2c823902f5607366ac44f7999987f983
de9fee5de6c064bd982dcc0982e4c193,2e4a055e7b9caf610fd2e4c7df8ccb46,80a89045356efd2f77124bd87dbd0e10
fae9bddae532b3c75ff6fd9df3b424bb,2e4a055e7b9caf610fd2e4c7df8ccb46,80a89045356efd2f77124bd87dbd0e10
611b75cb968c95f3d6cea476a428d52f,48af117c503e7db30ab93d3192ec78bb,e4cccce30bcb06af61d070570ca1dbc8
