1a69ec488c134d9dc61ead9be273fd0a,bf01e29e512d88f283a7bd5c75537f6a,7d15db8d7c6176e685e23f834c83a44e
14dc995583458fd594e57d96256c8606,7bf45c701bb29d91676c56429b41675f,ad5be9472c584bfe584da76f62487dd6
8d8c8fa497e4891f3ceedb5d4838daab,bb6d7a4f09c57d945f6280c8d7c05834,1ae0f57f817207d32f5fb1fd22527ddb
08cf23a867907e0676c840663ceef0f4,c5efd5c0cef94c37b58d0fc39715e612,661c418a4681d01ff2dacb86dd76f10a
8b371c89b8b5dffe4e10c7077941929f,4feef3c0656db7155afc87739174bcfd,67604bb816d3c9c6ac46ebf014a022f7
c08800606b9da934d04ac8125e9adf77,a19d8851e494969af79491385eb24188,c210f103a4c93fb6558d85db50f9f37e
4e9a8c8261a8de1136097165a9b29086,56faab3a6ffcfde008e90ba0b110b098,abaf98d37a92391a0ddc6555313026fa
0651d1c8b30c9df4052b9cd7767b1264,d8eff8000177c14c30fec90840cd24bc,87acd0bfecded8a2bdea14655c24f3c6
53358122b99b3d77e1576d9afbb30bdb,dca8870238f7f46ff5786476d5f37c42,a5655ab263955bf1f63a50986c9e9497
07175af08a730355cc1da6fe89724f1c,0f005c659d50743ecf8d75384fc607c9,9d027da21cfba047564f612a364995a6
5e6e7be9976ff74aaa6c16f55a44885a,2efb631210b05257eac38462307e98d9,48462554a139660fb4ea845782482e47
0b55ec1c077483094e9ec04c11147163,fa804db3a22baf2322ace15cf05e4844,c42ccbdf760e053dbff2ffe4050c8ff3
85e3f8404046b88ab4b20d515e29860a,7e485d8444b55a2276f16bf829b6cf52,ceb5306db7a3e9f64d13da807d6ecad5
0cbef8db4d0ba6c1f2d7f607241071de,40d51e8c7e00d48feab67ee2cd1eadc3,cdadfe81711fac196fe4f060ba33260d
e56d91ce3c3d9d8e1546775b4537d4e5,de65d609d2fdc522a290468d4e048180,9596bee94246bcf2de7192a526f8502a
70e030158712479fd802d32fa2bc575a,e9f928cd473b8c1812c5e14a6f32d350,87acd0bfecded8a2bdea14655c24f3c6
e40e5707179ac8e7ce9867e0bffa1263,bed26695b30d978b86e5304788bdc62c,b7b4f9b6a23211810f598ec696c87b2f
fdb642c9b84b8fdeb1ce23ffb731a212,c696719f53f3bbbcb33a3444d0b70271,8e6f07c9bc6e95b0770da03d4e185cdd
fbb0893ba5e565aa7c55166b13db6f5b,7110c331829e3a4d12c820e1364957bf,76e7ef9601c465fe3c9171b9514a6ede
ab803bd29edf8f469bc53ba3ab1f7011,14431c1e0df698ed8793438c3fbea95f,4a37225e28434c30568021330e089c07
a6085f7ebbb990ce5e54b7e2583c2f58,a74178c504fec5fef28bf2d1a3af8092,c42ccbdf760e053dbff2ffe4050c8ff3
8145477c0e8012657398c4e08c4781a0,5154f472c021ce31ddcc6bbf10ffd705,f66f8de2e88e0d611f1660814fea551d
f8b022e334b8ac7dfc953632c56c343e,1a88b154d717a450d0791eec783f7415,60308a53e0b99e828a468ff0deb10cb5
72bf3b9e55637d3894717a83e1f32c28,b187ee8686c805ca65b6eece4c44f9ee,020c4da6555f943b1d086f78e7413c89
bdbcf044afefe76709cd127db45fa697,77152d4f7d13e85ef899761438b71f3b,adde487e887f45a6d654e583e943ceae
866faec9bf64337e52c3671549bbe931,90900c7ba3f251c3c219320eac79cec7,2d4f5d9f680fdc4f61c63382241b3804
e7c4dfdf6549faefd7b6826acb0c5bab,23c538dae3f1775457677d4aa3b4005b,cab246c7c6a87ad5eb5a99c37851450d
72bf3b9e55637d3894717a83e1f32c28,735d49f612c5985a86fefbc25c40e1ca,67604bb816d3c9c6ac46ebf014a022f7
cf1266f4c709b4b372a79b3c9c292ed9,0b6ba92678ddf2a9b1a31e3f0856cc9f,051ce277199a694b6de780795118be85
bf16df2e5deeaeda5863e45e0a9896e0,a313c5cf263da8360eca61249541a714,96f472677ec69587ec2ddc51854eb32e
e335edda1d2bc0771c6d5ed322da6012,dea39c6c320a72006a03496ccf8bb335,d16c00c2d10396898c2340dadff00e67
8e6838e249b06a7cb787a9c72a5b593a,ff7f9f6a602c26299b58e44166da22d2,33d622a49adf33b8539af241cc345b6d
a65ec1491cb10aeb68e777d1aa5dc35a,ea6a72738d81a9eeac44d1947e5fbe22,fa05af24b90b1a5da1159dc55f3a2ce9
a1faff71cee1ce60cedaa70798708922,77586ad1b370a9107ea6a7a25aa7d7d7,7842c6885da6c348c381e6d6214d73de
61dd439d5f706f35cc772d4a0bc1606e,fa41b433ce291e3e9f180ab834520365,28c9c1e8733410d104e8e7e58531215a
be9a3644bf76044a7f4ebf7b8b5e6fd6,81dc05f168bfa24b1f9c3e2fc690963b,6b4d0264a9be05f4ad5d04e5c19c0092
fa6dc765db6c334bd20aca119b788143,505767a6b8e84379180c59efc417f3d7,99e9901cd2c97c611e8aa21bb4edcdab
0ab83997863b8a2cb097536f5a0de17a,27c198ee928ec5330f7cc1595465c6b3,53074f7df5cb91e48744b5862ee76749
76abc3e213a2dbb57a856cad5dbe4f36,8c496fcd4efc2eb2327e69c8b83a2ea0,5681c909a7e599afcc16bbcaebd9e445
f61d5fdc48999f11c09e4f0cfe06019e,252dfd5fd81fa7a5eda0702dfeaa5e75,2eb9b26408d904ef0f1f86cd76789a0a
bdbcf044afefe76709cd127db45fa697,0f0a1e6a641dfd529b6d069c4390cb75,a0b07044b2ef7fb0b2ee8bd7e12f9914
bf214cc68e7450041de11667b04c89bd,0b6e0b5c9ca0c40528355fbf09b05bd1,56d7d0a19e925b3bfe24e85761671b83
e56d91ce3c3d9d8e1546775b4537d4e5,bcc4108660a22087df7c2f23982268df,47250eb4f41b761b6c13d73c4bc516e4
678e53746ca288c36ee3161ac6c45c9a,fee28290db1dc4024c82374fa26266b9,607f5cfe3de6c9cbbef3706e49e9bb82
0bf2ec404022ed6cf1af30e75c8c66a8,7275aab4f765cdcbf49918ac9d74ee75,ad5a9c93f588cc11b1d1bac080cc8f99
65da2a58a98583645c551e59690dc7c2,52b60e768facfd7f0e344a1073e16e94,7668a6327a86659e1e129e90dd3ddea1
4900c8f9ca408350abb04b58d0b4c37e,2a4b614baf4f44f55167bfb1284c8ad4,ab971b237b0c4befc2d25bd501d3d656
23c2a782e7909c98b575d42189af3a49,da8e5b441d9d4a8909fe1f32e90473c1,cd3567c5ebfb74cabd7768c1daadd84c
0d0f3dde112bf2677bb3d07217aea531,f59342d4075d701777a32e9415295539,fc81c15ee7a34af83db05c15ae7246e4
0d36da924fa1f6f23f8430187c070213,f6e42c56c451aaf803c447f2798901e1,4dc6c0e92ece78dab288aacf413396fc
6d8e0870a9b8f440331996356f0fa883,afec876b08a1dc42794105362d632f0e,512e339c55ab082733feb83628e6f1f4
8d57cb3bdc621c3147b640b3eaffdba6,8631cf5c0122c3ed462e0523800c37b6,b7b4f9b6a23211810f598ec696c87b2f
5c0600d0c62f14e069e686a5bf9a1227,b44625c0d5f1e2023683873822fbba02,120be7f60f438ff74bd1475d2fe919da
5e6e7be9976ff74aaa6c16f55a44885a,9312a0ba6f7214b1403f9ba9e981f6ef,9ea641764f5f5cf0c03115df8d7994a3
f7e82aaf41d83c3bdc4940750106f5a9,414997102292a143d9fa1e83a06be5b3,245ffdeb0b27e1e57d77c4461799235f
6deb8cc2e30fa3054e439e28c9d9615f,2103d5c31c07be69ab2e2894d2e0ba35,db0e6c79d1b7392b6d44613d633d0eec
e3b35ee579f4a4bf6ac6f8c6095baee6,72b12e887578c2f95db946e4661f5866,6b4d0264a9be05f4ad5d04e5c19c0092
68a842b8f25005b26d899bfd40d32190,b4b4f89c81c3412381672a582919478e,d16c00c2d10396898c2340dadff00e67
0bf2ec404022ed6cf1af30e75c8c66a8,e152b2e6cc6ffe29aa0391e0eca38b3b,5f058d9bc46f188665add91d5277a60a
fbb0893ba5e565aa7c55166b13db6f5b,04f491b07c559e69ab78d26b77381402,18eda564b055f7c0cbde55e8509ac7ff
31780f9198da69464d463b109c234342,ee17eb81b6b0605021ba9ceaeec333ff,120a6d54402acdc1fb2ee7901b128c94
208e32a6f5391fa477778f762b98c657,b597485d99faeabb0cc8a894af9a31ee,ff82ebc55fed950d8eefe4aa62d3058c
4c9c20620d24c8049ea2c0d6443bcf2d,cd70d5557347222a10b28f058b50f1ef,4cce2a1997fe590fa44c927b1dd42789
88b15cccf1a9eccbbf37de8fa3abbcc9,c211ec0d338ac8ba29b9632182dc182f,c210f103a4c93fb6558d85db50f9f37e
ec6056ad9a06c90fec7f405fb6422744,c77167c60f37811515803f37d7e127a4,17e39498eade4c8b397daf49754c9cb3
14dc995583458fd594e57d96256c8606,65f212500feeb31ebf9bac24acfd01b1,25d1052e3d480dba523bafb939b13dfc
7a3c5fc5b855e8936585fa8ac183e8e0,54aee472348fc0b924d1439b8bdb2499,70fa9ea84a98338864f8695c6d2460cf
fa96561d0bf8ac0e74f7a3f9c2541ef9,de4c83bab8a513b6cd10895537d8b1a2,3e2097ec21fb98859a8117a8324ae2eb
e3b35ee579f4a4bf6ac6f8c6095baee6,1f5b03dcba70580fc87fa763f248fa44,6b4d0264a9be05f4ad5d04e5c19c0092
08e0c10f36ae96d38624387db1426925,771bb5f1f5e39a37e812b8d6f8824c86,4d63791f7e30012d382c5efe39080ac2
750f20cc0a54084b312f9bbac00bd856,d2002ea8647bcec63917667a6f21a480,3505f7674f8ecfab08ad29096847fcdc
db51e8c7808fc8e0d504c9e93e1bfae4,65c2c66d1507fd53dd24e2a6bc41ce27,8c86365a2100ef432f85a443d7dcf48d
b9c54edb3a16bcceaf4e09f642a53e01,294486d95e6831e55f1ef0064389accd,cd3567c5ebfb74cabd7768c1daadd84c
3d28c8e16f967b829da7ac5bbbcbd216,c4de5b749b790bbe4cae89770f38eee8,ff82ebc55fed950d8eefe4aa62d3058c
abb9b5264b2d9d95c7e2ff90812c6194,f8c30f634739591ffe37534f963b2ab1,c6e3d8ff4e685c31990252242f4fda40
c0860a0a83f455db56bba9b91bea6eb5,be258561a838be9926e9940ba829fac5,2284c6f89bacc6ff1b85b0ed8fcbb1fd
f4dd03e408ce302a49b3f7aafe4a9d61,65d0d1cd809556feabe7feebd9148930,885849f1faca021ddef2df621bb2fb54
e5ad7581e60f0484056f03c99e8501fd,60f53d8f94005584f7cc87759a692ef5,ab8e91b13524a3d98701d2430d834834
032424b6b58354dade8d969b30c2bf2c,857de1acc8e8023c7312ac1f0055df2d,47250eb4f41b761b6c13d73c4bc516e4
c9183308913141915b3a47eea969d3d5,83493801dd0f8fc67f9f72f5f1762a84,ec199ab566472c0afda6ef77c8bbf61c
a09d61001e7f0647db8c0e60a792f517,97269d4d23f9c7036f21bdfc72853836,e8aa26fa2f125ea8b1e01e36100381f6
b81355d76b6dcd33ad829bbebc27f546,5f7eaf57fed74f8b5480a26177a37172,e8aa26fa2f125ea8b1e01e36100381f6
edb26ebdf14d4f524f6df10b7a14b9ff,5ec5b3dc1c270e7272c766c9e71e3969,9b68bd76ff8f06cd852d4535811f3eb5
4e9a8c8261a8de1136097165a9b29086,54549b64b7c336bdd1e339cff4bd44c1,ad5be9472c584bfe584da76f62487dd6
9faecb7e6bca1854cc4f59a56c81d039,2e49dfe667fbc36391f512301fb67cfe,def2bec573241507f89c37bde33a0318
a858020c5f77f4105cc2f56dc0fc9914,699762538d11edb282b6063e3ae00d6b,1dcdef16a035523fd2daac237ef3644c
b9c54edb3a16bcceaf4e09f642a53e01,1200380321abb10f44bbb6da7196fdbf,18977b2919e05144bf42396ae7690b05
805a40533923d05cdbf1e865d91ab480,c51fdbcb6e8ecdcd530d4bda14b01114,70cd4e2cdc0c16533dd0930e842d0f0a
3d28c8e16f967b829da7ac5bbbcbd216,70f0aeadf475714a6648d5bcc04320b4,bc40ada7ea92488bed87b5f3fc13797c
3d28c8e16f967b829da7ac5bbbcbd216,d6e9ecb33529684875b2d02a813612f8,abaf98d37a92391a0ddc6555313026fa
bc175e4f48c4ba11090a6ae078402179,c705d217752dd50bf1d1ffdbf66971ed,77bfa94cfa0f0f44ff76089eb7f55587
f7e82aaf41d83c3bdc4940750106f5a9,7d0fcfec2bdae8ac6b5b92415d8053f8,2d4f5d9f680fdc4f61c63382241b3804
4c92f04d7470edbb035885b42a582019,452b84f905849e4e6b09c4bb58d9c2b0,9596bee94246bcf2de7192a526f8502a
0bf2ec404022ed6cf1af30e75c8c66a8,ae45ae406ae9b350adfd4ef974922dfd,ff82ebc55fed950d8eefe4aa62d3058c
456bde4cb50284ef83b7a732cd5bd5dc,b47ecfff1a1ab300e57d8dcb470633a5,120a6d54402acdc1fb2ee7901b128c94
4e960eb3df5b1a4cdcbb9b61d5cc4a01,1dcfffe6499b05366cf523d5fe4780b6,25d1052e3d480dba523bafb939b13dfc
08e0c10f36ae96d38624387db1426925,a63e578a2036eb2f3286fd26702eaa91,1037427439d7329ec769ef7df08b9346
31780f9198da69464d463b109c234342,d23a0ae07b5abf14259d92811aad8465,3f2cee791eaa765286844eaaa976ec7a
c9183308913141915b3a47eea969d3d5,3c04f322775119fd3919eb85c7c67509,b7b4f9b6a23211810f598ec696c87b2f
6b9c1fe58c137d55bf0ad1cd0ed7e17c,beca453cc6d007058c417616bcee7449,4c58c603f94b9cac85c5285327ce1565
53e21f6d2fa912dc459bfe1cb8fa29e1,19d5fa2496c23e37edba69102f29868c,53df445715e14b3aad72fbf1f6bffa51
b52c4767533b961ea41c0d1fb5056c61,0aef64cd97ad6b39acb1009adc27e0f1,fc81c15ee7a34af83db05c15ae7246e4
53e21f6d2fa912dc459bfe1cb8fa29e1,a885a289c04769ff03ddeafe20148688,47250eb4f41b761b6c13d73c4bc516e4
08cf23a867907e0676c840663ceef0f4,e6412e716b2421cfbc35142de994bc22,ec199ab566472c0afda6ef77c8bbf61c
0d36da924fa1f6f23f8430187c070213,aeeb8a421734711e88a334df58f4caac,defd4f06937cc6f03de637637094b82e
b9c54edb3a16bcceaf4e09f642a53e01,2fb5b0c03f2ba40df6cb83c3b0f459ba,dbfb883c6e989a8ab751c527ea6713dd
c42a02bab410c9931f17f5e8861257aa,5d56e6b3c87b37f5b39cf13cd145d25a,32cf1b6a7b8c2402d5c7892e8d0eb0ea
34873516da9d34d680639b8ad6288a80,7f9951cf513a5f1f1c9b9b2cc04ac10e,7144df74a8ccd8772ee897b7a1a350aa
b58c0003f6c8eff8e2cba18e01874eca,96d53e0dde3fcfc6e3136299e9c9246f,2495da8835197f4cb034b4f4cad11634
99bf5e63960d4280e3b27ea448da00be,b1f593011b2d8ea84ce85aff6e43c7e5,cd3567c5ebfb74cabd7768c1daadd84c
59146b44dcc5f0fcfb81e8b9f912f5c8,a7f76937997cf83817c53e07441a65d8,c8be506f80c90e50024326182b1995bc
67e5fffd4df7e672f7a3834e795a116b,ea4670731529e19b132844eb138337b5,74f25489abc7385ed3d7f4a557fe5742
4ba4691aaf6389398d41369c477292c3,b6caeb1477eb87305309c3e03d9357e1,28dc1c463e588c9077d87eba1ce485e4
14e558c297ff6a03d82eb5ec917b7c0e,7b2d0d2a50c779e6b71077f1f8c4b15a,dfee578ca1a24544b8e8d3eacf0214e5
dcc6bd130b70bdd3e1765e2773f7ab2d,4512e5b9a202d5fafb82a6c1b6fb5e9b,f2d8ebb39e03b66396ed0a8c84011953
c42a02bab410c9931f17f5e8861257aa,cfa7c4cf294db0c3274c44724de617c8,3f2cee791eaa765286844eaaa976ec7a
d8c17564f7927e6b161e51e81a5afb33,e8140faa7946610f54936f2f06fb439b,ff11fc635fdeaf0800e2d05fe2c25bfa
6deb8cc2e30fa3054e439e28c9d9615f,d75b63e9334fba5cf17befac75230f2e,c5cd8b79643b4c7a1d562186af3ebfef
ffbf6c0412d024f1db7e794704916fb1,385e2bb0d3705ba50aafda47faad4ba8,a5c4ea1c985c78eb50213da213da7e9c
e0af5b8c64b621e0e033017f246681e1,52aa8304d0eb5755c468e51478b78d68,70cd4e2cdc0c16533dd0930e842d0f0a
8e6838e249b06a7cb787a9c72a5b593a,695b6e14c66910e9b0b2e7b781d69e7e,58fc19d995b0437eadf16fda804a4f3d
34873516da9d34d680639b8ad6288a80,2f977406dd2079eb67eb6d97c8ceb6ab,4a37225e28434c30568021330e089c07
08e0c10f36ae96d38624387db1426925,b8872253069abefd40118985b2df6bf4,74f25489abc7385ed3d7f4a557fe5742
06ab0612ed81aae64206d0803c5b12f7,11f90765efc03dee98f2887c7646fa8c,def2bec573241507f89c37bde33a0318
b58c0003f6c8eff8e2cba18e01874eca,9b06e290cef806d541063d72e888fe1c,9aa51ea7cfc857c4f4a94108cf8bc08b
0ab83997863b8a2cb097536f5a0de17a,5a9d0872e6c7f63c8171328c1c05f6fd,3aee4c514d4b283fb513fc497f75ecbb
c648633bbe4f9bf4d557a50b49fd4afa,3bee551a4c05b3072ab68bd9e4ec128d,7e4f9aaddd3e3067fe4dbc10476f0aef
06ab0612ed81aae64206d0803c5b12f7,bf4a8f08c82f7ac6c294a69844f53c36,25d1052e3d480dba523bafb939b13dfc
715cc529c432d406abd30d135b94fa1d,256d0b35f424fc4e6e1364f7c2ab7c8d,3aee4c514d4b283fb513fc497f75ecbb
49637a820914372577381c1210631899,752eba3f6fe74ad599b1c9b1073207cc,87acd0bfecded8a2bdea14655c24f3c6
4e9a8c8261a8de1136097165a9b29086,5b67802568f2295acbf369d66652e2db,59bfb8fa4fc46e088400252646d5459f
5e6e7be9976ff74aaa6c16f55a44885a,4960f59e98b15759c7b94812902a5536,2284c6f89bacc6ff1b85b0ed8fcbb1fd
7d87bc2083736a82b09ec62158b925c2,8bce384ae9bca5d6b4d773b5ddf52c2d,53074f7df5cb91e48744b5862ee76749
94dc0487ea506dfdcdcec6ab5ca2ba5a,671631055c85925baf8bd4b357d6c258,db0e6c79d1b7392b6d44613d633d0eec
08f1ab1acf44230c919d5d8b8a0bdfe9,de6dcb4ef4f09b5046e262014c1822e6,ab8e91b13524a3d98701d2430d834834
d3f677e13352ca86d95867769a689d1f,82131021f373ad38b0fa2eb09be8afab,6556d8c77250df27605218e5d52ac9cc
678e53746ca288c36ee3161ac6c45c9a,6a9d494082cdea495c5f10af571e14a3,929b160fd13fd22bf72109e7da596e15
0bf2ec404022ed6cf1af30e75c8c66a8,4dfd0603d6a21d6506a89fee3e46a6f3,8590d69d93d6f40c2ad46e585e4bffa3
d3f677e13352ca86d95867769a689d1f,543f7361b9310b3e55a10c9c4569158c,0682b7b2b54b280f5419d8a34f6ede7f
3ec57a4c4e191494e3e42755789cb64f,6241fc407a780738d31eeeed32f1d718,2495da8835197f4cb034b4f4cad11634
8b371c89b8b5dffe4e10c7077941929f,3ede5f89d96d075181c438970f16ebd0,94d400172fbd790721c55897e5523804
e10ffd8876eddb2e345b661cdc896651,2aaedca3ef60a4aa4ac71bdc27926e36,3df29b10eda561c2d9b2fcc647aa0929
1bf91cfd640c782cc92e8bf2bbb163a6,eaaea64ba255bef0d431e8af6b29bb16,c70a10e61e899b3a27ca9d5727cf9916
e40e5707179ac8e7ce9867e0bffa1263,55ea7b50e715f9018e971890a3e70e3a,fc81c15ee7a34af83db05c15ae7246e4
4bf33ae54ec4932910d8802601b28039,071b4ab4360173fec381d142bdf840ab,28dc1c463e588c9077d87eba1ce485e4
f4dd03e408ce302a49b3f7aafe4a9d61,90a177556f848c57284edb0249cf54df,bc40ada7ea92488bed87b5f3fc13797c
c42a02bab410c9931f17f5e8861257aa,bf729e12a1c6d066d255d764b85e6d6f,adde487e887f45a6d654e583e943ceae
dbacb2b897499651c87228de9638adbf,7f11905823169f31dbd3ac100209c7c9,ad5a9c93f588cc11b1d1bac080cc8f99
e7c4dfdf6549faefd7b6826acb0c5bab,b35e6211e22d60e17b72125bba2258e2,53074f7df5cb91e48744b5862ee76749
88b15cccf1a9eccbbf37de8fa3abbcc9,e18c4f0a8ec64915defd91643837ca5a,ab971b237b0c4befc2d25bd501d3d656
3a86c94aba0674228528bf6fe6f93a07,45bcf7d4d058c7e990bc2d0d669ea643,020c4da6555f943b1d086f78e7413c89
c08800606b9da934d04ac8125e9adf77,3fef0e953486739883a1fd44288106f8,25d1052e3d480dba523bafb939b13dfc
0d0f3dde112bf2677bb3d07217aea531,45957943abdbc8e75ab0e79bd299cdbb,1af7a79fb3aeee686811d230f14c0f25
8d57cb3bdc621c3147b640b3eaffdba6,643c74a016fe634c7b5a06e62e4cdff8,bc40ada7ea92488bed87b5f3fc13797c
70e030158712479fd802d32fa2bc575a,c429495a86b26de36df0b2e93aa90eff,25d1052e3d480dba523bafb939b13dfc
49637a820914372577381c1210631899,05d5914561e9f02968d3a7c3a35ea8f1,4dc6c0e92ece78dab288aacf413396fc
cb780aa2bd626c8868f0c97c06bc3b9d,e85dd960cb6989a2cd8f165ae29d37f9,adde487e887f45a6d654e583e943ceae
0651d1c8b30c9df4052b9cd7767b1264,008433b937f2512f53958531950df158,ab8e91b13524a3d98701d2430d834834
efab50ddabf08923eb6f4632e4952659,d6ffa15667b915fc90b902e91c2204f7,929b160fd13fd22bf72109e7da596e15
10af51b49db37916cb6384891fb525f3,a3449e03f3650b2f45a979dcbfef4d4b,9bc41d892e1927dddafeec4b31769be7
06ab0612ed81aae64206d0803c5b12f7,6673627d80e7ca68ab675b89f255c2d8,3e2097ec21fb98859a8117a8324ae2eb
efab50ddabf08923eb6f4632e4952659,f7df1fc878a18f9b406ce4d8110038b5,99e9901cd2c97c611e8aa21bb4edcdab
4bf33ae54ec4932910d8802601b28039,e1189046aeb9ae4af0e4a924ca5e9693,9596bee94246bcf2de7192a526f8502a
b149053a7b65c178bd9900ac925905da,8a83f9bad296097c4709a09232f9aaef,8590d69d93d6f40c2ad46e585e4bffa3
59146b44dcc5f0fcfb81e8b9f912f5c8,26d4ed8a73c9574d4427aec797dc1f42,d18dabb5f315ad6f02e090656297413a
5a117712164eb22eca9313479e5dd591,6a34e4219b4407d3bf42c80bb63ed26f,c6e3d8ff4e685c31990252242f4fda40
e5ad7581e60f0484056f03c99e8501fd,22fdecc1705268fc2c4d30efd5fd94ff,b89168b32dffa788a746e2b8fa16eaf3
51212ed02b63cff6a1ad0a8e5aa8bfca,9a88d70a0e8fd7151f1dbf52a25d9689,db787c96683469f296c2aadaae2ea7c0
ca72be2b00ea403c73985649a6f63ed8,92f43c12bbee97071926f0f0481802a3,88c2ac553f15dec97140ac2f7f284599
805a40533923d05cdbf1e865d91ab480,a2aa7b4010e299d402e4287dbccff0f7,ad5be9472c584bfe584da76f62487dd6
08e0c10f36ae96d38624387db1426925,1d2e6434bfd3bc0893a0d06cd2bd850c,48462554a139660fb4ea845782482e47
8e6838e249b06a7cb787a9c72a5b593a,26895d28e0b02bd975c6456c8cb575a7,4a37225e28434c30568021330e089c07
98a02b64aafb859c462204128451f477,b84fdd915dc99efb688f822be50f0cda,c5cd8b79643b4c7a1d562186af3ebfef
86244a7fb5bcb34752c58def5ea14b6e,27cfa4a9347cb2c5f26b9a40ddfe3f81,1037427439d7329ec769ef7df08b9346
822ca0bd913fa6837b30433c98d72adf,eca33e3ef01265f6b4dcda8477b966e2,983718c9ea40b6568d6f4266f9728169
53e21f6d2fa912dc459bfe1cb8fa29e1,e49f79aa44f2d47bcf5bd3ae8ccbc0ea,dc09b52dec292e813a5bd1e0fafea5ca
9faecb7e6bca1854cc4f59a56c81d039,065c8225e6f3850b8f1b4865df755ad1,8e6f07c9bc6e95b0770da03d4e185cdd
e7c4dfdf6549faefd7b6826acb0c5bab,ba70b7351b0ce396bc58bbf7df935463,2ecf4678796903d1698ed23fef3f9f34
94dc0487ea506dfdcdcec6ab5ca2ba5a,85bdbd506f20b6102c757991dbfc5db2,9596bee94246bcf2de7192a526f8502a
b6d54c2dbcb2ac1c7cbc0e3d778ec041,0d16fd2b52ee78825dd3f71f69b1f958,f66f8de2e88e0d611f1660814fea551d
8f4aadf64add735c9b326bef18d63379,9aeec2e24955c46055e69244dab6429a,a89f3c3ce9702b3641196e805bbfb470
f170dd3c6746c562d9a921767247a1d5,e6d4482664022e44fddc811d93d9b8d4,3ec7f07be38c9478be652231f2f1fb27
0ab83997863b8a2cb097536f5a0de17a,fa0d226aa318234184b30d0c1a8798fa,b4a8ae10299d4c1444942d763f287e62
ec6056ad9a06c90fec7f405fb6422744,417128f1be22192ac47de057011d49f7,7144df74a8ccd8772ee897b7a1a350aa
805a40533923d05cdbf1e865d91ab480,b71d9256f93c1067c48980a61d3de152,885849f1faca021ddef2df621bb2fb54
3ec0c3a30332b906f6860c6311b18164,e5ab27de80093f61db1355b071a8ea05,96f472677ec69587ec2ddc51854eb32e
c9183308913141915b3a47eea969d3d5,a945098de4e3ba07a60aef9313f85c70,3aee4c514d4b283fb513fc497f75ecbb
94dc0487ea506dfdcdcec6ab5ca2ba5a,43e587128fd3094be7bd2ff61a316c7d,9bc41d892e1927dddafeec4b31769be7
7a40e3ea81929252c0946b310549eb68,5c2d685aeaa92b376c5021355b3a62ac,ba2bc482423e2a39e25e81d5586ab3de
138c14bd5970261e4485e33288d85821,9ac347c3a1eef7e456eb2026ae11a384,3ec7f07be38c9478be652231f2f1fb27
f7e82aaf41d83c3bdc4940750106f5a9,0dcd4eeaef82525979a6f2660022412c,4a37225e28434c30568021330e089c07
b149053a7b65c178bd9900ac925905da,61141bac00940db9dbc0da0be6b39b1b,c5cd8b79643b4c7a1d562186af3ebfef
7d87bc2083736a82b09ec62158b925c2,11212ef42732bc43739cb4cdc57a01a3,48462554a139660fb4ea845782482e47
5c250b0cb10d7ca07f649289b665e93b,77645ad407267559c9646b8d2432996b,ab971b237b0c4befc2d25bd501d3d656
805a40533923d05cdbf1e865d91ab480,60b0c43f7acbb9a34350e3aca180a79a,ca2cb0373395ac11cc276cbff5196720
a65ec1491cb10aeb68e777d1aa5dc35a,6549e87eaa0778c9e40f3fd85188ab86,ad5a9c93f588cc11b1d1bac080cc8f99
6deb8cc2e30fa3054e439e28c9d9615f,7936c28af644536bff9bd2c36391a507,6e57304482d36c0e561acf58bebf29e4
fdb642c9b84b8fdeb1ce23ffb731a212,6f91fe230c9b1e7a14082312a0fd2aea,18977b2919e05144bf42396ae7690b05
822ca0bd913fa6837b30433c98d72adf,df90f7b21316b0f5961a9130f2600184,7842c6885da6c348c381e6d6214d73de
db6aacc4cdd60bf0c35b8deb902f6c82,1acfc1e3ad6755c5ac99d7fca4327490,b6615f003eb02a4677f2581afbef312c
08f1ab1acf44230c919d5d8b8a0bdfe9,00e9909ef77039a24df0ed2fb080c40d,ceb5306db7a3e9f64d13da807d6ecad5
