inventory_id,store_id,film_id
1,1,1
2,1,1
3,1,1
4,1,1
16,1,4
17,1,4
18,1,4
19,1,4
26,1,6
27,1,6
28,1,6
32,1,7
33,1,7
41,1,9
42,1,9
43,1,9
46,1,10
47,1,10
48,1,10
49,1,10
53,1,11
54,1,11
55,1,11
56,1,11
60,1,12
61,1,12
62,1,12
71,1,15
72,1,15
77,1,16
78,1,16
81,1,17
82,1,17
83,1,17
87,1,18
88,1,18
89,1,18
93,1,19
94,1,19
95,1,19
96,1,19
99,1,20
100,1,20
101,1,20
102,1,21
103,1,21
108,1,22
109,1,22
110,1,22
111,1,22
115,1,23
116,1,23
117,1,23
120,1,24
121,1,24
122,1,24
123,1,24
124,1,25
125,1,25
126,1,25
127,1,25
130,1,26
131,1,26
135,1,27
136,1,27
137,1,27
138,1,27
139,1,28
140,1,28
141,1,28
142,1,29
143,1,29
144,1,30
145,1,30
146,1,31
147,1,31
148,1,31
149,1,31
160,1,35
161,1,35
162,1,35
163,1,35
167,1,37
168,1,37
169,1,37
170,1,37
174,1,39
175,1,39
176,1,39
189,1,43
190,1,43
191,1,43
196,1,44
197,1,44
201,1,45
202,1,45
203,1,45
204,1,45
212,1,48
213,1,48
216,1,49
217,1,49
218,1,49
222,1,50
223,1,50
224,1,50
227,1,51
228,1,51
235,1,53
236,1,53
237,1,54
238,1,54
239,1,54
242,1,55
243,1,55
244,1,55
245,1,55
248,1,56
249,1,56
250,1,56
253,1,57
254,1,57
255,1,57
256,1,57
264,1,59
265,1,59
266,1,59
269,1,60
270,1,60
271,1,60
272,1,61
273,1,61
274,1,61
275,1,61
280,1,63
281,1,63
291,1,66
292,1,66
293,1,66
294,1,67
295,1,67
300,1,68
301,1,68
304,1,69
305,1,69
306,1,69
307,1,69
312,1,70
313,1,70
320,1,72
321,1,72
322,1,72
323,1,72
326,1,73
327,1,73
328,1,73
329,1,73
334,1,74
335,1,74
336,1,74
342,1,76
343,1,76
344,1,76
345,1,77
346,1,77
347,1,77
348,1,77
351,1,78
352,1,78
353,1,78
358,1,79
359,1,79
360,1,79
364,1,80
365,1,80
366,1,80
367,1,80
368,1,81
369,1,81
370,1,81
371,1,81
372,1,82
373,1,82
374,1,83
375,1,83
376,1,83
379,1,84
380,1,84
381,1,84
382,1,84
387,1,86
388,1,86
389,1,86
390,1,86
399,1,89
400,1,89
401,1,89
405,1,90
406,1,90
407,1,90
411,1,91
412,1,91
413,1,91
414,1,91
419,1,92
420,1,92
426,1,94
427,1,94
428,1,95
429,1,95
433,1,96
434,1,96
435,1,96
436,1,97
437,1,97
438,1,97
439,1,97
442,1,98
443,1,98
444,1,98
445,1,99
446,1,99
447,1,99
451,1,100
452,1,100
453,1,100
454,1,100
457,1,101
458,1,101
459,1,101
460,1,101
465,1,103
466,1,103
467,1,103
468,1,103
476,1,105
477,1,105
481,1,106
482,1,106
485,1,109
486,1,109
487,1,109
488,1,109
493,1,110
494,1,110
495,1,110
496,1,110
501,1,112
502,1,112
503,1,112
504,1,112
512,1,114
513,1,114
514,1,114
515,1,114
519,1,115
520,1,115
521,1,115
526,1,116
527,1,116
532,1,117
533,1,117
534,1,117
535,1,117
538,1,118
539,1,118
540,1,118
541,1,118
544,1,119
545,1,119
546,1,119
551,1,120
552,1,120
553,1,120
554,1,121
555,1,121
556,1,121
560,1,122
561,1,122
562,1,122
563,1,122
567,1,123
568,1,123
580,1,127
581,1,127
582,1,127
583,1,127
588,1,129
589,1,129
590,1,129
594,1,130
595,1,130
600,1,131
601,1,131
602,1,131
603,1,131
606,1,132
607,1,132
608,1,132
609,1,132
612,1,133
613,1,133
619,1,135
620,1,135
621,1,135
626,1,136
627,1,136
628,1,136
633,1,138
634,1,138
638,1,139
639,1,139
640,1,139
641,1,139
644,1,140
645,1,140
649,1,141
650,1,141
651,1,141
654,1,142
655,1,142
656,1,142
659,1,143
660,1,143
661,1,143
662,1,143
669,1,146
670,1,146
671,1,146
672,1,147
673,1,147
674,1,147
678,1,149
679,1,149
680,1,149
684,1,150
685,1,150
690,1,151
691,1,151
694,1,152
695,1,152
696,1,152
697,1,152
698,1,153
699,1,153
700,1,153
701,1,153
702,1,154
703,1,154
704,1,154
709,1,155
710,1,155
719,1,158
720,1,158
724,1,159
725,1,159
726,1,159
727,1,159
731,1,160
732,1,160
736,1,161
737,1,161
738,1,162
739,1,162
740,1,162
748,1,164
749,1,164
753,1,165
754,1,165
755,1,165
758,1,166
759,1,166
760,1,166
761,1,166
764,1,167
765,1,167
766,1,167
767,1,167
771,1,168
772,1,168
773,1,169
774,1,169
777,1,170
778,1,170
783,1,172
784,1,172
785,1,172
786,1,172
790,1,173
791,1,173
792,1,173
795,1,174
796,1,174
797,1,174
798,1,174
803,1,175
804,1,175
808,1,176
809,1,176
817,1,178
818,1,178
819,1,179
820,1,179
821,1,179
822,1,179
825,1,181
826,1,181
827,1,181
832,1,182
833,1,182
834,1,183
835,1,183
836,1,183
840,1,184
841,1,184
845,1,185
846,1,185
847,1,186
848,1,186
854,1,188
855,1,188
856,1,188
857,1,189
858,1,189
867,1,191
868,1,191
869,1,191
873,1,193
874,1,193
875,1,193
876,1,193
881,1,194
882,1,194
885,1,196
886,1,196
887,1,197
888,1,197
889,1,199
890,1,199
891,1,199
892,1,199
897,1,200
898,1,200
899,1,200
900,1,200
905,1,201
906,1,201
907,1,201
908,1,201
909,1,202
910,1,202
911,1,202
916,1,204
917,1,204
918,1,204
919,1,204
922,1,205
923,1,205
924,1,205
925,1,205
926,1,206
927,1,206
928,1,206
929,1,206
934,1,207
935,1,207
936,1,207
937,1,207
938,1,208
939,1,208
940,1,208
941,1,209
942,1,209
943,1,209
944,1,209
948,1,211
949,1,211
950,1,212
951,1,212
952,1,212
955,1,213
956,1,213
957,1,213
958,1,213
963,1,215
964,1,215
965,1,215
969,1,216
970,1,216
974,1,218
975,1,218
976,1,218
977,1,218
981,1,219
982,1,219
983,1,219
984,1,219
985,1,220
986,1,220
987,1,220
988,1,220
993,1,222
994,1,222
1001,1,224
1002,1,224
1003,1,225
1004,1,225
1005,1,225
1006,1,226
1007,1,226
1011,1,227
1012,1,227
1013,1,227
1016,1,228
1017,1,228
1018,1,228
1023,1,229
1024,1,229
1027,1,230
1028,1,230
1029,1,231
1030,1,231
1031,1,231
1032,1,231
1037,1,232
1038,1,232
1039,1,232
1042,1,233
1043,1,233
1044,1,233
1045,1,233
1048,1,234
1049,1,234
1050,1,234
1051,1,234
1055,1,235
1056,1,235
1065,1,237
1066,1,237
1067,1,238
1068,1,238
1069,1,239
1070,1,239
1071,1,239
1072,1,239
1080,1,241
1081,1,241
1082,1,241
1083,1,241
1084,1,242
1085,1,242
1089,1,243
1090,1,243
1095,1,244
1096,1,244
1097,1,244
1098,1,244
1102,1,245
1103,1,245
1104,1,245
1112,1,247
1113,1,247
1114,1,247
1121,1,249
1122,1,249
1131,1,251
1132,1,251
1136,1,252
1137,1,252
1138,1,252
1142,1,253
1143,1,253
1144,1,253
1145,1,253
1148,1,254
1149,1,254
1153,1,255
1154,1,255
1155,1,255
1156,1,255
1169,1,259
1170,1,259
1175,1,261
1176,1,261
1179,1,263
1180,1,263
1181,1,263
1182,1,263
1188,1,265
1189,1,265
1190,1,265
1191,1,265
1192,1,266
1193,1,266
1194,1,266
1195,1,266
1200,1,267
1201,1,267
1202,1,267
1203,1,267
1208,1,269
1209,1,269
1214,1,270
1215,1,270
1216,1,270
1221,1,271
1222,1,271
1223,1,271
1226,1,272
1227,1,272
1228,1,272
1229,1,272
1230,1,273
1231,1,273
1232,1,273
1233,1,273
1237,1,274
1238,1,274
1239,1,274
1244,1,275
1245,1,275
1246,1,275
1249,1,276
1250,1,276
1251,1,276
1252,1,276
1253,1,277
1254,1,277
1255,1,277
1256,1,278
1257,1,278
1258,1,279
1259,1,279
1260,1,280
1261,1,280
1262,1,280
1263,1,280
1266,1,281
1267,1,281
1272,1,282
1273,1,282
1274,1,282
1278,1,283
1279,1,283
1280,1,283
1281,1,284
1282,1,284
1283,1,284
1288,1,285
1289,1,285
1290,1,285
1295,1,286
1296,1,286
1300,1,287
1301,1,287
1304,1,288
1305,1,288
1310,1,289
1311,1,289
1312,1,290
1313,1,290
1314,1,290
1315,1,291
1316,1,291
1317,1,291
1318,1,291
1319,1,292
1320,1,292
1321,1,292
1325,1,293
1326,1,293
1330,1,294
1331,1,294
1335,1,295
1336,1,295
1337,1,295
1338,1,295
1343,1,296
1344,1,296
1345,1,296
1346,1,296
1349,1,298
1350,1,298
1354,1,299
1355,1,299
1356,1,299
1357,1,299
1358,1,300
1359,1,300
1364,1,301
1365,1,301
1366,1,301
1367,1,301
1372,1,302
1373,1,302
1378,1,303
1379,1,303
1380,1,303
1381,1,303
1384,1,304
1385,1,304
1386,1,304
1387,1,304
1390,1,305
1391,1,305
1392,1,305
1393,1,305
1397,1,306
1398,1,306
1399,1,306
1400,1,307
1401,1,307
1402,1,307
1406,1,308
1407,1,308
1410,1,309
1411,1,309
1416,1,310
1417,1,310
1418,1,311
1419,1,311
1420,1,311
1428,1,313
1429,1,313
1430,1,313
1431,1,313
1434,1,314
1435,1,314
1445,1,317
1446,1,317
1447,1,317
1448,1,317
1452,1,319
1453,1,319
1454,1,319
1459,1,320
1460,1,320
1461,1,320
1466,1,321
1467,1,321
1468,1,321
1469,1,321
1470,1,322
1471,1,322
1472,1,322
1473,1,322
1480,1,324
1481,1,324
1482,1,324
1485,1,326
1486,1,326
1491,1,327
1492,1,327
1493,1,327
1494,1,327
1501,1,329
1502,1,329
1503,1,329
1507,1,330
1508,1,330
1509,1,330
1510,1,330
1514,1,331
1515,1,331
1516,1,331
1517,1,331
1522,1,333
1523,1,333
1526,1,334
1527,1,334
1532,1,335
1533,1,335
1534,1,336
1535,1,336
1536,1,336
1539,1,337
1540,1,337
1549,1,340
1550,1,340
1551,1,341
1552,1,341
1553,1,341
1554,1,341
1559,1,342
1560,1,342
1561,1,342
1562,1,342
1563,1,343
1564,1,343
1565,1,344
1566,1,344
1567,1,344
1570,1,345
1571,1,345
1572,1,345
1575,1,346
1576,1,346
1581,1,347
1582,1,347
1583,1,347
1584,1,347
1589,1,349
1590,1,349
1591,1,349
1592,1,349
1596,1,350
1597,1,350
1598,1,350
1599,1,350
1604,1,351
1605,1,351
1606,1,351
1614,1,353
1615,1,353
1620,1,354
1621,1,354
1622,1,354
1627,1,356
1628,1,356
1629,1,356
1630,1,356
1639,1,358
1640,1,358
1641,1,358
1642,1,358
1647,1,360
1648,1,360
1649,1,360
1650,1,360
1651,1,361
1652,1,361
1653,1,361
1654,1,361
1659,1,362
1660,1,362
1661,1,363
1662,1,363
1663,1,363
1667,1,364
1668,1,364
1669,1,364
1670,1,365
1671,1,365
1674,1,366
1675,1,366
1676,1,366
1677,1,366
1681,1,367
1682,1,367
1683,1,367
1684,1,367
1688,1,368
1689,1,368
1690,1,369
1691,1,369
1692,1,369
1693,1,369
1698,1,370
1699,1,370
1700,1,370
1703,1,371
1704,1,371
1705,1,371
1706,1,372
1707,1,372
1708,1,373
1709,1,373
1710,1,373
1713,1,374
1714,1,374
1715,1,374
1720,1,375
1721,1,375
1722,1,376
1723,1,376
1724,1,376
1725,1,376
1729,1,377
1730,1,377
1731,1,377
1735,1,378
1736,1,378
1737,1,378
1738,1,378
1747,1,380
1748,1,380
1752,1,381
1753,1,381
1757,1,382
1758,1,382
1759,1,382
1760,1,382
1765,1,383
1766,1,383
1767,1,383
1773,1,385
1774,1,385
1778,1,387
1779,1,387
1780,1,387
1784,1,388
1785,1,388
1786,1,388
1790,1,389
1791,1,389
1794,1,390
1795,1,390
1796,1,390
1797,1,391
1798,1,391
1799,1,391
1800,1,391
1804,1,392
1805,1,392
1806,1,392
1807,1,392
1810,1,393
1811,1,393
1812,1,394
1813,1,394
1814,1,394
1815,1,394
1816,1,395
1817,1,395
1818,1,395
1826,1,397
1827,1,397
1828,1,397
1839,1,400
1840,1,400
1841,1,401
1842,1,401
1843,1,402
1844,1,402
1845,1,402
1849,1,403
1850,1,403
1851,1,403
1852,1,403
1859,1,406
1860,1,406
1865,1,407
1866,1,407
1867,1,408
1868,1,408
1869,1,408
1870,1,408
1874,1,409
1875,1,409
1876,1,409
1877,1,409
1881,1,410
1882,1,410
1883,1,410
1886,1,411
1887,1,411
1888,1,412
1889,1,412
1890,1,412
1891,1,412
1896,1,413
1897,1,413
1898,1,413
1899,1,414
1900,1,414
1901,1,414
1905,1,415
1906,1,415
1907,1,415
1911,1,416
1912,1,416
1917,1,417
1918,1,417
1919,1,417
1920,1,417
1923,1,418
1924,1,418
1925,1,418
1926,1,418
1931,1,420
1932,1,420
1942,1,423
1943,1,423
1946,1,424
1947,1,424
1948,1,424
1956,1,427
1957,1,427
1958,1,427
1959,1,427
1960,1,428
1961,1,428
1962,1,428
1963,1,428
1966,1,429
1967,1,429
1979,1,432
1980,1,432
1981,1,432
1984,1,433
1985,1,433
1986,1,433
1987,1,433
1990,1,434
1991,1,434
1992,1,434
1993,1,434
1998,1,435
1999,1,435
2000,1,436
2001,1,436
2002,1,436
2006,1,437
2007,1,437
2012,1,438
2013,1,438
2017,1,439
2018,1,439
2019,1,439
2020,1,439
2023,1,440
2024,1,440
2027,1,441
2028,1,441
2029,1,442
2030,1,442
2031,1,442
2032,1,443
2033,1,443
2034,1,443
2039,1,444
2040,1,444
2041,1,444
2042,1,444
2047,1,445
2048,1,445
2049,1,445
2053,1,446
2054,1,446
2057,1,447
2058,1,447
2059,1,447
2060,1,447
2064,1,448
2065,1,448
2073,1,450
2074,1,450
2075,1,450
2080,1,451
2081,1,451
2089,1,453
2090,1,453
2091,1,453
2094,1,454
2095,1,454
2096,1,455
2097,1,455
2098,1,455
2099,1,455
2100,1,456
2101,1,456
2106,1,457
2107,1,457
2112,1,458
2113,1,458
2120,1,460
2121,1,460
2122,1,460
2123,1,460
2128,1,461
2129,1,461
2134,1,462
2135,1,462
2139,1,463
2140,1,463
2141,1,463
2144,1,464
2145,1,464
2146,1,464
2147,1,464
2151,1,465
2152,1,465
2156,1,466
2157,1,466
2158,1,467
2159,1,467
2160,1,467
2161,1,467
2165,1,468
2166,1,468
2167,1,468
2168,1,468
2176,1,470
2177,1,470
2178,1,471
2179,1,471
2180,1,471
2187,1,473
2188,1,473
2198,1,476
2199,1,476
2200,1,476
2208,1,478
2209,1,478
2213,1,479
2214,1,479
2218,1,480
2219,1,480
2222,1,481
2223,1,481
2224,1,481
2228,1,482
2229,1,482
2230,1,482
2231,1,483
2232,1,483
2233,1,483
2236,1,484
2237,1,484
2238,1,484
2239,1,484
2246,1,486
2247,1,486
2248,1,486
2249,1,486
2255,1,488
2256,1,488
2260,1,489
2261,1,489
2262,1,489
2263,1,489
2268,1,490
2269,1,490
2270,1,491
2271,1,491
2276,1,492
2277,1,492
2281,1,494
2282,1,494
2283,1,494
2284,1,494
2287,1,496
2288,1,496
2292,1,498
2293,1,498
2294,1,499
2295,1,499
2296,1,500
2297,1,500
2298,1,500
2299,1,500
2304,1,501
2305,1,501
2306,1,501
2309,1,502
2310,1,502
2311,1,502
2312,1,502
2316,1,503
2317,1,503
2318,1,503
2319,1,504
2320,1,504
2321,1,504
2322,1,504
2329,1,506
2330,1,506
2331,1,506
2332,1,506
2343,1,510
2344,1,510
2345,1,510
2346,1,510
2347,1,511
2348,1,511
2352,1,512
2353,1,512
2360,1,514
2361,1,514
2373,1,518
2374,1,518
2383,1,520
2384,1,520
2385,1,521
2386,1,521
2387,1,521
2388,1,521
2394,1,523
2395,1,523
2396,1,524
2397,1,524
2402,1,525
2403,1,525
2404,1,525
2405,1,525
2414,1,527
2415,1,527
2420,1,528
2421,1,528
2422,1,528
2423,1,529
2424,1,529
2425,1,529
2426,1,529
2427,1,530
2428,1,530
2429,1,530
2430,1,531
2431,1,531
2432,1,531
2433,1,531
2442,1,533
2443,1,533
2444,1,533
2445,1,534
2446,1,534
2450,1,535
2451,1,535
2452,1,535
2453,1,535
2454,1,536
2455,1,536
2456,1,536
2465,1,539
2466,1,539
2467,1,540
2468,1,540
2469,1,540
2472,1,542
2473,1,542
2474,1,542
2475,1,542
2478,1,543
2479,1,543
2480,1,544
2481,1,544
2484,1,545
2485,1,545
2486,1,545
2487,1,545
2496,1,548
2497,1,548
2498,1,549
2499,1,549
2502,1,550
2503,1,550
2504,1,550
2505,1,551
2506,1,551
2507,1,551
2518,1,554
2519,1,554
2520,1,554
2521,1,554
2525,1,555
2526,1,555
2527,1,555
2532,1,556
2533,1,556
2534,1,556
2539,1,557
2540,1,557
2546,1,559
2547,1,559
2548,1,559
2549,1,559
2554,1,560
2555,1,560
2556,1,560
2559,1,561
2560,1,561
2561,1,561
2562,1,561
2563,1,562
2564,1,562
2565,1,562
2566,1,562
2569,1,563
2570,1,563
2571,1,563
2572,1,563
2579,1,565
2580,1,565
2581,1,566
2582,1,566
2583,1,567
2584,1,567
2587,1,568
2588,1,568
2591,1,569
2592,1,569
2593,1,570
2594,1,570
2598,1,571
2599,1,571
2604,1,572
2605,1,572
2606,1,572
2607,1,572
2612,1,573
2613,1,573
2614,1,573
2615,1,573
2616,1,574
2617,1,574
2621,1,575
2622,1,575
2630,1,577
2631,1,577
2632,1,577
2633,1,578
2634,1,578
2638,1,579
2639,1,579
2640,1,579
2641,1,579
2645,1,580
2646,1,580
2647,1,580
2648,1,580
2651,1,581
2652,1,581
2653,1,581
2656,1,583
2657,1,583
2658,1,583
2661,1,584
2662,1,584
2667,1,586
2668,1,586
2669,1,586
2670,1,586
2675,1,587
2676,1,587
2677,1,587
2686,1,590
2687,1,590
2688,1,590
2696,1,592
2697,1,592
2704,1,594
2705,1,594
2706,1,594
2707,1,595
2708,1,595
2709,1,595
2710,1,595
2715,1,596
2716,1,596
2725,1,598
2726,1,598
2727,1,598
2728,1,598
2729,1,599
2730,1,599
2731,1,599
2734,1,600
2735,1,600
2738,1,601
2739,1,601
2740,1,601
2743,1,602
2744,1,602
2748,1,603
2749,1,603
2750,1,603
2751,1,603
2759,1,606
2760,1,606
2765,1,608
2766,1,608
2771,1,609
2772,1,609
2773,1,609
2774,1,609
2779,1,610
2780,1,610
2784,1,611
2785,1,611
2786,1,611
2787,1,611
2792,1,613
2793,1,613
2794,1,614
2795,1,614
2796,1,614
2804,1,616
2805,1,616
2810,1,617
2811,1,617
2812,1,617
2817,1,619
2818,1,619
2823,1,620
2824,1,620
2828,1,621
2829,1,621
2830,1,621
2831,1,621
2838,1,623
2839,1,623
2843,1,624
2844,1,624
2845,1,624
2850,1,625
2851,1,625
2852,1,625
2864,1,628
2865,1,628
2866,1,628
2876,1,631
2877,1,631
2878,1,631
2881,1,632
2882,1,632
2883,1,632
2893,1,636
2894,1,636
2895,1,636
2896,1,637
2897,1,637
2901,1,638
2902,1,638
2903,1,638
2904,1,638
2915,1,641
2916,1,641
2917,1,641
2922,1,643
2923,1,643
2924,1,643
2928,1,644
2929,1,644
2930,1,644
2935,1,645
2936,1,645
2937,1,645
2941,1,646
2942,1,646
2943,1,646
2946,1,647
2947,1,647
2948,1,647
2952,1,648
2953,1,648
2954,1,648
2955,1,648
2958,1,649
2959,1,649
2964,1,650
2965,1,650
2970,1,651
2971,1,651
2976,1,652
2977,1,652
2978,1,652
2979,1,652
2980,1,653
2981,1,653
2982,1,654
2983,1,654
2986,1,655
2987,1,655
2988,1,655
2994,1,657
2995,1,657
2996,1,657
2997,1,657
3006,1,660
3007,1,660
3010,1,661
3011,1,661
3012,1,661
3013,1,661
3014,1,662
3015,1,662
3018,1,663
3019,1,663
3020,1,663
3023,1,664
3024,1,664
3028,1,665
3029,1,665
3030,1,665
3031,1,665
3035,1,666
3036,1,666
3037,1,666
3040,1,667
3041,1,667
3044,1,668
3045,1,668
3049,1,670
3050,1,670
3051,1,670
3052,1,670
3056,1,672
3057,1,672
3062,1,673
3063,1,673
3066,1,674
3067,1,674
3068,1,674
3069,1,675
3070,1,675
3071,1,676
3072,1,676
3077,1,677
3078,1,677
3079,1,677
3084,1,678
3085,1,678
3086,1,678
3087,1,678
3088,1,679
3089,1,679
3092,1,680
3093,1,680
3098,1,681
3099,1,681
3100,1,681
3104,1,682
3105,1,682
3106,1,682
3107,1,683
3108,1,683
3109,1,683
3110,1,683
3119,1,686
3120,1,686
3121,1,686
3122,1,686
3123,1,687
3124,1,687
3125,1,687
3134,1,689
3135,1,689
3136,1,689
3137,1,689
3140,1,690
3141,1,690
3142,1,690
3143,1,690
3146,1,691
3147,1,691
3148,1,691
3154,1,693
3155,1,693
3159,1,694
3160,1,694
3161,1,694
3162,1,694
3165,1,695
3166,1,695
3167,1,696
3168,1,696
3172,1,697
3173,1,697
3174,1,697
3175,1,697
3180,1,698
3181,1,698
3182,1,698
3183,1,698
3187,1,699
3188,1,699
3192,1,702
3193,1,702
3194,1,702
3195,1,702
3202,1,704
3203,1,704
3207,1,705
3208,1,705
3209,1,705
3210,1,705
3211,1,706
3212,1,706
3217,1,707
3218,1,707
3223,1,708
3224,1,708
3227,1,709
3228,1,709
3233,1,710
3234,1,710
3235,1,710
3236,1,710
3246,1,715
3247,1,715
3248,1,715
3249,1,715
3253,1,716
3254,1,716
3258,1,717
3259,1,717
3264,1,719
3265,1,719
3266,1,720
3267,1,720
3268,1,720
3273,1,721
3274,1,721
3275,1,722
3276,1,722
3279,1,723
3280,1,723
3281,1,723
3282,1,723
3286,1,724
3287,1,724
3292,1,725
3293,1,725
3294,1,725
3301,1,727
3302,1,727
3306,1,728
3307,1,728
3308,1,728
3315,1,730
3316,1,730
3317,1,730
3318,1,730
3326,1,732
3327,1,732
3328,1,732
3329,1,732
3330,1,733
3331,1,733
3332,1,733
3333,1,733
3337,1,734
3338,1,734
3343,1,735
3344,1,735
3345,1,735
3350,1,736
3351,1,736
3352,1,736
3353,1,736
3354,1,737
3355,1,737
3360,1,738
3361,1,738
3362,1,738
3363,1,738
3368,1,739
3369,1,739
3376,1,741
3377,1,741
3378,1,741
3379,1,741
3382,1,743
3383,1,743
3388,1,744
3389,1,744
3393,1,745
3394,1,745
3395,1,745
3396,1,745
3401,1,746
3402,1,746
3406,1,747
3407,1,747
3411,1,748
3412,1,748
3413,1,748
3414,1,748
3419,1,749
3420,1,749
3423,1,750
3424,1,750
3425,1,750
3431,1,753
3432,1,753
3433,1,753
3434,1,753
3441,1,755
3442,1,755
3443,1,755
3444,1,755
3451,1,757
3452,1,757
3453,1,757
3459,1,759
3460,1,759
3465,1,760
3466,1,760
3467,1,760
3479,1,763
3480,1,763
3481,1,763
3484,1,764
3485,1,764
3486,1,764
3487,1,764
3492,1,765
3493,1,765
3494,1,765
3495,1,765
3496,1,766
3497,1,766
3498,1,766
3499,1,767
3500,1,767
3501,1,767
3502,1,767
3507,1,768
3508,1,768
3509,1,768
3518,1,771
3519,1,771
3520,1,771
3525,1,772
3526,1,772
3527,1,772
3528,1,772
3531,1,773
3532,1,773
3533,1,773
3534,1,773
3539,1,774
3540,1,774
3541,1,774
3542,1,774
3543,1,775
3544,1,775
3545,1,775
3548,1,776
3549,1,776
3553,1,777
3554,1,777
3555,1,777
3559,1,778
3560,1,778
3561,1,778
3562,1,778
3572,1,782
3573,1,782
3574,1,782
3578,1,783
3579,1,783
3580,1,783
3581,1,783
3582,1,784
3583,1,784
3584,1,784
3588,1,785
3589,1,785
3590,1,785
3591,1,785
3594,1,786
3595,1,786
3596,1,786
3601,1,787
3602,1,787
3603,1,787
3604,1,788
3605,1,788
3608,1,789
3609,1,789
3610,1,789
3611,1,789
3616,1,790
3617,1,790
3618,1,790
3619,1,790
3623,1,791
3624,1,791
3632,1,793
3633,1,793
3634,1,793
3635,1,793
3636,1,794
3637,1,794
3640,1,795
3641,1,795
3642,1,795
3643,1,795
3644,1,796
3645,1,796
3649,1,797
3650,1,797
3654,1,798
3655,1,798
3658,1,799
3659,1,799
3660,1,800
3661,1,800
3666,1,803
3667,1,803
3668,1,803
3669,1,803
3672,1,804
3673,1,804
3674,1,804
3675,1,804
3679,1,805
3680,1,805
3684,1,806
3685,1,806
3686,1,806
3689,1,807
3690,1,807
3691,1,807
3700,1,810
3701,1,810
3702,1,810
3703,1,810
3707,1,811
3708,1,811
3709,1,811
3710,1,812
3711,1,812
3712,1,812
3720,1,814
3721,1,814
3722,1,814
3727,1,815
3728,1,815
3729,1,815
3730,1,816
3731,1,816
3732,1,816
3733,1,816
3737,1,817
3738,1,817
3739,1,818
3740,1,818
3741,1,818
3744,1,819
3745,1,819
3746,1,819
3747,1,820
3748,1,820
3749,1,820
3750,1,820
3759,1,823
3760,1,823
3761,1,823
3770,1,825
3771,1,825
3772,1,825
3775,1,827
3776,1,827
3785,1,829
3786,1,829
3794,1,831
3795,1,831
3796,1,831
3797,1,832
3798,1,832
3799,1,832
3800,1,832
3801,1,833
3802,1,833
3803,1,833
3811,1,835
3812,1,835
3813,1,835
3814,1,835
3819,1,836
3820,1,836
3821,1,836
3825,1,838
3826,1,838
3833,1,840
3834,1,840
3835,1,840
3836,1,840
3837,1,841
3838,1,841
3839,1,841
3844,1,842
3845,1,842
3848,1,843
3849,1,843
3850,1,843
3851,1,843
3855,1,844
3856,1,844
3859,1,845
3860,1,845
3861,1,845
3862,1,845
3866,1,846
3867,1,846
3868,1,846
3869,1,846
3878,1,848
3879,1,848
3880,1,848
3881,1,849
3882,1,849
3883,1,849
3884,1,849
3889,1,850
3890,1,850
3891,1,850
3896,1,851
3897,1,851
3898,1,851
3902,1,852
3903,1,852
3904,1,852
3905,1,852
3909,1,853
3910,1,853
3911,1,853
3916,1,855
3917,1,855
3920,1,856
3921,1,856
3922,1,856
3923,1,856
3928,1,857
3929,1,857
3930,1,857
3939,1,859
3940,1,859
3941,1,859
3945,1,861
3946,1,861
3947,1,861
3951,1,862
3952,1,862
3953,1,862
3956,1,863
3957,1,863
3958,1,863
3959,1,863
3963,1,864
3964,1,864
3965,1,864
3966,1,864
3969,1,865
3970,1,865
3971,1,865
3972,1,865
3977,1,867
3978,1,867
3979,1,867
3980,1,867
3981,1,868
3982,1,868
3983,1,868
3984,1,869
3985,1,869
3986,1,869
3987,1,869
3991,1,870
3992,1,870
3993,1,870
3994,1,870
3999,1,871
4000,1,871
4007,1,873
4008,1,873
4009,1,873
4010,1,873
4015,1,875
4016,1,875
4017,1,875
4022,1,876
4023,1,876
4024,1,877
4025,1,877
4026,1,877
4033,1,879
4034,1,879
4035,1,879
4036,1,879
4040,1,880
4041,1,880
4042,1,880
4043,1,880
4052,1,882
4053,1,882
4054,1,882
4055,1,882
4061,1,885
4062,1,885
4063,1,886
4064,1,886
4065,1,886
4066,1,886
4067,1,887
4068,1,887
4069,1,887
4070,1,887
4073,1,888
4074,1,888
4075,1,888
4076,1,888
4077,1,889
4078,1,889
4079,1,889
4080,1,890
4081,1,890
4082,1,890
4087,1,891
4088,1,891
4089,1,891
4094,1,892
4095,1,892
4096,1,892
4101,1,893
4102,1,893
4103,1,893
4104,1,893
4109,1,894
4110,1,894
4111,1,894
4114,1,895
4115,1,895
4116,1,895
4117,1,895
4121,1,896
4122,1,896
4125,1,897
4126,1,897
4127,1,897
4128,1,897
4133,1,898
4134,1,898
4135,1,898
4138,1,899
4139,1,899
4140,1,899
4141,1,900
4142,1,900
4145,1,901
4146,1,901
4147,1,901
4148,1,901
4152,1,902
4153,1,902
4154,1,902
4155,1,902
4161,1,904
4162,1,904
4163,1,905
4164,1,905
4165,1,905
4166,1,906
4167,1,906
4171,1,907
4172,1,907
4173,1,907
4174,1,907
4175,1,908
4176,1,908
4181,1,911
4182,1,911
4183,1,911
4184,1,911
4189,1,912
4190,1,912
4191,1,912
4195,1,913
4196,1,913
4197,1,913
4198,1,913
4201,1,914
4202,1,914
4207,1,915
4208,1,915
4209,1,915
4210,1,915
4213,1,916
4214,1,916
4217,1,917
4218,1,917
4219,1,917
4226,1,919
4227,1,919
4228,1,919
4229,1,919
4230,1,920
4231,1,920
4232,1,920
4235,1,921
4236,1,921
4239,1,922
4240,1,922
4241,1,922
4249,1,924
4250,1,924
4254,1,925
4255,1,925
4256,1,925
4261,1,927
4262,1,927
4263,1,927
4264,1,927
4265,1,928
4266,1,928
4267,1,928
4268,1,929
4269,1,929
4270,1,929
4271,1,929
4272,1,930
4273,1,930
4274,1,930
4281,1,932
4282,1,932
4285,1,933
4286,1,933
4287,1,933
4293,1,936
4294,1,936
4299,1,937
4300,1,937
4304,1,938
4305,1,938
4306,1,938
4307,1,938
4314,1,940
4315,1,940
4316,1,940
4317,1,941
4318,1,941
4319,1,941
4320,1,941
4324,1,942
4325,1,942
4328,1,944
4329,1,944
4333,1,945
4334,1,945
4335,1,945
4336,1,945
4345,1,947
4346,1,947
4347,1,948
4348,1,948
4353,1,949
4354,1,949
4355,1,949
4356,1,949
4359,1,951
4360,1,951
4361,1,951
4366,1,952
4367,1,952
4368,1,952
4369,1,953
4370,1,953
4371,1,953
4372,1,953
4375,1,956
4376,1,956
4377,1,956
4378,1,956
4379,1,957
4380,1,957
4381,1,957
4384,1,958
4385,1,958
4386,1,958
4390,1,959
4391,1,959
4395,1,961
4396,1,961
4397,1,961
4400,1,962
4401,1,962
4402,1,962
4403,1,962
4404,1,963
4405,1,963
4409,1,964
4410,1,964
4411,1,964
4414,1,965
4415,1,965
4416,1,966
4417,1,966
4422,1,967
4423,1,967
4424,1,967
4427,1,968
4428,1,968
4429,1,968
4430,1,969
4431,1,969
4432,1,969
4433,1,969
4434,1,970
4435,1,970
4436,1,970
4441,1,971
4442,1,971
4443,1,971
4444,1,971
4445,1,972
4446,1,972
4447,1,972
4451,1,973
4452,1,973
4453,1,973
4454,1,973
4459,1,974
4460,1,974
4461,1,975
4462,1,975
4466,1,976
4467,1,976
4475,1,978
4476,1,978
4477,1,978
4478,1,979
4479,1,979
4480,1,979
4481,1,979
4485,1,980
4486,1,980
4487,1,980
4490,1,981
4491,1,981
4492,1,981
4496,1,982
4497,1,982
4498,1,982
4503,1,983
4504,1,983
4505,1,983
4506,1,984
4507,1,984
4508,1,985
4509,1,985
4510,1,985
4511,1,985
4515,1,986
4516,1,986
4517,1,986
4518,1,986
4521,1,987
4522,1,987
4525,1,988
4526,1,988
4527,1,988
4530,1,989
4531,1,989
4532,1,989
4533,1,989
4538,1,991
4539,1,991
4547,1,993
4548,1,993
4549,1,993
4550,1,993
4554,1,994
4555,1,994
4556,1,994
4557,1,995
4558,1,995
4559,1,995
4560,1,995
4563,1,996
4564,1,996
4565,1,997
4566,1,997
4569,1,999
4570,1,999
4574,1,1000
4575,1,1000
4576,1,1000
4577,1,1000
5,2,1
6,2,1
7,2,1
8,2,1
9,2,2
10,2,2
11,2,2
12,2,3
13,2,3
14,2,3
15,2,3
20,2,4
21,2,4
22,2,4
23,2,5
24,2,5
25,2,5
29,2,6
30,2,6
31,2,6
34,2,7
35,2,7
36,2,7
37,2,8
38,2,8
39,2,8
40,2,8
44,2,9
45,2,9
50,2,10
51,2,10
52,2,10
57,2,11
58,2,11
59,2,11
63,2,12
64,2,12
65,2,12
66,2,12
67,2,13
68,2,13
69,2,13
70,2,13
73,2,15
74,2,15
75,2,15
76,2,15
79,2,16
80,2,16
84,2,17
85,2,17
86,2,17
90,2,18
91,2,18
92,2,18
97,2,19
98,2,19
104,2,21
105,2,21
106,2,21
107,2,21
112,2,22
113,2,22
114,2,22
118,2,23
119,2,23
128,2,25
129,2,25
132,2,26
133,2,26
134,2,26
150,2,31
151,2,31
152,2,31
153,2,31
154,2,32
155,2,32
156,2,34
157,2,34
158,2,34
159,2,34
164,2,35
165,2,35
166,2,35
171,2,37
172,2,37
173,2,37
177,2,39
178,2,39
179,2,39
180,2,39
181,2,40
182,2,40
183,2,40
184,2,40
185,2,42
186,2,42
187,2,42
188,2,42
192,2,43
193,2,43
194,2,43
195,2,43
198,2,44
199,2,44
200,2,44
205,2,45
206,2,45
207,2,46
208,2,46
209,2,46
210,2,47
211,2,47
214,2,48
215,2,48
219,2,49
220,2,49
221,2,49
225,2,50
226,2,50
229,2,51
230,2,51
231,2,51
232,2,51
233,2,52
234,2,52
240,2,54
241,2,54
246,2,55
247,2,55
251,2,56
252,2,56
257,2,57
258,2,57
259,2,57
260,2,58
261,2,58
262,2,58
263,2,58
267,2,59
268,2,59
276,2,61
277,2,61
278,2,62
279,2,62
282,2,63
283,2,63
284,2,64
285,2,64
286,2,64
287,2,65
288,2,65
289,2,65
290,2,65
296,2,67
297,2,67
298,2,67
299,2,67
302,2,68
303,2,68
308,2,69
309,2,69
310,2,69
311,2,69
314,2,70
315,2,70
316,2,71
317,2,71
318,2,71
319,2,71
324,2,72
325,2,72
330,2,73
331,2,73
332,2,73
333,2,73
337,2,74
338,2,74
339,2,75
340,2,75
341,2,75
349,2,77
350,2,77
354,2,78
355,2,78
356,2,78
357,2,78
361,2,79
362,2,79
363,2,79
377,2,83
378,2,83
383,2,85
384,2,85
385,2,85
386,2,85
391,2,86
392,2,86
393,2,86
394,2,86
395,2,88
396,2,88
397,2,88
398,2,88
402,2,89
403,2,89
404,2,89
408,2,90
409,2,90
410,2,90
415,2,91
416,2,91
417,2,91
418,2,91
421,2,92
422,2,92
423,2,93
424,2,93
425,2,93
430,2,95
431,2,95
432,2,95
440,2,97
441,2,97
448,2,99
449,2,99
450,2,99
455,2,100
456,2,100
461,2,101
462,2,101
463,2,102
464,2,102
469,2,103
470,2,103
471,2,103
472,2,103
473,2,104
474,2,104
475,2,104
478,2,105
479,2,105
480,2,105
483,2,107
484,2,107
489,2,109
490,2,109
491,2,109
492,2,109
497,2,111
498,2,111
499,2,111
500,2,111
505,2,112
506,2,112
507,2,112
508,2,113
509,2,113
510,2,113
511,2,113
516,2,114
517,2,114
518,2,114
522,2,115
523,2,115
524,2,115
525,2,115
528,2,116
529,2,116
530,2,116
531,2,116
536,2,117
537,2,117
542,2,118
543,2,118
547,2,119
548,2,119
549,2,119
550,2,119
557,2,121
558,2,121
559,2,121
564,2,122
565,2,122
566,2,122
569,2,123
570,2,123
571,2,123
572,2,124
573,2,124
574,2,124
575,2,125
576,2,125
577,2,126
578,2,126
579,2,126
584,2,127
585,2,127
586,2,127
587,2,127
591,2,129
592,2,129
593,2,129
596,2,130
597,2,130
598,2,130
599,2,130
604,2,131
605,2,131
610,2,132
611,2,132
614,2,133
615,2,133
616,2,134
617,2,134
618,2,134
622,2,135
623,2,135
624,2,135
625,2,135
629,2,137
630,2,137
631,2,137
632,2,137
635,2,138
636,2,138
637,2,138
642,2,139
643,2,139
646,2,140
647,2,140
648,2,140
652,2,141
653,2,141
657,2,142
658,2,142
663,2,143
664,2,143
665,2,143
666,2,145
667,2,145
668,2,145
675,2,147
676,2,147
677,2,147
681,2,149
682,2,149
683,2,149
686,2,150
687,2,150
688,2,150
689,2,150
692,2,151
693,2,151
705,2,154
706,2,154
707,2,154
708,2,154
711,2,155
712,2,155
713,2,155
714,2,156
715,2,156
716,2,157
717,2,157
718,2,157
721,2,158
722,2,158
723,2,158
728,2,159
729,2,159
730,2,159
733,2,160
734,2,160
735,2,160
741,2,162
742,2,162
743,2,162
744,2,162
745,2,163
746,2,163
747,2,163
750,2,164
751,2,164
752,2,164
756,2,165
757,2,165
762,2,166
763,2,166
768,2,167
769,2,167
770,2,167
775,2,169
776,2,169
779,2,170
780,2,170
781,2,170
782,2,170
787,2,172
788,2,172
789,2,172
793,2,173
794,2,173
799,2,174
800,2,174
801,2,174
802,2,174
805,2,175
806,2,175
807,2,175
810,2,176
811,2,176
812,2,176
813,2,176
814,2,177
815,2,177
816,2,177
823,2,180
824,2,180
828,2,181
829,2,181
830,2,181
831,2,181
837,2,183
838,2,183
839,2,183
842,2,184
843,2,184
844,2,184
849,2,186
850,2,186
851,2,187
852,2,187
853,2,187
859,2,189
860,2,189
861,2,189
862,2,189
863,2,190
864,2,190
865,2,190
866,2,190
870,2,191
871,2,191
872,2,191
877,2,193
878,2,193
879,2,193
880,2,193
883,2,194
884,2,194
893,2,199
894,2,199
895,2,199
896,2,199
901,2,200
902,2,200
903,2,200
904,2,200
912,2,203
913,2,203
914,2,203
915,2,203
920,2,204
921,2,204
930,2,206
931,2,206
932,2,206
933,2,206
945,2,210
946,2,210
947,2,210
953,2,212
954,2,212
959,2,214
960,2,214
961,2,214
962,2,214
966,2,215
967,2,215
968,2,215
971,2,216
972,2,216
973,2,216
978,2,218
979,2,218
980,2,218
989,2,220
990,2,220
991,2,220
992,2,220
995,2,222
996,2,222
997,2,222
998,2,222
999,2,223
1000,2,223
1008,2,226
1009,2,226
1010,2,226
1014,2,227
1015,2,227
1019,2,228
1020,2,228
1021,2,228
1022,2,228
1025,2,229
1026,2,229
1033,2,231
1034,2,231
1035,2,231
1036,2,231
1040,2,232
1041,2,232
1046,2,233
1047,2,233
1052,2,234
1053,2,234
1054,2,234
1057,2,235
1058,2,235
1059,2,235
1060,2,235
1061,2,236
1062,2,236
1063,2,236
1064,2,236
1073,2,239
1074,2,239
1075,2,239
1076,2,239
1077,2,240
1078,2,240
1079,2,240
1086,2,242
1087,2,242
1088,2,242
1091,2,243
1092,2,243
1093,2,243
1094,2,243
1099,2,244
1100,2,244
1101,2,244
1105,2,245
1106,2,245
1107,2,245
1108,2,245
1109,2,246
1110,2,246
1111,2,246
1115,2,247
1116,2,247
1117,2,247
1118,2,247
1119,2,248
1120,2,248
1123,2,249
1124,2,249
1125,2,249
1126,2,249
1127,2,250
1128,2,250
1129,2,250
1130,2,250
1133,2,251
1134,2,251
1135,2,251
1139,2,252
1140,2,252
1141,2,252
1146,2,253
1147,2,253
1150,2,254
1151,2,254
1152,2,254
1157,2,255
1158,2,255
1159,2,256
1160,2,256
1161,2,256
1162,2,257
1163,2,257
1164,2,257
1165,2,258
1166,2,258
1167,2,258
1168,2,258
1171,2,260
1172,2,260
1173,2,260
1174,2,260
1177,2,262
1178,2,262
1183,2,263
1184,2,263
1185,2,263
1186,2,264
1187,2,264
1196,2,266
1197,2,266
1198,2,266
1199,2,266
1204,2,267
1205,2,267
1206,2,268
1207,2,268
1210,2,269
1211,2,269
1212,2,269
1213,2,269
1217,2,270
1218,2,270
1219,2,270
1220,2,270
1224,2,271
1225,2,271
1234,2,273
1235,2,273
1236,2,273
1240,2,274
1241,2,274
1242,2,274
1243,2,274
1247,2,275
1248,2,275
1264,2,280
1265,2,280
1268,2,281
1269,2,281
1270,2,281
1271,2,281
1275,2,282
1276,2,282
1277,2,282
1284,2,284
1285,2,284
1286,2,284
1287,2,284
1291,2,285
1292,2,285
1293,2,285
1294,2,285
1297,2,286
1298,2,286
1299,2,286
1302,2,287
1303,2,287
1306,2,288
1307,2,288
1308,2,288
1309,2,288
1322,2,292
1323,2,292
1324,2,292
1327,2,293
1328,2,293
1329,2,293
1332,2,294
1333,2,294
1334,2,294
1339,2,295
1340,2,295
1341,2,295
1342,2,295
1347,2,297
1348,2,297
1351,2,298
1352,2,298
1353,2,298
1360,2,300
1361,2,300
1362,2,300
1363,2,300
1368,2,301
1369,2,301
1370,2,301
1371,2,301
1374,2,302
1375,2,302
1376,2,302
1377,2,302
1382,2,303
1383,2,303
1388,2,304
1389,2,304
1394,2,305
1395,2,305
1396,2,305
1403,2,307
1404,2,307
1405,2,307
1408,2,308
1409,2,308
1412,2,309
1413,2,309
1414,2,309
1415,2,309
1421,2,311
1422,2,311
1423,2,311
1424,2,311
1425,2,312
1426,2,312
1427,2,312
1432,2,313
1433,2,313
1436,2,314
1437,2,314
1438,2,314
1439,2,314
1440,2,315
1441,2,315
1442,2,315
1443,2,316
1444,2,316
1449,2,317
1450,2,317
1451,2,317
1455,2,319
1456,2,319
1457,2,319
1458,2,319
1462,2,320
1463,2,320
1464,2,320
1465,2,320
1474,2,322
1475,2,322
1476,2,323
1477,2,323
1478,2,323
1479,2,323
1483,2,324
1484,2,324
1487,2,326
1488,2,326
1489,2,326
1490,2,326
1495,2,327
1496,2,327
1497,2,328
1498,2,328
1499,2,328
1500,2,328
1504,2,329
1505,2,329
1506,2,329
1511,2,330
1512,2,330
1513,2,330
1518,2,331
1519,2,331
1520,2,331
1521,2,331
1524,2,333
1525,2,333
1528,2,334
1529,2,334
1530,2,334
1531,2,334
1537,2,336
1538,2,336
1541,2,337
1542,2,337
1543,2,338
1544,2,338
1545,2,338
1546,2,339
1547,2,339
1548,2,339
1555,2,341
1556,2,341
1557,2,341
1558,2,341
1568,2,344
1569,2,344
1573,2,345
1574,2,345
1577,2,346
1578,2,346
1579,2,346
1580,2,346
1585,2,348
1586,2,348
1587,2,348
1588,2,348
1593,2,349
1594,2,349
1595,2,349
1600,2,350
1601,2,350
1602,2,350
1603,2,350
1607,2,351
1608,2,351
1609,2,351
1610,2,352
1611,2,352
1612,2,352
1613,2,352
1616,2,353
1617,2,353
1618,2,353
1619,2,353
1623,2,354
1624,2,354
1625,2,355
1626,2,355
1631,2,356
1632,2,356
1633,2,356
1634,2,356
1635,2,357
1636,2,357
1637,2,357
1638,2,357
1643,2,358
1644,2,358
1645,2,358
1646,2,358
1655,2,361
1656,2,361
1657,2,361
1658,2,361
1664,2,363
1665,2,363
1666,2,363
1672,2,365
1673,2,365
1678,2,366
1679,2,366
1680,2,366
1685,2,367
1686,2,367
1687,2,367
1694,2,369
1695,2,369
1696,2,369
1697,2,369
1701,2,370
1702,2,370
1711,2,373
1712,2,373
1716,2,374
1717,2,374
1718,2,374
1719,2,374
1726,2,376
1727,2,376
1728,2,376
1732,2,377
1733,2,377
1734,2,377
1739,2,378
1740,2,378
1741,2,378
1742,2,378
1743,2,379
1744,2,379
1745,2,379
1746,2,379
1749,2,380
1750,2,380
1751,2,380
1754,2,381
1755,2,381
1756,2,381
1761,2,382
1762,2,382
1763,2,382
1764,2,382
1768,2,383
1769,2,383
1770,2,384
1771,2,384
1772,2,384
1775,2,385
1776,2,385
1777,2,385
1781,2,387
1782,2,387
1783,2,387
1787,2,388
1788,2,388
1789,2,388
1792,2,389
1793,2,389
1801,2,391
1802,2,391
1803,2,391
1808,2,392
1809,2,392
1819,2,395
1820,2,395
1821,2,395
1822,2,396
1823,2,396
1824,2,396
1825,2,396
1829,2,397
1830,2,397
1831,2,397
1832,2,397
1833,2,398
1834,2,398
1835,2,398
1836,2,398
1837,2,399
1838,2,399
1846,2,402
1847,2,402
1848,2,402
1853,2,403
1854,2,403
1855,2,403
1856,2,403
1857,2,405
1858,2,405
1861,2,406
1862,2,406
1863,2,406
1864,2,406
1871,2,408
1872,2,408
1873,2,408
1878,2,409
1879,2,409
1880,2,409
1884,2,410
1885,2,410
1892,2,412
1893,2,412
1894,2,412
1895,2,412
1902,2,414
1903,2,414
1904,2,414
1908,2,415
1909,2,415
1910,2,415
1913,2,416
1914,2,416
1915,2,416
1916,2,416
1921,2,417
1922,2,417
1927,2,418
1928,2,418
1929,2,418
1930,2,418
1933,2,420
1934,2,420
1935,2,420
1936,2,421
1937,2,421
1938,2,421
1939,2,421
1940,2,422
1941,2,422
1944,2,423
1945,2,423
1949,2,424
1950,2,424
1951,2,425
1952,2,425
1953,2,426
1954,2,426
1955,2,426
1964,2,428
1965,2,428
1968,2,429
1969,2,429
1970,2,429
1971,2,429
1972,2,430
1973,2,430
1974,2,430
1975,2,430
1976,2,431
1977,2,431
1978,2,431
1982,2,432
1983,2,432
1988,2,433
1989,2,433
1994,2,434
1995,2,434
1996,2,434
1997,2,434
2003,2,436
2004,2,436
2005,2,436
2008,2,437
2009,2,437
2010,2,437
2011,2,437
2014,2,438
2015,2,438
2016,2,438
2021,2,439
2022,2,439
2025,2,440
2026,2,440
2035,2,443
2036,2,443
2037,2,443
2038,2,443
2043,2,444
2044,2,444
2045,2,444
2046,2,444
2050,2,445
2051,2,445
2052,2,445
2055,2,446
2056,2,446
2061,2,447
2062,2,447
2063,2,447
2066,2,448
2067,2,448
2068,2,448
2069,2,449
2070,2,449
2071,2,449
2072,2,449
2076,2,450
2077,2,450
2078,2,450
2079,2,450
2082,2,451
2083,2,451
2084,2,451
2085,2,452
2086,2,452
2087,2,452
2088,2,452
2092,2,453
2093,2,453
2102,2,456
2103,2,456
2104,2,456
2105,2,456
2108,2,457
2109,2,457
2110,2,457
2111,2,457
2114,2,458
2115,2,458
2116,2,458
2117,2,458
2118,2,459
2119,2,459
2124,2,460
2125,2,460
2126,2,460
2127,2,460
2130,2,461
2131,2,461
2132,2,461
2133,2,461
2136,2,462
2137,2,462
2138,2,462
2142,2,463
2143,2,463
2148,2,464
2149,2,464
2150,2,464
2153,2,465
2154,2,465
2155,2,465
2162,2,467
2163,2,467
2164,2,467
2169,2,468
2170,2,468
2171,2,468
2172,2,468
2173,2,469
2174,2,469
2175,2,469
2181,2,471
2182,2,471
2183,2,471
2184,2,471
2185,2,472
2186,2,472
2189,2,473
2190,2,473
2191,2,473
2192,2,474
2193,2,474
2194,2,474
2195,2,474
2196,2,475
2197,2,475
2201,2,476
2202,2,476
2203,2,476
2204,2,476
2205,2,477
2206,2,477
2207,2,477
2210,2,478
2211,2,478
2212,2,478
2215,2,479
2216,2,479
2217,2,479
2220,2,480
2221,2,480
2225,2,481
2226,2,481
2227,2,481
2234,2,483
2235,2,483
2240,2,484
2241,2,484
2242,2,484
2243,2,485
2244,2,485
2245,2,485
2250,2,486
2251,2,486
2252,2,487
2253,2,487
2254,2,487
2257,2,488
2258,2,488
2259,2,488
2264,2,489
2265,2,489
2266,2,489
2267,2,489
2272,2,491
2273,2,491
2274,2,491
2275,2,491
2278,2,493
2279,2,493
2280,2,493
2285,2,494
2286,2,494
2289,2,496
2290,2,496
2291,2,496
2300,2,500
2301,2,500
2302,2,500
2303,2,500
2307,2,501
2308,2,501
2313,2,502
2314,2,502
2315,2,502
2323,2,504
2324,2,504
2325,2,505
2326,2,505
2327,2,505
2328,2,505
2333,2,506
2334,2,506
2335,2,507
2336,2,507
2337,2,508
2338,2,508
2339,2,508
2340,2,509
2341,2,509
2342,2,509
2349,2,511
2350,2,511
2351,2,511
2354,2,512
2355,2,512
2356,2,512
2357,2,512
2358,2,513
2359,2,513
2362,2,514
2363,2,514
2364,2,514
2365,2,514
2366,2,515
2367,2,515
2368,2,516
2369,2,516
2370,2,516
2371,2,517
2372,2,517
2375,2,518
2376,2,518
2377,2,518
2378,2,518
2379,2,519
2380,2,519
2381,2,519
2382,2,519
2389,2,521
2390,2,521
2391,2,521
2392,2,522
2393,2,522
2398,2,524
2399,2,524
2400,2,524
2401,2,524
2406,2,525
2407,2,525
2408,2,525
2409,2,525
2410,2,526
2411,2,526
2412,2,526
2413,2,526
2416,2,527
2417,2,527
2418,2,527
2419,2,527
2434,2,531
2435,2,531
2436,2,531
2437,2,531
2438,2,532
2439,2,532
2440,2,532
2441,2,532
2447,2,534
2448,2,534
2449,2,534
2457,2,536
2458,2,536
2459,2,537
2460,2,537
2461,2,537
2462,2,538
2463,2,538
2464,2,538
2470,2,541
2471,2,541
2476,2,542
2477,2,542
2482,2,544
2483,2,544
2488,2,545
2489,2,545
2490,2,546
2491,2,546
2492,2,546
2493,2,546
2494,2,547
2495,2,547
2500,2,549
2501,2,549
2508,2,551
2509,2,551
2510,2,551
2511,2,552
2512,2,552
2513,2,552
2514,2,552
2515,2,553
2516,2,553
2517,2,553
2522,2,554
2523,2,554
2524,2,554
2528,2,555
2529,2,555
2530,2,555
2531,2,555
2535,2,556
2536,2,556
2537,2,556
2538,2,556
2541,2,557
2542,2,557
2543,2,557
2544,2,558
2545,2,558
2550,2,559
2551,2,559
2552,2,559
2553,2,559
2557,2,560
2558,2,560
2567,2,562
2568,2,562
2573,2,563
2574,2,563
2575,2,563
2576,2,564
2577,2,564
2578,2,564
2585,2,567
2586,2,567
2589,2,568
2590,2,568
2595,2,570
2596,2,570
2597,2,570
2600,2,571
2601,2,571
2602,2,571
2603,2,571
2608,2,572
2609,2,572
2610,2,572
2611,2,572
2618,2,574
2619,2,574
2620,2,574
2623,2,575
2624,2,575
2625,2,575
2626,2,575
2627,2,576
2628,2,576
2629,2,576
2635,2,578
2636,2,578
2637,2,578
2642,2,579
2643,2,579
2644,2,579
2649,2,580
2650,2,580
2654,2,582
2655,2,582
2659,2,583
2660,2,583
2663,2,585
2664,2,585
2665,2,585
2666,2,585
2671,2,586
2672,2,586
2673,2,586
2674,2,586
2678,2,588
2679,2,588
2680,2,588
2681,2,588
2682,2,589
2683,2,589
2684,2,589
2685,2,589
2689,2,590
2690,2,590
2691,2,590
2692,2,590
2693,2,591
2694,2,591
2695,2,591
2698,2,592
2699,2,592
2700,2,593
2701,2,593
2702,2,593
2703,2,593
2711,2,595
2712,2,595
2713,2,595
2714,2,595
2717,2,596
2718,2,596
2719,2,596
2720,2,596
2721,2,597
2722,2,597
2723,2,597
2724,2,597
2732,2,599
2733,2,599
2736,2,600
2737,2,600
2741,2,601
2742,2,601
2745,2,602
2746,2,602
2747,2,602
2752,2,603
2753,2,603
2754,2,604
2755,2,604
2756,2,604
2757,2,605
2758,2,605
2761,2,606
2762,2,606
2763,2,606
2764,2,606
2767,2,608
2768,2,608
2769,2,608
2770,2,608
2775,2,609
2776,2,609
2777,2,609
2778,2,609
2781,2,610
2782,2,610
2783,2,610
2788,2,611
2789,2,611
2790,2,612
2791,2,612
2797,2,614
2798,2,614
2799,2,614
2800,2,615
2801,2,615
2802,2,615
2803,2,615
2806,2,616
2807,2,616
2808,2,616
2809,2,616
2813,2,618
2814,2,618
2815,2,618
2816,2,618
2819,2,619
2820,2,619
2821,2,619
2822,2,619
2825,2,620
2826,2,620
2827,2,620
2832,2,621
2833,2,621
2834,2,621
2835,2,621
2836,2,622
2837,2,622
2840,2,623
2841,2,623
2842,2,623
2846,2,624
2847,2,624
2848,2,624
2849,2,624
2853,2,625
2854,2,625
2855,2,625
2856,2,625
2857,2,626
2858,2,626
2859,2,626
2860,2,626
2861,2,627
2862,2,627
2863,2,627
2867,2,628
2868,2,628
2869,2,629
2870,2,629
2871,2,629
2872,2,629
2873,2,630
2874,2,630
2875,2,630
2879,2,631
2880,2,631
2884,2,633
2885,2,633
2886,2,633
2887,2,634
2888,2,634
2889,2,634
2890,2,634
2891,2,635
2892,2,635
2898,2,637
2899,2,637
2900,2,637
2905,2,638
2906,2,638
2907,2,638
2908,2,638
2909,2,639
2910,2,639
2911,2,639
2912,2,640
2913,2,640
2914,2,640
2918,2,641
2919,2,641
2920,2,641
2921,2,641
2925,2,643
2926,2,643
2927,2,643
2931,2,644
2932,2,644
2933,2,644
2934,2,644
2938,2,645
2939,2,645
2940,2,645
2944,2,646
2945,2,646
2949,2,647
2950,2,647
2951,2,647
2956,2,648
2957,2,648
2960,2,649
2961,2,649
2962,2,649
2963,2,649
2966,2,650
2967,2,650
2968,2,650
2969,2,650
2972,2,651
2973,2,651
2974,2,651
2975,2,651
2984,2,654
2985,2,654
2989,2,655
2990,2,655
2991,2,655
2992,2,656
2993,2,656
2998,2,657
2999,2,657
3000,2,658
3001,2,658
3002,2,658
3003,2,658
3004,2,659
3005,2,659
3008,2,660
3009,2,660
3016,2,662
3017,2,662
3021,2,663
3022,2,663
3025,2,664
3026,2,664
3027,2,664
3032,2,665
3033,2,665
3034,2,665
3038,2,666
3039,2,666
3042,2,667
3043,2,667
3046,2,668
3047,2,668
3048,2,668
3053,2,670
3054,2,670
3055,2,670
3058,2,672
3059,2,672
3060,2,672
3061,2,672
3064,2,673
3065,2,673
3073,2,676
3074,2,676
3075,2,676
3076,2,676
3080,2,677
3081,2,677
3082,2,677
3083,2,677
3090,2,679
3091,2,679
3094,2,680
3095,2,680
3096,2,680
3097,2,680
3101,2,681
3102,2,681
3103,2,681
3111,2,683
3112,2,683
3113,2,683
3114,2,683
3115,2,684
3116,2,684
3117,2,685
3118,2,685
3126,2,687
3127,2,687
3128,2,687
3129,2,687
3130,2,688
3131,2,688
3132,2,688
3133,2,688
3138,2,689
3139,2,689
3144,2,690
3145,2,690
3149,2,691
3150,2,691
3151,2,692
3152,2,692
3153,2,692
3156,2,693
3157,2,693
3158,2,693
3163,2,694
3164,2,694
3169,2,696
3170,2,696
3171,2,696
3176,2,697
3177,2,697
3178,2,697
3179,2,697
3184,2,698
3185,2,698
3186,2,698
3189,2,700
3190,2,700
3191,2,700
3196,2,702
3197,2,702
3198,2,702
3199,2,702
3200,2,703
3201,2,703
3204,2,704
3205,2,704
3206,2,704
3213,2,706
3214,2,706
3215,2,706
3216,2,706
3219,2,707
3220,2,707
3221,2,707
3222,2,707
3225,2,708
3226,2,708
3229,2,709
3230,2,709
3231,2,709
3232,2,709
3237,2,710
3238,2,710
3239,2,711
3240,2,711
3241,2,711
3242,2,711
3243,2,714
3244,2,714
3245,2,714
3250,2,715
3251,2,715
3252,2,715
3255,2,716
3256,2,716
3257,2,716
3260,2,717
3261,2,717
3262,2,718
3263,2,718
3269,2,720
3270,2,720
3271,2,720
3272,2,720
3277,2,722
3278,2,722
3283,2,723
3284,2,723
3285,2,723
3288,2,724
3289,2,724
3290,2,724
3291,2,724
3295,2,725
3296,2,725
3297,2,725
3298,2,726
3299,2,726
3300,2,726
3303,2,727
3304,2,727
3305,2,727
3309,2,728
3310,2,728
3311,2,729
3312,2,729
3313,2,729
3314,2,729
3319,2,730
3320,2,730
3321,2,730
3322,2,730
3323,2,731
3324,2,731
3325,2,731
3334,2,733
3335,2,733
3336,2,733
3339,2,734
3340,2,734
3341,2,734
3342,2,734
3346,2,735
3347,2,735
3348,2,735
3349,2,735
3356,2,737
3357,2,737
3358,2,737
3359,2,737
3364,2,738
3365,2,738
3366,2,738
3367,2,738
3370,2,739
3371,2,739
3372,2,739
3373,2,740
3374,2,740
3375,2,740
3380,2,741
3381,2,741
3384,2,743
3385,2,743
3386,2,743
3387,2,743
3390,2,744
3391,2,744
3392,2,744
3397,2,745
3398,2,745
3399,2,745
3400,2,745
3403,2,746
3404,2,746
3405,2,746
3408,2,747
3409,2,747
3410,2,747
3415,2,748
3416,2,748
3417,2,748
3418,2,748
3421,2,749
3422,2,749
3426,2,751
3427,2,751
3428,2,752
3429,2,752
3430,2,752
3435,2,753
3436,2,753
3437,2,753
3438,2,753
3439,2,754
3440,2,754
3445,2,755
3446,2,755
3447,2,755
3448,2,756
3449,2,756
3450,2,756
3454,2,757
3455,2,757
3456,2,758
3457,2,758
3458,2,758
3461,2,759
3462,2,759
3463,2,759
3464,2,759
3468,2,760
3469,2,760
3470,2,760
3471,2,760
3472,2,761
3473,2,761
3474,2,761
3475,2,762
3476,2,762
3477,2,762
3478,2,762
3482,2,763
3483,2,763
3488,2,764
3489,2,764
3490,2,764
3491,2,764
3503,2,767
3504,2,767
3505,2,767
3506,2,767
3510,2,768
3511,2,768
3512,2,768
3513,2,769
3514,2,769
3515,2,770
3516,2,770
3517,2,770
3521,2,771
3522,2,771
3523,2,771
3524,2,771
3529,2,772
3530,2,772
3535,2,773
3536,2,773
3537,2,773
3538,2,773
3546,2,775
3547,2,775
3550,2,776
3551,2,776
3552,2,776
3556,2,777
3557,2,777
3558,2,777
3563,2,778
3564,2,778
3565,2,779
3566,2,779
3567,2,780
3568,2,780
3569,2,780
3570,2,781
3571,2,781
3575,2,782
3576,2,782
3577,2,782
3585,2,784
3586,2,784
3587,2,784
3592,2,785
3593,2,785
3597,2,786
3598,2,786
3599,2,786
3600,2,786
3606,2,788
3607,2,788
3612,2,789
3613,2,789
3614,2,789
3615,2,789
3620,2,790
3621,2,790
3622,2,790
3625,2,791
3626,2,791
3627,2,791
3628,2,791
3629,2,792
3630,2,792
3631,2,792
3638,2,794
3639,2,794
3646,2,796
3647,2,796
3648,2,796
3651,2,797
3652,2,797
3653,2,797
3656,2,798
3657,2,798
3662,2,800
3663,2,800
3664,2,800
3665,2,800
3670,2,803
3671,2,803
3676,2,804
3677,2,804
3678,2,804
3681,2,805
3682,2,805
3683,2,805
3687,2,806
3688,2,806
3692,2,807
3693,2,807
3694,2,808
3695,2,808
3696,2,809
3697,2,809
3698,2,809
3699,2,809
3704,2,810
3705,2,810
3706,2,810
3713,2,812
3714,2,812
3715,2,812
3716,2,813
3717,2,813
3718,2,813
3719,2,813
3723,2,814
3724,2,814
3725,2,814
3726,2,814
3734,2,816
3735,2,816
3736,2,816
3742,2,818
3743,2,818
3751,2,820
3752,2,820
3753,2,821
3754,2,821
3755,2,821
3756,2,821
3757,2,822
3758,2,822
3762,2,823
3763,2,823
3764,2,823
3765,2,823
3766,2,824
3767,2,824
3768,2,824
3769,2,824
3773,2,826
3774,2,826
3777,2,827
3778,2,827
3779,2,827
3780,2,827
3781,2,828
3782,2,828
3783,2,828
3784,2,828
3787,2,829
3788,2,829
3789,2,829
3790,2,830
3791,2,830
3792,2,830
3793,2,830
3804,2,833
3805,2,833
3806,2,833
3807,2,833
3808,2,834
3809,2,834
3810,2,834
3815,2,835
3816,2,835
3817,2,835
3818,2,835
3822,2,837
3823,2,837
3824,2,837
3827,2,838
3828,2,838
3829,2,838
3830,2,838
3831,2,839
3832,2,839
3840,2,841
3841,2,841
3842,2,841
3843,2,841
3846,2,842
3847,2,842
3852,2,843
3853,2,843
3854,2,843
3857,2,844
3858,2,844
3863,2,845
3864,2,845
3865,2,845
3870,2,846
3871,2,846
3872,2,846
3873,2,846
3874,2,847
3875,2,847
3876,2,847
3877,2,847
3885,2,849
3886,2,849
3887,2,849
3888,2,849
3892,2,850
3893,2,850
3894,2,850
3895,2,850
3899,2,851
3900,2,851
3901,2,851
3906,2,852
3907,2,852
3908,2,852
3912,2,854
3913,2,854
3914,2,854
3915,2,854
3918,2,855
3919,2,855
3924,2,856
3925,2,856
3926,2,856
3927,2,856
3931,2,857
3932,2,857
3933,2,857
3934,2,857
3935,2,858
3936,2,858
3937,2,858
3938,2,858
3942,2,859
3943,2,859
3944,2,859
3948,2,861
3949,2,861
3950,2,861
3954,2,862
3955,2,862
3960,2,863
3961,2,863
3962,2,863
3967,2,864
3968,2,864
3973,2,865
3974,2,865
3975,2,866
3976,2,866
3988,2,869
3989,2,869
3990,2,869
3995,2,870
3996,2,870
3997,2,870
3998,2,870
4001,2,871
4002,2,871
4003,2,871
4004,2,872
4005,2,872
4006,2,872
4011,2,873
4012,2,873
4013,2,873
4014,2,873
4018,2,875
4019,2,875
4020,2,875
4021,2,875
4027,2,877
4028,2,877
4029,2,878
4030,2,878
4031,2,878
4032,2,878
4037,2,879
4038,2,879
4039,2,879
4044,2,880
4045,2,880
4046,2,880
4047,2,880
4048,2,881
4049,2,881
4050,2,881
4051,2,881
4056,2,883
4057,2,883
4058,2,884
4059,2,884
4060,2,884
4071,2,887
4072,2,887
4083,2,890
4084,2,890
4085,2,890
4086,2,890
4090,2,891
4091,2,891
4092,2,891
4093,2,891
4097,2,892
4098,2,892
4099,2,892
4100,2,892
4105,2,893
4106,2,893
4107,2,893
4108,2,893
4112,2,894
4113,2,894
4118,2,895
4119,2,895
4120,2,895
4123,2,896
4124,2,896
4129,2,897
4130,2,897
4131,2,897
4132,2,897
4136,2,898
4137,2,898
4143,2,900
4144,2,900
4149,2,901
4150,2,901
4151,2,901
4156,2,902
4157,2,902
4158,2,902
4159,2,903
4160,2,903
4168,2,906
4169,2,906
4170,2,906
4177,2,908
4178,2,908
4179,2,910
4180,2,910
4185,2,911
4186,2,911
4187,2,911
4188,2,911
4192,2,912
4193,2,912
4194,2,912
4199,2,913
4200,2,913
4203,2,914
4204,2,914
4205,2,914
4206,2,914
4211,2,915
4212,2,915
4215,2,916
4216,2,916
4220,2,917
4221,2,917
4222,2,918
4223,2,918
4224,2,918
4225,2,918
4233,2,920
4234,2,920
4237,2,921
4238,2,921
4242,2,922
4243,2,922
4244,2,922
4245,2,922
4246,2,923
4247,2,923
4248,2,923
4251,2,924
4252,2,924
4253,2,924
4257,2,925
4258,2,925
4259,2,926
4260,2,926
4275,2,930
4276,2,930
4277,2,930
4278,2,931
4279,2,931
4280,2,931
4283,2,932
4284,2,932
4288,2,934
4289,2,934
4290,2,934
4291,2,935
4292,2,935
4295,2,936
4296,2,936
4297,2,936
4298,2,936
4301,2,937
4302,2,937
4303,2,937
4308,2,938
4309,2,938
4310,2,939
4311,2,939
4312,2,939
4313,2,939
4321,2,941
4322,2,941
4323,2,941
4326,2,942
4327,2,942
4330,2,944
4331,2,944
4332,2,944
4337,2,945
4338,2,945
4339,2,945
4340,2,945
4341,2,946
4342,2,946
4343,2,946
4344,2,946
4349,2,948
4350,2,948
4351,2,948
4352,2,948
4357,2,949
4358,2,949
4362,2,951
4363,2,951
4364,2,951
4365,2,951
4373,2,953
4374,2,953
4382,2,957
4383,2,957
4387,2,958
4388,2,958
4389,2,958
4392,2,960
4393,2,960
4394,2,960
4398,2,961
4399,2,961
4406,2,963
4407,2,963
4408,2,963
4412,2,964
4413,2,964
4418,2,966
4419,2,966
4420,2,966
4421,2,966
4425,2,967
4426,2,967
4437,2,970
4438,2,970
4439,2,970
4440,2,970
4448,2,972
4449,2,972
4450,2,972
4455,2,973
4456,2,973
4457,2,973
4458,2,973
4463,2,975
4464,2,975
4465,2,975
4468,2,976
4469,2,976
4470,2,976
4471,2,976
4472,2,977
4473,2,977
4474,2,977
4482,2,979
4483,2,979
4484,2,979
4488,2,980
4489,2,980
4493,2,981
4494,2,981
4495,2,981
4499,2,982
4500,2,982
4501,2,982
4502,2,982
4512,2,985
4513,2,985
4514,2,985
4519,2,986
4520,2,986
4523,2,987
4524,2,987
4528,2,988
4529,2,988
4534,2,989
4535,2,989
4536,2,990
4537,2,990
4540,2,991
4541,2,991
4542,2,991
4543,2,992
4544,2,992
4545,2,992
4546,2,992
4551,2,993
4552,2,993
4553,2,993
4561,2,995
4562,2,995
4567,2,998
4568,2,998
4571,2,999
4572,2,999
4573,2,999
4578,2,1000
4579,2,1000
4580,2,1000
4581,2,1000
